case_id,type,turn_1_expected,turn_1,turn_2_expected,turn_2,turn_3_expected,turn_3,turn_4_expected,turn_4
1,product_context,product_price,iPhone 16 giá bao nhiêu,ProductAvailabilityIntent,máy này còn hàng không,StoreInfoIntent,shop mở cửa lúc mấy giờ,ProductPriceIntent,giá bao nhiêu
2,product_context,product_price,iPhone 16 giá bao nhiêu,ProductAvailabilityIntent,máy này còn hàng không,StoreInfoIntent,shop mở cửa lúc mấy giờ,ProductAvailabilityIntent,còn hàng không
3,product_context,product_price,iPhone 16 giá bao nhiêu,ProductAvailabilityIntent,máy này còn hàng không,StoreInfoIntent,shop mở cửa lúc mấy giờ,WarrantyPolicyIntent,bảo hành bao lâu
4,product_context,product_price,iPhone 16 giá bao nhiêu,ProductAvailabilityIntent,máy này còn hàng không,StoreInfoIntent,shop mở cửa lúc mấy giờ,ProductCameraIntent,camera thế nào
5,product_context,product_price,iPhone 16 giá bao nhiêu,ProductAvailabilityIntent,máy này còn hàng không,StoreInfoIntent,shop mở cửa lúc mấy giờ,ProductBatteryIntent,pin có tốt không
6,product_context,product_price,iPhone 16 giá bao nhiêu,ProductAvailabilityIntent,máy này còn hàng không,GreetingIntent,xin chào shop,ProductPriceIntent,giá bao nhiêu
7,product_context,product_price,iPhone 16 giá bao nhiêu,ProductAvailabilityIntent,máy này còn hàng không,GreetingIntent,xin chào shop,ProductAvailabilityIntent,còn hàng không
8,product_context,product_price,iPhone 16 giá bao nhiêu,ProductAvailabilityIntent,máy này còn hàng không,GreetingIntent,xin chào shop,WarrantyPolicyIntent,bảo hành bao lâu
9,product_context,product_price,iPhone 16 giá bao nhiêu,ProductAvailabilityIntent,máy này còn hàng không,GreetingIntent,xin chào shop,ProductCameraIntent,camera thế nào
10,product_context,product_price,iPhone 16 giá bao nhiêu,ProductAvailabilityIntent,máy này còn hàng không,GreetingIntent,xin chào shop,ProductBatteryIntent,pin có tốt không
11,product_context,product_price,iPhone 16 giá bao nhiêu,ProductAvailabilityIntent,máy này còn hàng không,FallbackIntent,kể cho tôi chuyện cổ tích,ProductPriceIntent,giá bao nhiêu
12,product_context,product_price,iPhone 16 giá bao nhiêu,ProductAvailabilityIntent,máy này còn hàng không,FallbackIntent,kể cho tôi chuyện cổ tích,ProductAvailabilityIntent,còn hàng không
13,product_context,product_price,iPhone 16 giá bao nhiêu,ProductAvailabilityIntent,máy này còn hàng không,FallbackIntent,kể cho tôi chuyện cổ tích,WarrantyPolicyIntent,bảo hành bao lâu
14,product_context,product_price,iPhone 16 giá bao nhiêu,ProductAvailabilityIntent,máy này còn hàng không,FallbackIntent,kể cho tôi chuyện cổ tích,ProductCameraIntent,camera thế nào
15,product_context,product_price,iPhone 16 giá bao nhiêu,ProductAvailabilityIntent,máy này còn hàng không,FallbackIntent,kể cho tôi chuyện cổ tích,ProductBatteryIntent,pin có tốt không
16,product_context,product_price,iPhone 16 giá bao nhiêu,ProductAvailabilityIntent,máy này còn hàng không,HumanHandoffIntent,cho tôi gặp nhân viên,ProductPriceIntent,giá bao nhiêu
17,product_context,product_price,iPhone 16 giá bao nhiêu,ProductAvailabilityIntent,máy này còn hàng không,HumanHandoffIntent,cho tôi gặp nhân viên,ProductAvailabilityIntent,còn hàng không
18,product_context,product_price,iPhone 16 giá bao nhiêu,ProductAvailabilityIntent,máy này còn hàng không,HumanHandoffIntent,cho tôi gặp nhân viên,WarrantyPolicyIntent,bảo hành bao lâu
19,product_context,product_price,iPhone 16 giá bao nhiêu,ProductAvailabilityIntent,máy này còn hàng không,HumanHandoffIntent,cho tôi gặp nhân viên,ProductCameraIntent,camera thế nào
20,product_context,product_price,iPhone 16 giá bao nhiêu,ProductAvailabilityIntent,máy này còn hàng không,HumanHandoffIntent,cho tôi gặp nhân viên,ProductBatteryIntent,pin có tốt không
21,product_context,product_price,iPhone 16 giá bao nhiêu,ProductAvailabilityIntent,máy này còn hàng không,OrderHistoryIntent,xem lịch sử đơn hàng,ProductPriceIntent,giá bao nhiêu
22,product_context,product_price,iPhone 16 giá bao nhiêu,ProductAvailabilityIntent,máy này còn hàng không,OrderHistoryIntent,xem lịch sử đơn hàng,ProductAvailabilityIntent,còn hàng không
23,product_context,product_price,iPhone 16 giá bao nhiêu,ProductAvailabilityIntent,máy này còn hàng không,OrderHistoryIntent,xem lịch sử đơn hàng,WarrantyPolicyIntent,bảo hành bao lâu
24,product_context,product_price,iPhone 16 giá bao nhiêu,ProductAvailabilityIntent,máy này còn hàng không,OrderHistoryIntent,xem lịch sử đơn hàng,ProductCameraIntent,camera thế nào
25,product_context,product_price,iPhone 16 giá bao nhiêu,ProductAvailabilityIntent,máy này còn hàng không,OrderHistoryIntent,xem lịch sử đơn hàng,ProductBatteryIntent,pin có tốt không
26,product_context,product_price,iPhone 16 giá bao nhiêu,ProductAvailabilityIntent,máy này còn hàng không,OrderStatusIntent,đơn của tôi đang ở đâu,ProductPriceIntent,giá bao nhiêu
27,product_context,product_price,iPhone 16 giá bao nhiêu,ProductAvailabilityIntent,máy này còn hàng không,OrderStatusIntent,đơn của tôi đang ở đâu,ProductAvailabilityIntent,còn hàng không
28,product_context,product_price,iPhone 16 giá bao nhiêu,ProductAvailabilityIntent,máy này còn hàng không,OrderStatusIntent,đơn của tôi đang ở đâu,WarrantyPolicyIntent,bảo hành bao lâu
29,product_context,product_price,iPhone 16 giá bao nhiêu,ProductAvailabilityIntent,máy này còn hàng không,OrderStatusIntent,đơn của tôi đang ở đâu,ProductCameraIntent,camera thế nào
30,product_context,product_price,iPhone 16 giá bao nhiêu,ProductAvailabilityIntent,máy này còn hàng không,OrderStatusIntent,đơn của tôi đang ở đâu,ProductBatteryIntent,pin có tốt không
31,product_context,product_price,iPhone 16 giá bao nhiêu,ProductAvailabilityIntent,máy này còn hàng không,OrderDetailIntent,xem chi tiết đơn hàng,ProductPriceIntent,giá bao nhiêu
32,product_context,product_price,iPhone 16 giá bao nhiêu,ProductAvailabilityIntent,máy này còn hàng không,OrderDetailIntent,xem chi tiết đơn hàng,ProductAvailabilityIntent,còn hàng không
33,product_context,product_price,iPhone 16 giá bao nhiêu,ProductAvailabilityIntent,máy này còn hàng không,OrderDetailIntent,xem chi tiết đơn hàng,WarrantyPolicyIntent,bảo hành bao lâu
34,product_context,product_price,iPhone 16 giá bao nhiêu,ProductAvailabilityIntent,máy này còn hàng không,OrderDetailIntent,xem chi tiết đơn hàng,ProductCameraIntent,camera thế nào
35,product_context,product_price,iPhone 16 giá bao nhiêu,ProductAvailabilityIntent,máy này còn hàng không,OrderDetailIntent,xem chi tiết đơn hàng,ProductBatteryIntent,pin có tốt không
36,product_context,product_price,iPhone 16 giá bao nhiêu,ProductAvailabilityIntent,máy này còn hàng không,OrderCancelIntent,tôi muốn hủy đơn,ProductPriceIntent,giá bao nhiêu
37,product_context,product_price,iPhone 16 giá bao nhiêu,ProductAvailabilityIntent,máy này còn hàng không,OrderCancelIntent,tôi muốn hủy đơn,ProductAvailabilityIntent,còn hàng không
38,product_context,product_price,iPhone 16 giá bao nhiêu,ProductAvailabilityIntent,máy này còn hàng không,OrderCancelIntent,tôi muốn hủy đơn,WarrantyPolicyIntent,bảo hành bao lâu
39,product_context,product_price,iPhone 16 giá bao nhiêu,ProductAvailabilityIntent,máy này còn hàng không,OrderCancelIntent,tôi muốn hủy đơn,ProductCameraIntent,camera thế nào
40,product_context,product_price,iPhone 16 giá bao nhiêu,ProductAvailabilityIntent,máy này còn hàng không,OrderCancelIntent,tôi muốn hủy đơn,ProductBatteryIntent,pin có tốt không
41,product_context,product_price,iPhone 16 giá bao nhiêu,ProductAvailabilityIntent,máy này còn hàng không,OrderModifyIntent,tôi muốn sửa đơn,ProductPriceIntent,giá bao nhiêu
42,product_context,product_price,iPhone 16 giá bao nhiêu,ProductAvailabilityIntent,máy này còn hàng không,OrderModifyIntent,tôi muốn sửa đơn,ProductAvailabilityIntent,còn hàng không
43,product_context,product_price,iPhone 16 giá bao nhiêu,ProductAvailabilityIntent,máy này còn hàng không,OrderModifyIntent,tôi muốn sửa đơn,WarrantyPolicyIntent,bảo hành bao lâu
44,product_context,product_price,iPhone 16 giá bao nhiêu,ProductAvailabilityIntent,máy này còn hàng không,OrderModifyIntent,tôi muốn sửa đơn,ProductCameraIntent,camera thế nào
45,product_context,product_price,iPhone 16 giá bao nhiêu,ProductAvailabilityIntent,máy này còn hàng không,OrderModifyIntent,tôi muốn sửa đơn,ProductBatteryIntent,pin có tốt không
46,product_context,product_price,iPhone 16 giá bao nhiêu,ProductAvailabilityIntent,máy này còn hàng không,RefundStatusIntent,bao giờ tôi được hoàn tiền,ProductPriceIntent,giá bao nhiêu
47,product_context,product_price,iPhone 16 giá bao nhiêu,ProductAvailabilityIntent,máy này còn hàng không,RefundStatusIntent,bao giờ tôi được hoàn tiền,ProductAvailabilityIntent,còn hàng không
48,product_context,product_price,iPhone 16 giá bao nhiêu,ProductAvailabilityIntent,máy này còn hàng không,RefundStatusIntent,bao giờ tôi được hoàn tiền,WarrantyPolicyIntent,bảo hành bao lâu
49,product_context,product_price,iPhone 16 giá bao nhiêu,ProductAvailabilityIntent,máy này còn hàng không,RefundStatusIntent,bao giờ tôi được hoàn tiền,ProductCameraIntent,camera thế nào
50,product_context,product_price,iPhone 16 giá bao nhiêu,ProductAvailabilityIntent,máy này còn hàng không,RefundStatusIntent,bao giờ tôi được hoàn tiền,ProductBatteryIntent,pin có tốt không
51,product_context,product_price,iPhone 16 giá bao nhiêu,WarrantyPolicyIntent,máy này bảo hành bao lâu,StoreInfoIntent,shop mở cửa lúc mấy giờ,ProductPriceIntent,giá bao nhiêu
52,product_context,product_price,iPhone 16 giá bao nhiêu,WarrantyPolicyIntent,máy này bảo hành bao lâu,StoreInfoIntent,shop mở cửa lúc mấy giờ,ProductAvailabilityIntent,còn hàng không
53,product_context,product_price,iPhone 16 giá bao nhiêu,WarrantyPolicyIntent,máy này bảo hành bao lâu,StoreInfoIntent,shop mở cửa lúc mấy giờ,WarrantyPolicyIntent,bảo hành bao lâu
54,product_context,product_price,iPhone 16 giá bao nhiêu,WarrantyPolicyIntent,máy này bảo hành bao lâu,StoreInfoIntent,shop mở cửa lúc mấy giờ,ProductCameraIntent,camera thế nào
55,product_context,product_price,iPhone 16 giá bao nhiêu,WarrantyPolicyIntent,máy này bảo hành bao lâu,StoreInfoIntent,shop mở cửa lúc mấy giờ,ProductBatteryIntent,pin có tốt không
56,product_context,product_price,iPhone 16 giá bao nhiêu,WarrantyPolicyIntent,máy này bảo hành bao lâu,GreetingIntent,xin chào shop,ProductPriceIntent,giá bao nhiêu
57,product_context,product_price,iPhone 16 giá bao nhiêu,WarrantyPolicyIntent,máy này bảo hành bao lâu,GreetingIntent,xin chào shop,ProductAvailabilityIntent,còn hàng không
58,product_context,product_price,iPhone 16 giá bao nhiêu,WarrantyPolicyIntent,máy này bảo hành bao lâu,GreetingIntent,xin chào shop,WarrantyPolicyIntent,bảo hành bao lâu
59,product_context,product_price,iPhone 16 giá bao nhiêu,WarrantyPolicyIntent,máy này bảo hành bao lâu,GreetingIntent,xin chào shop,ProductCameraIntent,camera thế nào
60,product_context,product_price,iPhone 16 giá bao nhiêu,WarrantyPolicyIntent,máy này bảo hành bao lâu,GreetingIntent,xin chào shop,ProductBatteryIntent,pin có tốt không
61,product_context,product_price,iPhone 16 giá bao nhiêu,WarrantyPolicyIntent,máy này bảo hành bao lâu,FallbackIntent,kể cho tôi chuyện cổ tích,ProductPriceIntent,giá bao nhiêu
62,product_context,product_price,iPhone 16 giá bao nhiêu,WarrantyPolicyIntent,máy này bảo hành bao lâu,FallbackIntent,kể cho tôi chuyện cổ tích,ProductAvailabilityIntent,còn hàng không
63,product_context,product_price,iPhone 16 giá bao nhiêu,WarrantyPolicyIntent,máy này bảo hành bao lâu,FallbackIntent,kể cho tôi chuyện cổ tích,WarrantyPolicyIntent,bảo hành bao lâu
64,product_context,product_price,iPhone 16 giá bao nhiêu,WarrantyPolicyIntent,máy này bảo hành bao lâu,FallbackIntent,kể cho tôi chuyện cổ tích,ProductCameraIntent,camera thế nào
65,product_context,product_price,iPhone 16 giá bao nhiêu,WarrantyPolicyIntent,máy này bảo hành bao lâu,FallbackIntent,kể cho tôi chuyện cổ tích,ProductBatteryIntent,pin có tốt không
66,product_context,product_price,iPhone 16 giá bao nhiêu,WarrantyPolicyIntent,máy này bảo hành bao lâu,HumanHandoffIntent,cho tôi gặp nhân viên,ProductPriceIntent,giá bao nhiêu
67,product_context,product_price,iPhone 16 giá bao nhiêu,WarrantyPolicyIntent,máy này bảo hành bao lâu,HumanHandoffIntent,cho tôi gặp nhân viên,ProductAvailabilityIntent,còn hàng không
68,product_context,product_price,iPhone 16 giá bao nhiêu,WarrantyPolicyIntent,máy này bảo hành bao lâu,HumanHandoffIntent,cho tôi gặp nhân viên,WarrantyPolicyIntent,bảo hành bao lâu
69,product_context,product_price,iPhone 16 giá bao nhiêu,WarrantyPolicyIntent,máy này bảo hành bao lâu,HumanHandoffIntent,cho tôi gặp nhân viên,ProductCameraIntent,camera thế nào
70,product_context,product_price,iPhone 16 giá bao nhiêu,WarrantyPolicyIntent,máy này bảo hành bao lâu,HumanHandoffIntent,cho tôi gặp nhân viên,ProductBatteryIntent,pin có tốt không
71,product_context,product_price,iPhone 16 giá bao nhiêu,WarrantyPolicyIntent,máy này bảo hành bao lâu,OrderHistoryIntent,xem lịch sử đơn hàng,ProductPriceIntent,giá bao nhiêu
72,product_context,product_price,iPhone 16 giá bao nhiêu,WarrantyPolicyIntent,máy này bảo hành bao lâu,OrderHistoryIntent,xem lịch sử đơn hàng,ProductAvailabilityIntent,còn hàng không
73,product_context,product_price,iPhone 16 giá bao nhiêu,WarrantyPolicyIntent,máy này bảo hành bao lâu,OrderHistoryIntent,xem lịch sử đơn hàng,WarrantyPolicyIntent,bảo hành bao lâu
74,product_context,product_price,iPhone 16 giá bao nhiêu,WarrantyPolicyIntent,máy này bảo hành bao lâu,OrderHistoryIntent,xem lịch sử đơn hàng,ProductCameraIntent,camera thế nào
75,product_context,product_price,iPhone 16 giá bao nhiêu,WarrantyPolicyIntent,máy này bảo hành bao lâu,OrderHistoryIntent,xem lịch sử đơn hàng,ProductBatteryIntent,pin có tốt không
76,product_context,product_price,iPhone 16 giá bao nhiêu,WarrantyPolicyIntent,máy này bảo hành bao lâu,OrderStatusIntent,đơn của tôi đang ở đâu,ProductPriceIntent,giá bao nhiêu
77,product_context,product_price,iPhone 16 giá bao nhiêu,WarrantyPolicyIntent,máy này bảo hành bao lâu,OrderStatusIntent,đơn của tôi đang ở đâu,ProductAvailabilityIntent,còn hàng không
78,product_context,product_price,iPhone 16 giá bao nhiêu,WarrantyPolicyIntent,máy này bảo hành bao lâu,OrderStatusIntent,đơn của tôi đang ở đâu,WarrantyPolicyIntent,bảo hành bao lâu
79,product_context,product_price,iPhone 16 giá bao nhiêu,WarrantyPolicyIntent,máy này bảo hành bao lâu,OrderStatusIntent,đơn của tôi đang ở đâu,ProductCameraIntent,camera thế nào
80,product_context,product_price,iPhone 16 giá bao nhiêu,WarrantyPolicyIntent,máy này bảo hành bao lâu,OrderStatusIntent,đơn của tôi đang ở đâu,ProductBatteryIntent,pin có tốt không
81,product_context,product_price,iPhone 16 giá bao nhiêu,WarrantyPolicyIntent,máy này bảo hành bao lâu,OrderDetailIntent,xem chi tiết đơn hàng,ProductPriceIntent,giá bao nhiêu
82,product_context,product_price,iPhone 16 giá bao nhiêu,WarrantyPolicyIntent,máy này bảo hành bao lâu,OrderDetailIntent,xem chi tiết đơn hàng,ProductAvailabilityIntent,còn hàng không
83,product_context,product_price,iPhone 16 giá bao nhiêu,WarrantyPolicyIntent,máy này bảo hành bao lâu,OrderDetailIntent,xem chi tiết đơn hàng,WarrantyPolicyIntent,bảo hành bao lâu
84,product_context,product_price,iPhone 16 giá bao nhiêu,WarrantyPolicyIntent,máy này bảo hành bao lâu,OrderDetailIntent,xem chi tiết đơn hàng,ProductCameraIntent,camera thế nào
85,product_context,product_price,iPhone 16 giá bao nhiêu,WarrantyPolicyIntent,máy này bảo hành bao lâu,OrderDetailIntent,xem chi tiết đơn hàng,ProductBatteryIntent,pin có tốt không
86,product_context,product_price,iPhone 16 giá bao nhiêu,WarrantyPolicyIntent,máy này bảo hành bao lâu,OrderCancelIntent,tôi muốn hủy đơn,ProductPriceIntent,giá bao nhiêu
87,product_context,product_price,iPhone 16 giá bao nhiêu,WarrantyPolicyIntent,máy này bảo hành bao lâu,OrderCancelIntent,tôi muốn hủy đơn,ProductAvailabilityIntent,còn hàng không
88,product_context,product_price,iPhone 16 giá bao nhiêu,WarrantyPolicyIntent,máy này bảo hành bao lâu,OrderCancelIntent,tôi muốn hủy đơn,WarrantyPolicyIntent,bảo hành bao lâu
89,product_context,product_price,iPhone 16 giá bao nhiêu,WarrantyPolicyIntent,máy này bảo hành bao lâu,OrderCancelIntent,tôi muốn hủy đơn,ProductCameraIntent,camera thế nào
90,product_context,product_price,iPhone 16 giá bao nhiêu,WarrantyPolicyIntent,máy này bảo hành bao lâu,OrderCancelIntent,tôi muốn hủy đơn,ProductBatteryIntent,pin có tốt không
91,product_context,product_price,iPhone 16 giá bao nhiêu,WarrantyPolicyIntent,máy này bảo hành bao lâu,OrderModifyIntent,tôi muốn sửa đơn,ProductPriceIntent,giá bao nhiêu
92,product_context,product_price,iPhone 16 giá bao nhiêu,WarrantyPolicyIntent,máy này bảo hành bao lâu,OrderModifyIntent,tôi muốn sửa đơn,ProductAvailabilityIntent,còn hàng không
93,product_context,product_price,iPhone 16 giá bao nhiêu,WarrantyPolicyIntent,máy này bảo hành bao lâu,OrderModifyIntent,tôi muốn sửa đơn,WarrantyPolicyIntent,bảo hành bao lâu
94,product_context,product_price,iPhone 16 giá bao nhiêu,WarrantyPolicyIntent,máy này bảo hành bao lâu,OrderModifyIntent,tôi muốn sửa đơn,ProductCameraIntent,camera thế nào
95,product_context,product_price,iPhone 16 giá bao nhiêu,WarrantyPolicyIntent,máy này bảo hành bao lâu,OrderModifyIntent,tôi muốn sửa đơn,ProductBatteryIntent,pin có tốt không
96,product_context,product_price,iPhone 16 giá bao nhiêu,WarrantyPolicyIntent,máy này bảo hành bao lâu,RefundStatusIntent,bao giờ tôi được hoàn tiền,ProductPriceIntent,giá bao nhiêu
97,product_context,product_price,iPhone 16 giá bao nhiêu,WarrantyPolicyIntent,máy này bảo hành bao lâu,RefundStatusIntent,bao giờ tôi được hoàn tiền,ProductAvailabilityIntent,còn hàng không
98,product_context,product_price,iPhone 16 giá bao nhiêu,WarrantyPolicyIntent,máy này bảo hành bao lâu,RefundStatusIntent,bao giờ tôi được hoàn tiền,WarrantyPolicyIntent,bảo hành bao lâu
99,product_context,product_price,iPhone 16 giá bao nhiêu,WarrantyPolicyIntent,máy này bảo hành bao lâu,RefundStatusIntent,bao giờ tôi được hoàn tiền,ProductCameraIntent,camera thế nào
100,product_context,product_price,iPhone 16 giá bao nhiêu,WarrantyPolicyIntent,máy này bảo hành bao lâu,RefundStatusIntent,bao giờ tôi được hoàn tiền,ProductBatteryIntent,pin có tốt không
101,product_context,product_price,iPhone 16 giá bao nhiêu,ProductCameraIntent,camera máy này thế nào,StoreInfoIntent,shop mở cửa lúc mấy giờ,ProductPriceIntent,giá bao nhiêu
102,product_context,product_price,iPhone 16 giá bao nhiêu,ProductCameraIntent,camera máy này thế nào,StoreInfoIntent,shop mở cửa lúc mấy giờ,ProductAvailabilityIntent,còn hàng không
103,product_context,product_price,iPhone 16 giá bao nhiêu,ProductCameraIntent,camera máy này thế nào,StoreInfoIntent,shop mở cửa lúc mấy giờ,WarrantyPolicyIntent,bảo hành bao lâu
104,product_context,product_price,iPhone 16 giá bao nhiêu,ProductCameraIntent,camera máy này thế nào,StoreInfoIntent,shop mở cửa lúc mấy giờ,ProductCameraIntent,camera thế nào
105,product_context,product_price,iPhone 16 giá bao nhiêu,ProductCameraIntent,camera máy này thế nào,StoreInfoIntent,shop mở cửa lúc mấy giờ,ProductBatteryIntent,pin có tốt không
106,product_context,product_price,iPhone 16 giá bao nhiêu,ProductCameraIntent,camera máy này thế nào,GreetingIntent,xin chào shop,ProductPriceIntent,giá bao nhiêu
107,product_context,product_price,iPhone 16 giá bao nhiêu,ProductCameraIntent,camera máy này thế nào,GreetingIntent,xin chào shop,ProductAvailabilityIntent,còn hàng không
108,product_context,product_price,iPhone 16 giá bao nhiêu,ProductCameraIntent,camera máy này thế nào,GreetingIntent,xin chào shop,WarrantyPolicyIntent,bảo hành bao lâu
109,product_context,product_price,iPhone 16 giá bao nhiêu,ProductCameraIntent,camera máy này thế nào,GreetingIntent,xin chào shop,ProductCameraIntent,camera thế nào
110,product_context,product_price,iPhone 16 giá bao nhiêu,ProductCameraIntent,camera máy này thế nào,GreetingIntent,xin chào shop,ProductBatteryIntent,pin có tốt không
111,product_context,product_price,iPhone 16 giá bao nhiêu,ProductCameraIntent,camera máy này thế nào,FallbackIntent,kể cho tôi chuyện cổ tích,ProductPriceIntent,giá bao nhiêu
112,product_context,product_price,iPhone 16 giá bao nhiêu,ProductCameraIntent,camera máy này thế nào,FallbackIntent,kể cho tôi chuyện cổ tích,ProductAvailabilityIntent,còn hàng không
113,product_context,product_price,iPhone 16 giá bao nhiêu,ProductCameraIntent,camera máy này thế nào,FallbackIntent,kể cho tôi chuyện cổ tích,WarrantyPolicyIntent,bảo hành bao lâu
114,product_context,product_price,iPhone 16 giá bao nhiêu,ProductCameraIntent,camera máy này thế nào,FallbackIntent,kể cho tôi chuyện cổ tích,ProductCameraIntent,camera thế nào
115,product_context,product_price,iPhone 16 giá bao nhiêu,ProductCameraIntent,camera máy này thế nào,FallbackIntent,kể cho tôi chuyện cổ tích,ProductBatteryIntent,pin có tốt không
116,product_context,product_price,iPhone 16 giá bao nhiêu,ProductCameraIntent,camera máy này thế nào,HumanHandoffIntent,cho tôi gặp nhân viên,ProductPriceIntent,giá bao nhiêu
117,product_context,product_price,iPhone 16 giá bao nhiêu,ProductCameraIntent,camera máy này thế nào,HumanHandoffIntent,cho tôi gặp nhân viên,ProductAvailabilityIntent,còn hàng không
118,product_context,product_price,iPhone 16 giá bao nhiêu,ProductCameraIntent,camera máy này thế nào,HumanHandoffIntent,cho tôi gặp nhân viên,WarrantyPolicyIntent,bảo hành bao lâu
119,product_context,product_price,iPhone 16 giá bao nhiêu,ProductCameraIntent,camera máy này thế nào,HumanHandoffIntent,cho tôi gặp nhân viên,ProductCameraIntent,camera thế nào
120,product_context,product_price,iPhone 16 giá bao nhiêu,ProductCameraIntent,camera máy này thế nào,HumanHandoffIntent,cho tôi gặp nhân viên,ProductBatteryIntent,pin có tốt không
121,product_context,product_price,iPhone 16 giá bao nhiêu,ProductCameraIntent,camera máy này thế nào,OrderHistoryIntent,xem lịch sử đơn hàng,ProductPriceIntent,giá bao nhiêu
122,product_context,product_price,iPhone 16 giá bao nhiêu,ProductCameraIntent,camera máy này thế nào,OrderHistoryIntent,xem lịch sử đơn hàng,ProductAvailabilityIntent,còn hàng không
123,product_context,product_price,iPhone 16 giá bao nhiêu,ProductCameraIntent,camera máy này thế nào,OrderHistoryIntent,xem lịch sử đơn hàng,WarrantyPolicyIntent,bảo hành bao lâu
124,product_context,product_price,iPhone 16 giá bao nhiêu,ProductCameraIntent,camera máy này thế nào,OrderHistoryIntent,xem lịch sử đơn hàng,ProductCameraIntent,camera thế nào
125,product_context,product_price,iPhone 16 giá bao nhiêu,ProductCameraIntent,camera máy này thế nào,OrderHistoryIntent,xem lịch sử đơn hàng,ProductBatteryIntent,pin có tốt không
126,product_context,product_price,iPhone 16 giá bao nhiêu,ProductCameraIntent,camera máy này thế nào,OrderStatusIntent,đơn của tôi đang ở đâu,ProductPriceIntent,giá bao nhiêu
127,product_context,product_price,iPhone 16 giá bao nhiêu,ProductCameraIntent,camera máy này thế nào,OrderStatusIntent,đơn của tôi đang ở đâu,ProductAvailabilityIntent,còn hàng không
128,product_context,product_price,iPhone 16 giá bao nhiêu,ProductCameraIntent,camera máy này thế nào,OrderStatusIntent,đơn của tôi đang ở đâu,WarrantyPolicyIntent,bảo hành bao lâu
129,product_context,product_price,iPhone 16 giá bao nhiêu,ProductCameraIntent,camera máy này thế nào,OrderStatusIntent,đơn của tôi đang ở đâu,ProductCameraIntent,camera thế nào
130,product_context,product_price,iPhone 16 giá bao nhiêu,ProductCameraIntent,camera máy này thế nào,OrderStatusIntent,đơn của tôi đang ở đâu,ProductBatteryIntent,pin có tốt không
131,product_context,product_price,iPhone 16 giá bao nhiêu,ProductCameraIntent,camera máy này thế nào,OrderDetailIntent,xem chi tiết đơn hàng,ProductPriceIntent,giá bao nhiêu
132,product_context,product_price,iPhone 16 giá bao nhiêu,ProductCameraIntent,camera máy này thế nào,OrderDetailIntent,xem chi tiết đơn hàng,ProductAvailabilityIntent,còn hàng không
133,product_context,product_price,iPhone 16 giá bao nhiêu,ProductCameraIntent,camera máy này thế nào,OrderDetailIntent,xem chi tiết đơn hàng,WarrantyPolicyIntent,bảo hành bao lâu
134,product_context,product_price,iPhone 16 giá bao nhiêu,ProductCameraIntent,camera máy này thế nào,OrderDetailIntent,xem chi tiết đơn hàng,ProductCameraIntent,camera thế nào
135,product_context,product_price,iPhone 16 giá bao nhiêu,ProductCameraIntent,camera máy này thế nào,OrderDetailIntent,xem chi tiết đơn hàng,ProductBatteryIntent,pin có tốt không
136,product_context,product_price,iPhone 16 giá bao nhiêu,ProductCameraIntent,camera máy này thế nào,OrderCancelIntent,tôi muốn hủy đơn,ProductPriceIntent,giá bao nhiêu
137,product_context,product_price,iPhone 16 giá bao nhiêu,ProductCameraIntent,camera máy này thế nào,OrderCancelIntent,tôi muốn hủy đơn,ProductAvailabilityIntent,còn hàng không
138,product_context,product_price,iPhone 16 giá bao nhiêu,ProductCameraIntent,camera máy này thế nào,OrderCancelIntent,tôi muốn hủy đơn,WarrantyPolicyIntent,bảo hành bao lâu
139,product_context,product_price,iPhone 16 giá bao nhiêu,ProductCameraIntent,camera máy này thế nào,OrderCancelIntent,tôi muốn hủy đơn,ProductCameraIntent,camera thế nào
140,product_context,product_price,iPhone 16 giá bao nhiêu,ProductCameraIntent,camera máy này thế nào,OrderCancelIntent,tôi muốn hủy đơn,ProductBatteryIntent,pin có tốt không
141,product_context,product_price,iPhone 16 giá bao nhiêu,ProductCameraIntent,camera máy này thế nào,OrderModifyIntent,tôi muốn sửa đơn,ProductPriceIntent,giá bao nhiêu
142,product_context,product_price,iPhone 16 giá bao nhiêu,ProductCameraIntent,camera máy này thế nào,OrderModifyIntent,tôi muốn sửa đơn,ProductAvailabilityIntent,còn hàng không
143,product_context,product_price,iPhone 16 giá bao nhiêu,ProductCameraIntent,camera máy này thế nào,OrderModifyIntent,tôi muốn sửa đơn,WarrantyPolicyIntent,bảo hành bao lâu
144,product_context,product_price,iPhone 16 giá bao nhiêu,ProductCameraIntent,camera máy này thế nào,OrderModifyIntent,tôi muốn sửa đơn,ProductCameraIntent,camera thế nào
145,product_context,product_price,iPhone 16 giá bao nhiêu,ProductCameraIntent,camera máy này thế nào,OrderModifyIntent,tôi muốn sửa đơn,ProductBatteryIntent,pin có tốt không
146,product_context,product_price,iPhone 16 giá bao nhiêu,ProductCameraIntent,camera máy này thế nào,RefundStatusIntent,bao giờ tôi được hoàn tiền,ProductPriceIntent,giá bao nhiêu
147,product_context,product_price,iPhone 16 giá bao nhiêu,ProductCameraIntent,camera máy này thế nào,RefundStatusIntent,bao giờ tôi được hoàn tiền,ProductAvailabilityIntent,còn hàng không
148,product_context,product_price,iPhone 16 giá bao nhiêu,ProductCameraIntent,camera máy này thế nào,RefundStatusIntent,bao giờ tôi được hoàn tiền,WarrantyPolicyIntent,bảo hành bao lâu
149,product_context,product_price,iPhone 16 giá bao nhiêu,ProductCameraIntent,camera máy này thế nào,RefundStatusIntent,bao giờ tôi được hoàn tiền,ProductCameraIntent,camera thế nào
150,product_context,product_price,iPhone 16 giá bao nhiêu,ProductCameraIntent,camera máy này thế nào,RefundStatusIntent,bao giờ tôi được hoàn tiền,ProductBatteryIntent,pin có tốt không
151,product_context,product_price,iPhone 16 giá bao nhiêu,ProductBatteryIntent,pin máy này dùng lâu không,StoreInfoIntent,shop mở cửa lúc mấy giờ,ProductPriceIntent,giá bao nhiêu
152,product_context,product_price,iPhone 16 giá bao nhiêu,ProductBatteryIntent,pin máy này dùng lâu không,StoreInfoIntent,shop mở cửa lúc mấy giờ,ProductAvailabilityIntent,còn hàng không
153,product_context,product_price,iPhone 16 giá bao nhiêu,ProductBatteryIntent,pin máy này dùng lâu không,StoreInfoIntent,shop mở cửa lúc mấy giờ,WarrantyPolicyIntent,bảo hành bao lâu
154,product_context,product_price,iPhone 16 giá bao nhiêu,ProductBatteryIntent,pin máy này dùng lâu không,StoreInfoIntent,shop mở cửa lúc mấy giờ,ProductCameraIntent,camera thế nào
155,product_context,product_price,iPhone 16 giá bao nhiêu,ProductBatteryIntent,pin máy này dùng lâu không,StoreInfoIntent,shop mở cửa lúc mấy giờ,ProductBatteryIntent,pin có tốt không
156,product_context,product_price,iPhone 16 giá bao nhiêu,ProductBatteryIntent,pin máy này dùng lâu không,GreetingIntent,xin chào shop,ProductPriceIntent,giá bao nhiêu
157,product_context,product_price,iPhone 16 giá bao nhiêu,ProductBatteryIntent,pin máy này dùng lâu không,GreetingIntent,xin chào shop,ProductAvailabilityIntent,còn hàng không
158,product_context,product_price,iPhone 16 giá bao nhiêu,ProductBatteryIntent,pin máy này dùng lâu không,GreetingIntent,xin chào shop,WarrantyPolicyIntent,bảo hành bao lâu
159,product_context,product_price,iPhone 16 giá bao nhiêu,ProductBatteryIntent,pin máy này dùng lâu không,GreetingIntent,xin chào shop,ProductCameraIntent,camera thế nào
160,product_context,product_price,iPhone 16 giá bao nhiêu,ProductBatteryIntent,pin máy này dùng lâu không,GreetingIntent,xin chào shop,ProductBatteryIntent,pin có tốt không
161,product_context,product_price,iPhone 16 giá bao nhiêu,ProductBatteryIntent,pin máy này dùng lâu không,FallbackIntent,kể cho tôi chuyện cổ tích,ProductPriceIntent,giá bao nhiêu
162,product_context,product_price,iPhone 16 giá bao nhiêu,ProductBatteryIntent,pin máy này dùng lâu không,FallbackIntent,kể cho tôi chuyện cổ tích,ProductAvailabilityIntent,còn hàng không
163,product_context,product_price,iPhone 16 giá bao nhiêu,ProductBatteryIntent,pin máy này dùng lâu không,FallbackIntent,kể cho tôi chuyện cổ tích,WarrantyPolicyIntent,bảo hành bao lâu
164,product_context,product_price,iPhone 16 giá bao nhiêu,ProductBatteryIntent,pin máy này dùng lâu không,FallbackIntent,kể cho tôi chuyện cổ tích,ProductCameraIntent,camera thế nào
165,product_context,product_price,iPhone 16 giá bao nhiêu,ProductBatteryIntent,pin máy này dùng lâu không,FallbackIntent,kể cho tôi chuyện cổ tích,ProductBatteryIntent,pin có tốt không
166,product_context,product_price,iPhone 16 giá bao nhiêu,ProductBatteryIntent,pin máy này dùng lâu không,HumanHandoffIntent,cho tôi gặp nhân viên,ProductPriceIntent,giá bao nhiêu
167,product_context,product_price,iPhone 16 giá bao nhiêu,ProductBatteryIntent,pin máy này dùng lâu không,HumanHandoffIntent,cho tôi gặp nhân viên,ProductAvailabilityIntent,còn hàng không
168,product_context,product_price,iPhone 16 giá bao nhiêu,ProductBatteryIntent,pin máy này dùng lâu không,HumanHandoffIntent,cho tôi gặp nhân viên,WarrantyPolicyIntent,bảo hành bao lâu
169,product_context,product_price,iPhone 16 giá bao nhiêu,ProductBatteryIntent,pin máy này dùng lâu không,HumanHandoffIntent,cho tôi gặp nhân viên,ProductCameraIntent,camera thế nào
170,product_context,product_price,iPhone 16 giá bao nhiêu,ProductBatteryIntent,pin máy này dùng lâu không,HumanHandoffIntent,cho tôi gặp nhân viên,ProductBatteryIntent,pin có tốt không
171,product_context,product_price,iPhone 16 giá bao nhiêu,ProductBatteryIntent,pin máy này dùng lâu không,OrderHistoryIntent,xem lịch sử đơn hàng,ProductPriceIntent,giá bao nhiêu
172,product_context,product_price,iPhone 16 giá bao nhiêu,ProductBatteryIntent,pin máy này dùng lâu không,OrderHistoryIntent,xem lịch sử đơn hàng,ProductAvailabilityIntent,còn hàng không
173,product_context,product_price,iPhone 16 giá bao nhiêu,ProductBatteryIntent,pin máy này dùng lâu không,OrderHistoryIntent,xem lịch sử đơn hàng,WarrantyPolicyIntent,bảo hành bao lâu
174,product_context,product_price,iPhone 16 giá bao nhiêu,ProductBatteryIntent,pin máy này dùng lâu không,OrderHistoryIntent,xem lịch sử đơn hàng,ProductCameraIntent,camera thế nào
175,product_context,product_price,iPhone 16 giá bao nhiêu,ProductBatteryIntent,pin máy này dùng lâu không,OrderHistoryIntent,xem lịch sử đơn hàng,ProductBatteryIntent,pin có tốt không
176,product_context,product_price,iPhone 16 giá bao nhiêu,ProductBatteryIntent,pin máy này dùng lâu không,OrderStatusIntent,đơn của tôi đang ở đâu,ProductPriceIntent,giá bao nhiêu
177,product_context,product_price,iPhone 16 giá bao nhiêu,ProductBatteryIntent,pin máy này dùng lâu không,OrderStatusIntent,đơn của tôi đang ở đâu,ProductAvailabilityIntent,còn hàng không
178,product_context,product_price,iPhone 16 giá bao nhiêu,ProductBatteryIntent,pin máy này dùng lâu không,OrderStatusIntent,đơn của tôi đang ở đâu,WarrantyPolicyIntent,bảo hành bao lâu
179,product_context,product_price,iPhone 16 giá bao nhiêu,ProductBatteryIntent,pin máy này dùng lâu không,OrderStatusIntent,đơn của tôi đang ở đâu,ProductCameraIntent,camera thế nào
180,product_context,product_price,iPhone 16 giá bao nhiêu,ProductBatteryIntent,pin máy này dùng lâu không,OrderStatusIntent,đơn của tôi đang ở đâu,ProductBatteryIntent,pin có tốt không
181,product_context,product_price,iPhone 16 giá bao nhiêu,ProductBatteryIntent,pin máy này dùng lâu không,OrderDetailIntent,xem chi tiết đơn hàng,ProductPriceIntent,giá bao nhiêu
182,product_context,product_price,iPhone 16 giá bao nhiêu,ProductBatteryIntent,pin máy này dùng lâu không,OrderDetailIntent,xem chi tiết đơn hàng,ProductAvailabilityIntent,còn hàng không
183,product_context,product_price,iPhone 16 giá bao nhiêu,ProductBatteryIntent,pin máy này dùng lâu không,OrderDetailIntent,xem chi tiết đơn hàng,WarrantyPolicyIntent,bảo hành bao lâu
184,product_context,product_price,iPhone 16 giá bao nhiêu,ProductBatteryIntent,pin máy này dùng lâu không,OrderDetailIntent,xem chi tiết đơn hàng,ProductCameraIntent,camera thế nào
185,product_context,product_price,iPhone 16 giá bao nhiêu,ProductBatteryIntent,pin máy này dùng lâu không,OrderDetailIntent,xem chi tiết đơn hàng,ProductBatteryIntent,pin có tốt không
186,product_context,product_price,iPhone 16 giá bao nhiêu,ProductBatteryIntent,pin máy này dùng lâu không,OrderCancelIntent,tôi muốn hủy đơn,ProductPriceIntent,giá bao nhiêu
187,product_context,product_price,iPhone 16 giá bao nhiêu,ProductBatteryIntent,pin máy này dùng lâu không,OrderCancelIntent,tôi muốn hủy đơn,ProductAvailabilityIntent,còn hàng không
188,product_context,product_price,iPhone 16 giá bao nhiêu,ProductBatteryIntent,pin máy này dùng lâu không,OrderCancelIntent,tôi muốn hủy đơn,WarrantyPolicyIntent,bảo hành bao lâu
189,product_context,product_price,iPhone 16 giá bao nhiêu,ProductBatteryIntent,pin máy này dùng lâu không,OrderCancelIntent,tôi muốn hủy đơn,ProductCameraIntent,camera thế nào
190,product_context,product_price,iPhone 16 giá bao nhiêu,ProductBatteryIntent,pin máy này dùng lâu không,OrderCancelIntent,tôi muốn hủy đơn,ProductBatteryIntent,pin có tốt không
191,product_context,product_price,iPhone 16 giá bao nhiêu,ProductBatteryIntent,pin máy này dùng lâu không,OrderModifyIntent,tôi muốn sửa đơn,ProductPriceIntent,giá bao nhiêu
192,product_context,product_price,iPhone 16 giá bao nhiêu,ProductBatteryIntent,pin máy này dùng lâu không,OrderModifyIntent,tôi muốn sửa đơn,ProductAvailabilityIntent,còn hàng không
193,product_context,product_price,iPhone 16 giá bao nhiêu,ProductBatteryIntent,pin máy này dùng lâu không,OrderModifyIntent,tôi muốn sửa đơn,WarrantyPolicyIntent,bảo hành bao lâu
194,product_context,product_price,iPhone 16 giá bao nhiêu,ProductBatteryIntent,pin máy này dùng lâu không,OrderModifyIntent,tôi muốn sửa đơn,ProductCameraIntent,camera thế nào
195,product_context,product_price,iPhone 16 giá bao nhiêu,ProductBatteryIntent,pin máy này dùng lâu không,OrderModifyIntent,tôi muốn sửa đơn,ProductBatteryIntent,pin có tốt không
196,product_context,product_price,iPhone 16 giá bao nhiêu,ProductBatteryIntent,pin máy này dùng lâu không,RefundStatusIntent,bao giờ tôi được hoàn tiền,ProductPriceIntent,giá bao nhiêu
197,product_context,product_price,iPhone 16 giá bao nhiêu,ProductBatteryIntent,pin máy này dùng lâu không,RefundStatusIntent,bao giờ tôi được hoàn tiền,ProductAvailabilityIntent,còn hàng không
198,product_context,product_price,iPhone 16 giá bao nhiêu,ProductBatteryIntent,pin máy này dùng lâu không,RefundStatusIntent,bao giờ tôi được hoàn tiền,WarrantyPolicyIntent,bảo hành bao lâu
199,product_context,product_price,iPhone 16 giá bao nhiêu,ProductBatteryIntent,pin máy này dùng lâu không,RefundStatusIntent,bao giờ tôi được hoàn tiền,ProductCameraIntent,camera thế nào
200,product_context,product_price,iPhone 16 giá bao nhiêu,ProductBatteryIntent,pin máy này dùng lâu không,RefundStatusIntent,bao giờ tôi được hoàn tiền,ProductBatteryIntent,pin có tốt không
201,product_context,product_price,iPhone 16 giá bao nhiêu,ProductGamingIntent,máy này chơi game ổn không,StoreInfoIntent,shop mở cửa lúc mấy giờ,ProductPriceIntent,giá bao nhiêu
202,product_context,product_price,iPhone 16 giá bao nhiêu,ProductGamingIntent,máy này chơi game ổn không,StoreInfoIntent,shop mở cửa lúc mấy giờ,ProductAvailabilityIntent,còn hàng không
203,product_context,product_price,iPhone 16 giá bao nhiêu,ProductGamingIntent,máy này chơi game ổn không,StoreInfoIntent,shop mở cửa lúc mấy giờ,WarrantyPolicyIntent,bảo hành bao lâu
204,product_context,product_price,iPhone 16 giá bao nhiêu,ProductGamingIntent,máy này chơi game ổn không,StoreInfoIntent,shop mở cửa lúc mấy giờ,ProductCameraIntent,camera thế nào
205,product_context,product_price,iPhone 16 giá bao nhiêu,ProductGamingIntent,máy này chơi game ổn không,StoreInfoIntent,shop mở cửa lúc mấy giờ,ProductBatteryIntent,pin có tốt không
206,product_context,product_price,iPhone 16 giá bao nhiêu,ProductGamingIntent,máy này chơi game ổn không,GreetingIntent,xin chào shop,ProductPriceIntent,giá bao nhiêu
207,product_context,product_price,iPhone 16 giá bao nhiêu,ProductGamingIntent,máy này chơi game ổn không,GreetingIntent,xin chào shop,ProductAvailabilityIntent,còn hàng không
208,product_context,product_price,iPhone 16 giá bao nhiêu,ProductGamingIntent,máy này chơi game ổn không,GreetingIntent,xin chào shop,WarrantyPolicyIntent,bảo hành bao lâu
209,product_context,product_price,iPhone 16 giá bao nhiêu,ProductGamingIntent,máy này chơi game ổn không,GreetingIntent,xin chào shop,ProductCameraIntent,camera thế nào
210,product_context,product_price,iPhone 16 giá bao nhiêu,ProductGamingIntent,máy này chơi game ổn không,GreetingIntent,xin chào shop,ProductBatteryIntent,pin có tốt không
211,product_context,product_price,iPhone 16 giá bao nhiêu,ProductGamingIntent,máy này chơi game ổn không,FallbackIntent,kể cho tôi chuyện cổ tích,ProductPriceIntent,giá bao nhiêu
212,product_context,product_price,iPhone 16 giá bao nhiêu,ProductGamingIntent,máy này chơi game ổn không,FallbackIntent,kể cho tôi chuyện cổ tích,ProductAvailabilityIntent,còn hàng không
213,product_context,product_price,iPhone 16 giá bao nhiêu,ProductGamingIntent,máy này chơi game ổn không,FallbackIntent,kể cho tôi chuyện cổ tích,WarrantyPolicyIntent,bảo hành bao lâu
214,product_context,product_price,iPhone 16 giá bao nhiêu,ProductGamingIntent,máy này chơi game ổn không,FallbackIntent,kể cho tôi chuyện cổ tích,ProductCameraIntent,camera thế nào
215,product_context,product_price,iPhone 16 giá bao nhiêu,ProductGamingIntent,máy này chơi game ổn không,FallbackIntent,kể cho tôi chuyện cổ tích,ProductBatteryIntent,pin có tốt không
216,product_context,product_price,iPhone 16 giá bao nhiêu,ProductGamingIntent,máy này chơi game ổn không,HumanHandoffIntent,cho tôi gặp nhân viên,ProductPriceIntent,giá bao nhiêu
217,product_context,product_price,iPhone 16 giá bao nhiêu,ProductGamingIntent,máy này chơi game ổn không,HumanHandoffIntent,cho tôi gặp nhân viên,ProductAvailabilityIntent,còn hàng không
218,product_context,product_price,iPhone 16 giá bao nhiêu,ProductGamingIntent,máy này chơi game ổn không,HumanHandoffIntent,cho tôi gặp nhân viên,WarrantyPolicyIntent,bảo hành bao lâu
219,product_context,product_price,iPhone 16 giá bao nhiêu,ProductGamingIntent,máy này chơi game ổn không,HumanHandoffIntent,cho tôi gặp nhân viên,ProductCameraIntent,camera thế nào
220,product_context,product_price,iPhone 16 giá bao nhiêu,ProductGamingIntent,máy này chơi game ổn không,HumanHandoffIntent,cho tôi gặp nhân viên,ProductBatteryIntent,pin có tốt không
221,product_context,product_price,iPhone 16 giá bao nhiêu,ProductGamingIntent,máy này chơi game ổn không,OrderHistoryIntent,xem lịch sử đơn hàng,ProductPriceIntent,giá bao nhiêu
222,product_context,product_price,iPhone 16 giá bao nhiêu,ProductGamingIntent,máy này chơi game ổn không,OrderHistoryIntent,xem lịch sử đơn hàng,ProductAvailabilityIntent,còn hàng không
223,product_context,product_price,iPhone 16 giá bao nhiêu,ProductGamingIntent,máy này chơi game ổn không,OrderHistoryIntent,xem lịch sử đơn hàng,WarrantyPolicyIntent,bảo hành bao lâu
224,product_context,product_price,iPhone 16 giá bao nhiêu,ProductGamingIntent,máy này chơi game ổn không,OrderHistoryIntent,xem lịch sử đơn hàng,ProductCameraIntent,camera thế nào
225,product_context,product_price,iPhone 16 giá bao nhiêu,ProductGamingIntent,máy này chơi game ổn không,OrderHistoryIntent,xem lịch sử đơn hàng,ProductBatteryIntent,pin có tốt không
226,product_context,product_price,iPhone 16 giá bao nhiêu,ProductGamingIntent,máy này chơi game ổn không,OrderStatusIntent,đơn của tôi đang ở đâu,ProductPriceIntent,giá bao nhiêu
227,product_context,product_price,iPhone 16 giá bao nhiêu,ProductGamingIntent,máy này chơi game ổn không,OrderStatusIntent,đơn của tôi đang ở đâu,ProductAvailabilityIntent,còn hàng không
228,product_context,product_price,iPhone 16 giá bao nhiêu,ProductGamingIntent,máy này chơi game ổn không,OrderStatusIntent,đơn của tôi đang ở đâu,WarrantyPolicyIntent,bảo hành bao lâu
229,product_context,product_price,iPhone 16 giá bao nhiêu,ProductGamingIntent,máy này chơi game ổn không,OrderStatusIntent,đơn của tôi đang ở đâu,ProductCameraIntent,camera thế nào
230,product_context,product_price,iPhone 16 giá bao nhiêu,ProductGamingIntent,máy này chơi game ổn không,OrderStatusIntent,đơn của tôi đang ở đâu,ProductBatteryIntent,pin có tốt không
231,product_context,product_price,iPhone 16 giá bao nhiêu,ProductGamingIntent,máy này chơi game ổn không,OrderDetailIntent,xem chi tiết đơn hàng,ProductPriceIntent,giá bao nhiêu
232,product_context,product_price,iPhone 16 giá bao nhiêu,ProductGamingIntent,máy này chơi game ổn không,OrderDetailIntent,xem chi tiết đơn hàng,ProductAvailabilityIntent,còn hàng không
233,product_context,product_price,iPhone 16 giá bao nhiêu,ProductGamingIntent,máy này chơi game ổn không,OrderDetailIntent,xem chi tiết đơn hàng,WarrantyPolicyIntent,bảo hành bao lâu
234,product_context,product_price,iPhone 16 giá bao nhiêu,ProductGamingIntent,máy này chơi game ổn không,OrderDetailIntent,xem chi tiết đơn hàng,ProductCameraIntent,camera thế nào
235,product_context,product_price,iPhone 16 giá bao nhiêu,ProductGamingIntent,máy này chơi game ổn không,OrderDetailIntent,xem chi tiết đơn hàng,ProductBatteryIntent,pin có tốt không
236,product_context,product_price,iPhone 16 giá bao nhiêu,ProductGamingIntent,máy này chơi game ổn không,OrderCancelIntent,tôi muốn hủy đơn,ProductPriceIntent,giá bao nhiêu
237,product_context,product_price,iPhone 16 giá bao nhiêu,ProductGamingIntent,máy này chơi game ổn không,OrderCancelIntent,tôi muốn hủy đơn,ProductAvailabilityIntent,còn hàng không
238,product_context,product_price,iPhone 16 giá bao nhiêu,ProductGamingIntent,máy này chơi game ổn không,OrderCancelIntent,tôi muốn hủy đơn,WarrantyPolicyIntent,bảo hành bao lâu
239,product_context,product_price,iPhone 16 giá bao nhiêu,ProductGamingIntent,máy này chơi game ổn không,OrderCancelIntent,tôi muốn hủy đơn,ProductCameraIntent,camera thế nào
240,product_context,product_price,iPhone 16 giá bao nhiêu,ProductGamingIntent,máy này chơi game ổn không,OrderCancelIntent,tôi muốn hủy đơn,ProductBatteryIntent,pin có tốt không
241,product_context,product_price,iPhone 16 giá bao nhiêu,ProductGamingIntent,máy này chơi game ổn không,OrderModifyIntent,tôi muốn sửa đơn,ProductPriceIntent,giá bao nhiêu
242,product_context,product_price,iPhone 16 giá bao nhiêu,ProductGamingIntent,máy này chơi game ổn không,OrderModifyIntent,tôi muốn sửa đơn,ProductAvailabilityIntent,còn hàng không
243,product_context,product_price,iPhone 16 giá bao nhiêu,ProductGamingIntent,máy này chơi game ổn không,OrderModifyIntent,tôi muốn sửa đơn,WarrantyPolicyIntent,bảo hành bao lâu
244,product_context,product_price,iPhone 16 giá bao nhiêu,ProductGamingIntent,máy này chơi game ổn không,OrderModifyIntent,tôi muốn sửa đơn,ProductCameraIntent,camera thế nào
245,product_context,product_price,iPhone 16 giá bao nhiêu,ProductGamingIntent,máy này chơi game ổn không,OrderModifyIntent,tôi muốn sửa đơn,ProductBatteryIntent,pin có tốt không
246,product_context,product_price,iPhone 16 giá bao nhiêu,ProductGamingIntent,máy này chơi game ổn không,RefundStatusIntent,bao giờ tôi được hoàn tiền,ProductPriceIntent,giá bao nhiêu
247,product_context,product_price,iPhone 16 giá bao nhiêu,ProductGamingIntent,máy này chơi game ổn không,RefundStatusIntent,bao giờ tôi được hoàn tiền,ProductAvailabilityIntent,còn hàng không
248,product_context,product_price,iPhone 16 giá bao nhiêu,ProductGamingIntent,máy này chơi game ổn không,RefundStatusIntent,bao giờ tôi được hoàn tiền,WarrantyPolicyIntent,bảo hành bao lâu
249,product_context,product_price,iPhone 16 giá bao nhiêu,ProductGamingIntent,máy này chơi game ổn không,RefundStatusIntent,bao giờ tôi được hoàn tiền,ProductCameraIntent,camera thế nào
250,product_context,product_price,iPhone 16 giá bao nhiêu,ProductGamingIntent,máy này chơi game ổn không,RefundStatusIntent,bao giờ tôi được hoàn tiền,ProductBatteryIntent,pin có tốt không
251,product_context,product_price,iPhone 16 giá bao nhiêu,ProductSpecIntent,cấu hình máy này thế nào,StoreInfoIntent,shop mở cửa lúc mấy giờ,ProductPriceIntent,giá bao nhiêu
252,product_context,product_price,iPhone 16 giá bao nhiêu,ProductSpecIntent,cấu hình máy này thế nào,StoreInfoIntent,shop mở cửa lúc mấy giờ,ProductAvailabilityIntent,còn hàng không
253,product_context,product_price,iPhone 16 giá bao nhiêu,ProductSpecIntent,cấu hình máy này thế nào,StoreInfoIntent,shop mở cửa lúc mấy giờ,WarrantyPolicyIntent,bảo hành bao lâu
254,product_context,product_price,iPhone 16 giá bao nhiêu,ProductSpecIntent,cấu hình máy này thế nào,StoreInfoIntent,shop mở cửa lúc mấy giờ,ProductCameraIntent,camera thế nào
255,product_context,product_price,iPhone 16 giá bao nhiêu,ProductSpecIntent,cấu hình máy này thế nào,StoreInfoIntent,shop mở cửa lúc mấy giờ,ProductBatteryIntent,pin có tốt không
256,product_context,product_price,iPhone 16 giá bao nhiêu,ProductSpecIntent,cấu hình máy này thế nào,GreetingIntent,xin chào shop,ProductPriceIntent,giá bao nhiêu
257,product_context,product_price,iPhone 16 giá bao nhiêu,ProductSpecIntent,cấu hình máy này thế nào,GreetingIntent,xin chào shop,ProductAvailabilityIntent,còn hàng không
258,product_context,product_price,iPhone 16 giá bao nhiêu,ProductSpecIntent,cấu hình máy này thế nào,GreetingIntent,xin chào shop,WarrantyPolicyIntent,bảo hành bao lâu
259,product_context,product_price,iPhone 16 giá bao nhiêu,ProductSpecIntent,cấu hình máy này thế nào,GreetingIntent,xin chào shop,ProductCameraIntent,camera thế nào
260,product_context,product_price,iPhone 16 giá bao nhiêu,ProductSpecIntent,cấu hình máy này thế nào,GreetingIntent,xin chào shop,ProductBatteryIntent,pin có tốt không
261,product_context,product_price,iPhone 16 giá bao nhiêu,ProductSpecIntent,cấu hình máy này thế nào,FallbackIntent,kể cho tôi chuyện cổ tích,ProductPriceIntent,giá bao nhiêu
262,product_context,product_price,iPhone 16 giá bao nhiêu,ProductSpecIntent,cấu hình máy này thế nào,FallbackIntent,kể cho tôi chuyện cổ tích,ProductAvailabilityIntent,còn hàng không
263,product_context,product_price,iPhone 16 giá bao nhiêu,ProductSpecIntent,cấu hình máy này thế nào,FallbackIntent,kể cho tôi chuyện cổ tích,WarrantyPolicyIntent,bảo hành bao lâu
264,product_context,product_price,iPhone 16 giá bao nhiêu,ProductSpecIntent,cấu hình máy này thế nào,FallbackIntent,kể cho tôi chuyện cổ tích,ProductCameraIntent,camera thế nào
265,product_context,product_price,iPhone 16 giá bao nhiêu,ProductSpecIntent,cấu hình máy này thế nào,FallbackIntent,kể cho tôi chuyện cổ tích,ProductBatteryIntent,pin có tốt không
266,product_context,product_price,iPhone 16 giá bao nhiêu,ProductSpecIntent,cấu hình máy này thế nào,HumanHandoffIntent,cho tôi gặp nhân viên,ProductPriceIntent,giá bao nhiêu
267,product_context,product_price,iPhone 16 giá bao nhiêu,ProductSpecIntent,cấu hình máy này thế nào,HumanHandoffIntent,cho tôi gặp nhân viên,ProductAvailabilityIntent,còn hàng không
268,product_context,product_price,iPhone 16 giá bao nhiêu,ProductSpecIntent,cấu hình máy này thế nào,HumanHandoffIntent,cho tôi gặp nhân viên,WarrantyPolicyIntent,bảo hành bao lâu
269,product_context,product_price,iPhone 16 giá bao nhiêu,ProductSpecIntent,cấu hình máy này thế nào,HumanHandoffIntent,cho tôi gặp nhân viên,ProductCameraIntent,camera thế nào
270,product_context,product_price,iPhone 16 giá bao nhiêu,ProductSpecIntent,cấu hình máy này thế nào,HumanHandoffIntent,cho tôi gặp nhân viên,ProductBatteryIntent,pin có tốt không
271,product_context,product_price,iPhone 16 giá bao nhiêu,ProductSpecIntent,cấu hình máy này thế nào,OrderHistoryIntent,xem lịch sử đơn hàng,ProductPriceIntent,giá bao nhiêu
272,product_context,product_price,iPhone 16 giá bao nhiêu,ProductSpecIntent,cấu hình máy này thế nào,OrderHistoryIntent,xem lịch sử đơn hàng,ProductAvailabilityIntent,còn hàng không
273,product_context,product_price,iPhone 16 giá bao nhiêu,ProductSpecIntent,cấu hình máy này thế nào,OrderHistoryIntent,xem lịch sử đơn hàng,WarrantyPolicyIntent,bảo hành bao lâu
274,product_context,product_price,iPhone 16 giá bao nhiêu,ProductSpecIntent,cấu hình máy này thế nào,OrderHistoryIntent,xem lịch sử đơn hàng,ProductCameraIntent,camera thế nào
275,product_context,product_price,iPhone 16 giá bao nhiêu,ProductSpecIntent,cấu hình máy này thế nào,OrderHistoryIntent,xem lịch sử đơn hàng,ProductBatteryIntent,pin có tốt không
276,product_context,product_price,iPhone 16 giá bao nhiêu,ProductSpecIntent,cấu hình máy này thế nào,OrderStatusIntent,đơn của tôi đang ở đâu,ProductPriceIntent,giá bao nhiêu
277,product_context,product_price,iPhone 16 giá bao nhiêu,ProductSpecIntent,cấu hình máy này thế nào,OrderStatusIntent,đơn của tôi đang ở đâu,ProductAvailabilityIntent,còn hàng không
278,product_context,product_price,iPhone 16 giá bao nhiêu,ProductSpecIntent,cấu hình máy này thế nào,OrderStatusIntent,đơn của tôi đang ở đâu,WarrantyPolicyIntent,bảo hành bao lâu
279,product_context,product_price,iPhone 16 giá bao nhiêu,ProductSpecIntent,cấu hình máy này thế nào,OrderStatusIntent,đơn của tôi đang ở đâu,ProductCameraIntent,camera thế nào
280,product_context,product_price,iPhone 16 giá bao nhiêu,ProductSpecIntent,cấu hình máy này thế nào,OrderStatusIntent,đơn của tôi đang ở đâu,ProductBatteryIntent,pin có tốt không
281,product_context,product_price,iPhone 16 giá bao nhiêu,ProductSpecIntent,cấu hình máy này thế nào,OrderDetailIntent,xem chi tiết đơn hàng,ProductPriceIntent,giá bao nhiêu
282,product_context,product_price,iPhone 16 giá bao nhiêu,ProductSpecIntent,cấu hình máy này thế nào,OrderDetailIntent,xem chi tiết đơn hàng,ProductAvailabilityIntent,còn hàng không
283,product_context,product_price,iPhone 16 giá bao nhiêu,ProductSpecIntent,cấu hình máy này thế nào,OrderDetailIntent,xem chi tiết đơn hàng,WarrantyPolicyIntent,bảo hành bao lâu
284,product_context,product_price,iPhone 16 giá bao nhiêu,ProductSpecIntent,cấu hình máy này thế nào,OrderDetailIntent,xem chi tiết đơn hàng,ProductCameraIntent,camera thế nào
285,product_context,product_price,iPhone 16 giá bao nhiêu,ProductSpecIntent,cấu hình máy này thế nào,OrderDetailIntent,xem chi tiết đơn hàng,ProductBatteryIntent,pin có tốt không
286,product_context,product_price,iPhone 16 giá bao nhiêu,ProductSpecIntent,cấu hình máy này thế nào,OrderCancelIntent,tôi muốn hủy đơn,ProductPriceIntent,giá bao nhiêu
287,product_context,product_price,iPhone 16 giá bao nhiêu,ProductSpecIntent,cấu hình máy này thế nào,OrderCancelIntent,tôi muốn hủy đơn,ProductAvailabilityIntent,còn hàng không
288,product_context,product_price,iPhone 16 giá bao nhiêu,ProductSpecIntent,cấu hình máy này thế nào,OrderCancelIntent,tôi muốn hủy đơn,WarrantyPolicyIntent,bảo hành bao lâu
289,product_context,product_price,iPhone 16 giá bao nhiêu,ProductSpecIntent,cấu hình máy này thế nào,OrderCancelIntent,tôi muốn hủy đơn,ProductCameraIntent,camera thế nào
290,product_context,product_price,iPhone 16 giá bao nhiêu,ProductSpecIntent,cấu hình máy này thế nào,OrderCancelIntent,tôi muốn hủy đơn,ProductBatteryIntent,pin có tốt không
291,product_context,product_price,iPhone 16 giá bao nhiêu,ProductSpecIntent,cấu hình máy này thế nào,OrderModifyIntent,tôi muốn sửa đơn,ProductPriceIntent,giá bao nhiêu
292,product_context,product_price,iPhone 16 giá bao nhiêu,ProductSpecIntent,cấu hình máy này thế nào,OrderModifyIntent,tôi muốn sửa đơn,ProductAvailabilityIntent,còn hàng không
293,product_context,product_price,iPhone 16 giá bao nhiêu,ProductSpecIntent,cấu hình máy này thế nào,OrderModifyIntent,tôi muốn sửa đơn,WarrantyPolicyIntent,bảo hành bao lâu
294,product_context,product_price,iPhone 16 giá bao nhiêu,ProductSpecIntent,cấu hình máy này thế nào,OrderModifyIntent,tôi muốn sửa đơn,ProductCameraIntent,camera thế nào
295,product_context,product_price,iPhone 16 giá bao nhiêu,ProductSpecIntent,cấu hình máy này thế nào,OrderModifyIntent,tôi muốn sửa đơn,ProductBatteryIntent,pin có tốt không
296,product_context,product_price,iPhone 16 giá bao nhiêu,ProductSpecIntent,cấu hình máy này thế nào,RefundStatusIntent,bao giờ tôi được hoàn tiền,ProductPriceIntent,giá bao nhiêu
297,product_context,product_price,iPhone 16 giá bao nhiêu,ProductSpecIntent,cấu hình máy này thế nào,RefundStatusIntent,bao giờ tôi được hoàn tiền,ProductAvailabilityIntent,còn hàng không
298,product_context,product_price,iPhone 16 giá bao nhiêu,ProductSpecIntent,cấu hình máy này thế nào,RefundStatusIntent,bao giờ tôi được hoàn tiền,WarrantyPolicyIntent,bảo hành bao lâu
299,product_context,product_price,iPhone 16 giá bao nhiêu,ProductSpecIntent,cấu hình máy này thế nào,RefundStatusIntent,bao giờ tôi được hoàn tiền,ProductCameraIntent,camera thế nào
300,product_context,product_price,iPhone 16 giá bao nhiêu,ProductSpecIntent,cấu hình máy này thế nào,RefundStatusIntent,bao giờ tôi được hoàn tiền,ProductBatteryIntent,pin có tốt không
301,product_context,product_price,iPhone 16 giá bao nhiêu,PromotionIntent,máy này có ưu đãi không,StoreInfoIntent,shop mở cửa lúc mấy giờ,ProductPriceIntent,giá bao nhiêu
302,product_context,product_price,iPhone 16 giá bao nhiêu,PromotionIntent,máy này có ưu đãi không,StoreInfoIntent,shop mở cửa lúc mấy giờ,ProductAvailabilityIntent,còn hàng không
303,product_context,product_price,iPhone 16 giá bao nhiêu,PromotionIntent,máy này có ưu đãi không,StoreInfoIntent,shop mở cửa lúc mấy giờ,WarrantyPolicyIntent,bảo hành bao lâu
304,product_context,product_price,iPhone 16 giá bao nhiêu,PromotionIntent,máy này có ưu đãi không,StoreInfoIntent,shop mở cửa lúc mấy giờ,ProductCameraIntent,camera thế nào
305,product_context,product_price,iPhone 16 giá bao nhiêu,PromotionIntent,máy này có ưu đãi không,StoreInfoIntent,shop mở cửa lúc mấy giờ,ProductBatteryIntent,pin có tốt không
306,product_context,product_price,iPhone 16 giá bao nhiêu,PromotionIntent,máy này có ưu đãi không,GreetingIntent,xin chào shop,ProductPriceIntent,giá bao nhiêu
307,product_context,product_price,iPhone 16 giá bao nhiêu,PromotionIntent,máy này có ưu đãi không,GreetingIntent,xin chào shop,ProductAvailabilityIntent,còn hàng không
308,product_context,product_price,iPhone 16 giá bao nhiêu,PromotionIntent,máy này có ưu đãi không,GreetingIntent,xin chào shop,WarrantyPolicyIntent,bảo hành bao lâu
309,product_context,product_price,iPhone 16 giá bao nhiêu,PromotionIntent,máy này có ưu đãi không,GreetingIntent,xin chào shop,ProductCameraIntent,camera thế nào
310,product_context,product_price,iPhone 16 giá bao nhiêu,PromotionIntent,máy này có ưu đãi không,GreetingIntent,xin chào shop,ProductBatteryIntent,pin có tốt không
311,product_context,product_price,iPhone 16 giá bao nhiêu,PromotionIntent,máy này có ưu đãi không,FallbackIntent,kể cho tôi chuyện cổ tích,ProductPriceIntent,giá bao nhiêu
312,product_context,product_price,iPhone 16 giá bao nhiêu,PromotionIntent,máy này có ưu đãi không,FallbackIntent,kể cho tôi chuyện cổ tích,ProductAvailabilityIntent,còn hàng không
313,product_context,product_price,iPhone 16 giá bao nhiêu,PromotionIntent,máy này có ưu đãi không,FallbackIntent,kể cho tôi chuyện cổ tích,WarrantyPolicyIntent,bảo hành bao lâu
314,product_context,product_price,iPhone 16 giá bao nhiêu,PromotionIntent,máy này có ưu đãi không,FallbackIntent,kể cho tôi chuyện cổ tích,ProductCameraIntent,camera thế nào
315,product_context,product_price,iPhone 16 giá bao nhiêu,PromotionIntent,máy này có ưu đãi không,FallbackIntent,kể cho tôi chuyện cổ tích,ProductBatteryIntent,pin có tốt không
316,product_context,product_price,iPhone 16 giá bao nhiêu,PromotionIntent,máy này có ưu đãi không,HumanHandoffIntent,cho tôi gặp nhân viên,ProductPriceIntent,giá bao nhiêu
317,product_context,product_price,iPhone 16 giá bao nhiêu,PromotionIntent,máy này có ưu đãi không,HumanHandoffIntent,cho tôi gặp nhân viên,ProductAvailabilityIntent,còn hàng không
318,product_context,product_price,iPhone 16 giá bao nhiêu,PromotionIntent,máy này có ưu đãi không,HumanHandoffIntent,cho tôi gặp nhân viên,WarrantyPolicyIntent,bảo hành bao lâu
319,product_context,product_price,iPhone 16 giá bao nhiêu,PromotionIntent,máy này có ưu đãi không,HumanHandoffIntent,cho tôi gặp nhân viên,ProductCameraIntent,camera thế nào
320,product_context,product_price,iPhone 16 giá bao nhiêu,PromotionIntent,máy này có ưu đãi không,HumanHandoffIntent,cho tôi gặp nhân viên,ProductBatteryIntent,pin có tốt không
321,product_context,product_price,iPhone 16 giá bao nhiêu,PromotionIntent,máy này có ưu đãi không,OrderHistoryIntent,xem lịch sử đơn hàng,ProductPriceIntent,giá bao nhiêu
322,product_context,product_price,iPhone 16 giá bao nhiêu,PromotionIntent,máy này có ưu đãi không,OrderHistoryIntent,xem lịch sử đơn hàng,ProductAvailabilityIntent,còn hàng không
323,product_context,product_price,iPhone 16 giá bao nhiêu,PromotionIntent,máy này có ưu đãi không,OrderHistoryIntent,xem lịch sử đơn hàng,WarrantyPolicyIntent,bảo hành bao lâu
324,product_context,product_price,iPhone 16 giá bao nhiêu,PromotionIntent,máy này có ưu đãi không,OrderHistoryIntent,xem lịch sử đơn hàng,ProductCameraIntent,camera thế nào
325,product_context,product_price,iPhone 16 giá bao nhiêu,PromotionIntent,máy này có ưu đãi không,OrderHistoryIntent,xem lịch sử đơn hàng,ProductBatteryIntent,pin có tốt không
326,product_context,product_price,iPhone 16 giá bao nhiêu,PromotionIntent,máy này có ưu đãi không,OrderStatusIntent,đơn của tôi đang ở đâu,ProductPriceIntent,giá bao nhiêu
327,product_context,product_price,iPhone 16 giá bao nhiêu,PromotionIntent,máy này có ưu đãi không,OrderStatusIntent,đơn của tôi đang ở đâu,ProductAvailabilityIntent,còn hàng không
328,product_context,product_price,iPhone 16 giá bao nhiêu,PromotionIntent,máy này có ưu đãi không,OrderStatusIntent,đơn của tôi đang ở đâu,WarrantyPolicyIntent,bảo hành bao lâu
329,product_context,product_price,iPhone 16 giá bao nhiêu,PromotionIntent,máy này có ưu đãi không,OrderStatusIntent,đơn của tôi đang ở đâu,ProductCameraIntent,camera thế nào
330,product_context,product_price,iPhone 16 giá bao nhiêu,PromotionIntent,máy này có ưu đãi không,OrderStatusIntent,đơn của tôi đang ở đâu,ProductBatteryIntent,pin có tốt không
331,product_context,product_price,iPhone 16 giá bao nhiêu,PromotionIntent,máy này có ưu đãi không,OrderDetailIntent,xem chi tiết đơn hàng,ProductPriceIntent,giá bao nhiêu
332,product_context,product_price,iPhone 16 giá bao nhiêu,PromotionIntent,máy này có ưu đãi không,OrderDetailIntent,xem chi tiết đơn hàng,ProductAvailabilityIntent,còn hàng không
333,product_context,product_price,iPhone 16 giá bao nhiêu,PromotionIntent,máy này có ưu đãi không,OrderDetailIntent,xem chi tiết đơn hàng,WarrantyPolicyIntent,bảo hành bao lâu
334,product_context,product_price,iPhone 16 giá bao nhiêu,PromotionIntent,máy này có ưu đãi không,OrderDetailIntent,xem chi tiết đơn hàng,ProductCameraIntent,camera thế nào
335,product_context,product_price,iPhone 16 giá bao nhiêu,PromotionIntent,máy này có ưu đãi không,OrderDetailIntent,xem chi tiết đơn hàng,ProductBatteryIntent,pin có tốt không
336,product_context,product_price,iPhone 16 giá bao nhiêu,PromotionIntent,máy này có ưu đãi không,OrderCancelIntent,tôi muốn hủy đơn,ProductPriceIntent,giá bao nhiêu
337,product_context,product_price,iPhone 16 giá bao nhiêu,PromotionIntent,máy này có ưu đãi không,OrderCancelIntent,tôi muốn hủy đơn,ProductAvailabilityIntent,còn hàng không
338,product_context,product_price,iPhone 16 giá bao nhiêu,PromotionIntent,máy này có ưu đãi không,OrderCancelIntent,tôi muốn hủy đơn,WarrantyPolicyIntent,bảo hành bao lâu
339,product_context,product_price,iPhone 16 giá bao nhiêu,PromotionIntent,máy này có ưu đãi không,OrderCancelIntent,tôi muốn hủy đơn,ProductCameraIntent,camera thế nào
340,product_context,product_price,iPhone 16 giá bao nhiêu,PromotionIntent,máy này có ưu đãi không,OrderCancelIntent,tôi muốn hủy đơn,ProductBatteryIntent,pin có tốt không
341,product_context,product_price,iPhone 16 giá bao nhiêu,PromotionIntent,máy này có ưu đãi không,OrderModifyIntent,tôi muốn sửa đơn,ProductPriceIntent,giá bao nhiêu
342,product_context,product_price,iPhone 16 giá bao nhiêu,PromotionIntent,máy này có ưu đãi không,OrderModifyIntent,tôi muốn sửa đơn,ProductAvailabilityIntent,còn hàng không
343,product_context,product_price,iPhone 16 giá bao nhiêu,PromotionIntent,máy này có ưu đãi không,OrderModifyIntent,tôi muốn sửa đơn,WarrantyPolicyIntent,bảo hành bao lâu
344,product_context,product_price,iPhone 16 giá bao nhiêu,PromotionIntent,máy này có ưu đãi không,OrderModifyIntent,tôi muốn sửa đơn,ProductCameraIntent,camera thế nào
345,product_context,product_price,iPhone 16 giá bao nhiêu,PromotionIntent,máy này có ưu đãi không,OrderModifyIntent,tôi muốn sửa đơn,ProductBatteryIntent,pin có tốt không
346,product_context,product_price,iPhone 16 giá bao nhiêu,PromotionIntent,máy này có ưu đãi không,RefundStatusIntent,bao giờ tôi được hoàn tiền,ProductPriceIntent,giá bao nhiêu
347,product_context,product_price,iPhone 16 giá bao nhiêu,PromotionIntent,máy này có ưu đãi không,RefundStatusIntent,bao giờ tôi được hoàn tiền,ProductAvailabilityIntent,còn hàng không
348,product_context,product_price,iPhone 16 giá bao nhiêu,PromotionIntent,máy này có ưu đãi không,RefundStatusIntent,bao giờ tôi được hoàn tiền,WarrantyPolicyIntent,bảo hành bao lâu
349,product_context,product_price,iPhone 16 giá bao nhiêu,PromotionIntent,máy này có ưu đãi không,RefundStatusIntent,bao giờ tôi được hoàn tiền,ProductCameraIntent,camera thế nào
350,product_context,product_price,iPhone 16 giá bao nhiêu,PromotionIntent,máy này có ưu đãi không,RefundStatusIntent,bao giờ tôi được hoàn tiền,ProductBatteryIntent,pin có tốt không
351,product_context,product_price,iPhone 16 giá bao nhiêu,InstallmentIntent,máy này trả góp được không,StoreInfoIntent,shop mở cửa lúc mấy giờ,ProductPriceIntent,giá bao nhiêu
352,product_context,product_price,iPhone 16 giá bao nhiêu,InstallmentIntent,máy này trả góp được không,StoreInfoIntent,shop mở cửa lúc mấy giờ,ProductAvailabilityIntent,còn hàng không
353,product_context,product_price,iPhone 16 giá bao nhiêu,InstallmentIntent,máy này trả góp được không,StoreInfoIntent,shop mở cửa lúc mấy giờ,WarrantyPolicyIntent,bảo hành bao lâu
354,product_context,product_price,iPhone 16 giá bao nhiêu,InstallmentIntent,máy này trả góp được không,StoreInfoIntent,shop mở cửa lúc mấy giờ,ProductCameraIntent,camera thế nào
355,product_context,product_price,iPhone 16 giá bao nhiêu,InstallmentIntent,máy này trả góp được không,StoreInfoIntent,shop mở cửa lúc mấy giờ,ProductBatteryIntent,pin có tốt không
356,product_context,product_price,iPhone 16 giá bao nhiêu,InstallmentIntent,máy này trả góp được không,GreetingIntent,xin chào shop,ProductPriceIntent,giá bao nhiêu
357,product_context,product_price,iPhone 16 giá bao nhiêu,InstallmentIntent,máy này trả góp được không,GreetingIntent,xin chào shop,ProductAvailabilityIntent,còn hàng không
358,product_context,product_price,iPhone 16 giá bao nhiêu,InstallmentIntent,máy này trả góp được không,GreetingIntent,xin chào shop,WarrantyPolicyIntent,bảo hành bao lâu
359,product_context,product_price,iPhone 16 giá bao nhiêu,InstallmentIntent,máy này trả góp được không,GreetingIntent,xin chào shop,ProductCameraIntent,camera thế nào
360,product_context,product_price,iPhone 16 giá bao nhiêu,InstallmentIntent,máy này trả góp được không,GreetingIntent,xin chào shop,ProductBatteryIntent,pin có tốt không
361,product_context,product_price,iPhone 16 giá bao nhiêu,InstallmentIntent,máy này trả góp được không,FallbackIntent,kể cho tôi chuyện cổ tích,ProductPriceIntent,giá bao nhiêu
362,product_context,product_price,iPhone 16 giá bao nhiêu,InstallmentIntent,máy này trả góp được không,FallbackIntent,kể cho tôi chuyện cổ tích,ProductAvailabilityIntent,còn hàng không
363,product_context,product_price,iPhone 16 giá bao nhiêu,InstallmentIntent,máy này trả góp được không,FallbackIntent,kể cho tôi chuyện cổ tích,WarrantyPolicyIntent,bảo hành bao lâu
364,product_context,product_price,iPhone 16 giá bao nhiêu,InstallmentIntent,máy này trả góp được không,FallbackIntent,kể cho tôi chuyện cổ tích,ProductCameraIntent,camera thế nào
365,product_context,product_price,iPhone 16 giá bao nhiêu,InstallmentIntent,máy này trả góp được không,FallbackIntent,kể cho tôi chuyện cổ tích,ProductBatteryIntent,pin có tốt không
366,product_context,product_price,iPhone 16 giá bao nhiêu,InstallmentIntent,máy này trả góp được không,HumanHandoffIntent,cho tôi gặp nhân viên,ProductPriceIntent,giá bao nhiêu
367,product_context,product_price,iPhone 16 giá bao nhiêu,InstallmentIntent,máy này trả góp được không,HumanHandoffIntent,cho tôi gặp nhân viên,ProductAvailabilityIntent,còn hàng không
368,product_context,product_price,iPhone 16 giá bao nhiêu,InstallmentIntent,máy này trả góp được không,HumanHandoffIntent,cho tôi gặp nhân viên,WarrantyPolicyIntent,bảo hành bao lâu
369,product_context,product_price,iPhone 16 giá bao nhiêu,InstallmentIntent,máy này trả góp được không,HumanHandoffIntent,cho tôi gặp nhân viên,ProductCameraIntent,camera thế nào
370,product_context,product_price,iPhone 16 giá bao nhiêu,InstallmentIntent,máy này trả góp được không,HumanHandoffIntent,cho tôi gặp nhân viên,ProductBatteryIntent,pin có tốt không
371,product_context,product_price,iPhone 16 giá bao nhiêu,InstallmentIntent,máy này trả góp được không,OrderHistoryIntent,xem lịch sử đơn hàng,ProductPriceIntent,giá bao nhiêu
372,product_context,product_price,iPhone 16 giá bao nhiêu,InstallmentIntent,máy này trả góp được không,OrderHistoryIntent,xem lịch sử đơn hàng,ProductAvailabilityIntent,còn hàng không
373,product_context,product_price,iPhone 16 giá bao nhiêu,InstallmentIntent,máy này trả góp được không,OrderHistoryIntent,xem lịch sử đơn hàng,WarrantyPolicyIntent,bảo hành bao lâu
374,product_context,product_price,iPhone 16 giá bao nhiêu,InstallmentIntent,máy này trả góp được không,OrderHistoryIntent,xem lịch sử đơn hàng,ProductCameraIntent,camera thế nào
375,product_context,product_price,iPhone 16 giá bao nhiêu,InstallmentIntent,máy này trả góp được không,OrderHistoryIntent,xem lịch sử đơn hàng,ProductBatteryIntent,pin có tốt không
376,product_context,product_price,iPhone 16 giá bao nhiêu,InstallmentIntent,máy này trả góp được không,OrderStatusIntent,đơn của tôi đang ở đâu,ProductPriceIntent,giá bao nhiêu
377,product_context,product_price,iPhone 16 giá bao nhiêu,InstallmentIntent,máy này trả góp được không,OrderStatusIntent,đơn của tôi đang ở đâu,ProductAvailabilityIntent,còn hàng không
378,product_context,product_price,iPhone 16 giá bao nhiêu,InstallmentIntent,máy này trả góp được không,OrderStatusIntent,đơn của tôi đang ở đâu,WarrantyPolicyIntent,bảo hành bao lâu
379,product_context,product_price,iPhone 16 giá bao nhiêu,InstallmentIntent,máy này trả góp được không,OrderStatusIntent,đơn của tôi đang ở đâu,ProductCameraIntent,camera thế nào
380,product_context,product_price,iPhone 16 giá bao nhiêu,InstallmentIntent,máy này trả góp được không,OrderStatusIntent,đơn của tôi đang ở đâu,ProductBatteryIntent,pin có tốt không
381,product_context,product_price,iPhone 16 giá bao nhiêu,InstallmentIntent,máy này trả góp được không,OrderDetailIntent,xem chi tiết đơn hàng,ProductPriceIntent,giá bao nhiêu
382,product_context,product_price,iPhone 16 giá bao nhiêu,InstallmentIntent,máy này trả góp được không,OrderDetailIntent,xem chi tiết đơn hàng,ProductAvailabilityIntent,còn hàng không
383,product_context,product_price,iPhone 16 giá bao nhiêu,InstallmentIntent,máy này trả góp được không,OrderDetailIntent,xem chi tiết đơn hàng,WarrantyPolicyIntent,bảo hành bao lâu
384,product_context,product_price,iPhone 16 giá bao nhiêu,InstallmentIntent,máy này trả góp được không,OrderDetailIntent,xem chi tiết đơn hàng,ProductCameraIntent,camera thế nào
385,product_context,product_price,iPhone 16 giá bao nhiêu,InstallmentIntent,máy này trả góp được không,OrderDetailIntent,xem chi tiết đơn hàng,ProductBatteryIntent,pin có tốt không
386,product_context,product_price,iPhone 16 giá bao nhiêu,InstallmentIntent,máy này trả góp được không,OrderCancelIntent,tôi muốn hủy đơn,ProductPriceIntent,giá bao nhiêu
387,product_context,product_price,iPhone 16 giá bao nhiêu,InstallmentIntent,máy này trả góp được không,OrderCancelIntent,tôi muốn hủy đơn,ProductAvailabilityIntent,còn hàng không
388,product_context,product_price,iPhone 16 giá bao nhiêu,InstallmentIntent,máy này trả góp được không,OrderCancelIntent,tôi muốn hủy đơn,WarrantyPolicyIntent,bảo hành bao lâu
389,product_context,product_price,iPhone 16 giá bao nhiêu,InstallmentIntent,máy này trả góp được không,OrderCancelIntent,tôi muốn hủy đơn,ProductCameraIntent,camera thế nào
390,product_context,product_price,iPhone 16 giá bao nhiêu,InstallmentIntent,máy này trả góp được không,OrderCancelIntent,tôi muốn hủy đơn,ProductBatteryIntent,pin có tốt không
391,product_context,product_price,iPhone 16 giá bao nhiêu,InstallmentIntent,máy này trả góp được không,OrderModifyIntent,tôi muốn sửa đơn,ProductPriceIntent,giá bao nhiêu
392,product_context,product_price,iPhone 16 giá bao nhiêu,InstallmentIntent,máy này trả góp được không,OrderModifyIntent,tôi muốn sửa đơn,ProductAvailabilityIntent,còn hàng không
393,product_context,product_price,iPhone 16 giá bao nhiêu,InstallmentIntent,máy này trả góp được không,OrderModifyIntent,tôi muốn sửa đơn,WarrantyPolicyIntent,bảo hành bao lâu
394,product_context,product_price,iPhone 16 giá bao nhiêu,InstallmentIntent,máy này trả góp được không,OrderModifyIntent,tôi muốn sửa đơn,ProductCameraIntent,camera thế nào
395,product_context,product_price,iPhone 16 giá bao nhiêu,InstallmentIntent,máy này trả góp được không,OrderModifyIntent,tôi muốn sửa đơn,ProductBatteryIntent,pin có tốt không
396,product_context,product_price,iPhone 16 giá bao nhiêu,InstallmentIntent,máy này trả góp được không,RefundStatusIntent,bao giờ tôi được hoàn tiền,ProductPriceIntent,giá bao nhiêu
397,product_context,product_price,iPhone 16 giá bao nhiêu,InstallmentIntent,máy này trả góp được không,RefundStatusIntent,bao giờ tôi được hoàn tiền,ProductAvailabilityIntent,còn hàng không
398,product_context,product_price,iPhone 16 giá bao nhiêu,InstallmentIntent,máy này trả góp được không,RefundStatusIntent,bao giờ tôi được hoàn tiền,WarrantyPolicyIntent,bảo hành bao lâu
399,product_context,product_price,iPhone 16 giá bao nhiêu,InstallmentIntent,máy này trả góp được không,RefundStatusIntent,bao giờ tôi được hoàn tiền,ProductCameraIntent,camera thế nào
400,product_context,product_price,iPhone 16 giá bao nhiêu,InstallmentIntent,máy này trả góp được không,RefundStatusIntent,bao giờ tôi được hoàn tiền,ProductBatteryIntent,pin có tốt không
401,product_context,product_price,iPhone 16 giá bao nhiêu,CartAddItemIntent,thêm máy này vào giỏ,StoreInfoIntent,shop mở cửa lúc mấy giờ,ProductPriceIntent,giá bao nhiêu
402,product_context,product_price,iPhone 16 giá bao nhiêu,CartAddItemIntent,thêm máy này vào giỏ,StoreInfoIntent,shop mở cửa lúc mấy giờ,ProductAvailabilityIntent,còn hàng không
403,product_context,product_price,iPhone 16 giá bao nhiêu,CartAddItemIntent,thêm máy này vào giỏ,StoreInfoIntent,shop mở cửa lúc mấy giờ,WarrantyPolicyIntent,bảo hành bao lâu
404,product_context,product_price,iPhone 16 giá bao nhiêu,CartAddItemIntent,thêm máy này vào giỏ,StoreInfoIntent,shop mở cửa lúc mấy giờ,ProductCameraIntent,camera thế nào
405,product_context,product_price,iPhone 16 giá bao nhiêu,CartAddItemIntent,thêm máy này vào giỏ,StoreInfoIntent,shop mở cửa lúc mấy giờ,ProductBatteryIntent,pin có tốt không
406,product_context,product_price,iPhone 16 giá bao nhiêu,CartAddItemIntent,thêm máy này vào giỏ,GreetingIntent,xin chào shop,ProductPriceIntent,giá bao nhiêu
407,product_context,product_price,iPhone 16 giá bao nhiêu,CartAddItemIntent,thêm máy này vào giỏ,GreetingIntent,xin chào shop,ProductAvailabilityIntent,còn hàng không
408,product_context,product_price,iPhone 16 giá bao nhiêu,CartAddItemIntent,thêm máy này vào giỏ,GreetingIntent,xin chào shop,WarrantyPolicyIntent,bảo hành bao lâu
409,product_context,product_price,iPhone 16 giá bao nhiêu,CartAddItemIntent,thêm máy này vào giỏ,GreetingIntent,xin chào shop,ProductCameraIntent,camera thế nào
410,product_context,product_price,iPhone 16 giá bao nhiêu,CartAddItemIntent,thêm máy này vào giỏ,GreetingIntent,xin chào shop,ProductBatteryIntent,pin có tốt không
411,product_context,product_price,iPhone 16 giá bao nhiêu,CartAddItemIntent,thêm máy này vào giỏ,FallbackIntent,kể cho tôi chuyện cổ tích,ProductPriceIntent,giá bao nhiêu
412,product_context,product_price,iPhone 16 giá bao nhiêu,CartAddItemIntent,thêm máy này vào giỏ,FallbackIntent,kể cho tôi chuyện cổ tích,ProductAvailabilityIntent,còn hàng không
413,product_context,product_price,iPhone 16 giá bao nhiêu,CartAddItemIntent,thêm máy này vào giỏ,FallbackIntent,kể cho tôi chuyện cổ tích,WarrantyPolicyIntent,bảo hành bao lâu
414,product_context,product_price,iPhone 16 giá bao nhiêu,CartAddItemIntent,thêm máy này vào giỏ,FallbackIntent,kể cho tôi chuyện cổ tích,ProductCameraIntent,camera thế nào
415,product_context,product_price,iPhone 16 giá bao nhiêu,CartAddItemIntent,thêm máy này vào giỏ,FallbackIntent,kể cho tôi chuyện cổ tích,ProductBatteryIntent,pin có tốt không
416,product_context,product_price,iPhone 16 giá bao nhiêu,CartAddItemIntent,thêm máy này vào giỏ,HumanHandoffIntent,cho tôi gặp nhân viên,ProductPriceIntent,giá bao nhiêu
417,product_context,product_price,iPhone 16 giá bao nhiêu,CartAddItemIntent,thêm máy này vào giỏ,HumanHandoffIntent,cho tôi gặp nhân viên,ProductAvailabilityIntent,còn hàng không
418,product_context,product_price,iPhone 16 giá bao nhiêu,CartAddItemIntent,thêm máy này vào giỏ,HumanHandoffIntent,cho tôi gặp nhân viên,WarrantyPolicyIntent,bảo hành bao lâu
419,product_context,product_price,iPhone 16 giá bao nhiêu,CartAddItemIntent,thêm máy này vào giỏ,HumanHandoffIntent,cho tôi gặp nhân viên,ProductCameraIntent,camera thế nào
420,product_context,product_price,iPhone 16 giá bao nhiêu,CartAddItemIntent,thêm máy này vào giỏ,HumanHandoffIntent,cho tôi gặp nhân viên,ProductBatteryIntent,pin có tốt không
421,product_context,product_price,iPhone 16 giá bao nhiêu,CartAddItemIntent,thêm máy này vào giỏ,OrderHistoryIntent,xem lịch sử đơn hàng,ProductPriceIntent,giá bao nhiêu
422,product_context,product_price,iPhone 16 giá bao nhiêu,CartAddItemIntent,thêm máy này vào giỏ,OrderHistoryIntent,xem lịch sử đơn hàng,ProductAvailabilityIntent,còn hàng không
423,product_context,product_price,iPhone 16 giá bao nhiêu,CartAddItemIntent,thêm máy này vào giỏ,OrderHistoryIntent,xem lịch sử đơn hàng,WarrantyPolicyIntent,bảo hành bao lâu
424,product_context,product_price,iPhone 16 giá bao nhiêu,CartAddItemIntent,thêm máy này vào giỏ,OrderHistoryIntent,xem lịch sử đơn hàng,ProductCameraIntent,camera thế nào
425,product_context,product_price,iPhone 16 giá bao nhiêu,CartAddItemIntent,thêm máy này vào giỏ,OrderHistoryIntent,xem lịch sử đơn hàng,ProductBatteryIntent,pin có tốt không
426,product_context,product_price,iPhone 16 giá bao nhiêu,CartAddItemIntent,thêm máy này vào giỏ,OrderStatusIntent,đơn của tôi đang ở đâu,ProductPriceIntent,giá bao nhiêu
427,product_context,product_price,iPhone 16 giá bao nhiêu,CartAddItemIntent,thêm máy này vào giỏ,OrderStatusIntent,đơn của tôi đang ở đâu,ProductAvailabilityIntent,còn hàng không
428,product_context,product_price,iPhone 16 giá bao nhiêu,CartAddItemIntent,thêm máy này vào giỏ,OrderStatusIntent,đơn của tôi đang ở đâu,WarrantyPolicyIntent,bảo hành bao lâu
429,product_context,product_price,iPhone 16 giá bao nhiêu,CartAddItemIntent,thêm máy này vào giỏ,OrderStatusIntent,đơn của tôi đang ở đâu,ProductCameraIntent,camera thế nào
430,product_context,product_price,iPhone 16 giá bao nhiêu,CartAddItemIntent,thêm máy này vào giỏ,OrderStatusIntent,đơn của tôi đang ở đâu,ProductBatteryIntent,pin có tốt không
431,product_context,product_price,iPhone 16 giá bao nhiêu,CartAddItemIntent,thêm máy này vào giỏ,OrderDetailIntent,xem chi tiết đơn hàng,ProductPriceIntent,giá bao nhiêu
432,product_context,product_price,iPhone 16 giá bao nhiêu,CartAddItemIntent,thêm máy này vào giỏ,OrderDetailIntent,xem chi tiết đơn hàng,ProductAvailabilityIntent,còn hàng không
433,product_context,product_price,iPhone 16 giá bao nhiêu,CartAddItemIntent,thêm máy này vào giỏ,OrderDetailIntent,xem chi tiết đơn hàng,WarrantyPolicyIntent,bảo hành bao lâu
434,product_context,product_price,iPhone 16 giá bao nhiêu,CartAddItemIntent,thêm máy này vào giỏ,OrderDetailIntent,xem chi tiết đơn hàng,ProductCameraIntent,camera thế nào
435,product_context,product_price,iPhone 16 giá bao nhiêu,CartAddItemIntent,thêm máy này vào giỏ,OrderDetailIntent,xem chi tiết đơn hàng,ProductBatteryIntent,pin có tốt không
436,product_context,product_price,iPhone 16 giá bao nhiêu,CartAddItemIntent,thêm máy này vào giỏ,OrderCancelIntent,tôi muốn hủy đơn,ProductPriceIntent,giá bao nhiêu
437,product_context,product_price,iPhone 16 giá bao nhiêu,CartAddItemIntent,thêm máy này vào giỏ,OrderCancelIntent,tôi muốn hủy đơn,ProductAvailabilityIntent,còn hàng không
438,product_context,product_price,iPhone 16 giá bao nhiêu,CartAddItemIntent,thêm máy này vào giỏ,OrderCancelIntent,tôi muốn hủy đơn,WarrantyPolicyIntent,bảo hành bao lâu
439,product_context,product_price,iPhone 16 giá bao nhiêu,CartAddItemIntent,thêm máy này vào giỏ,OrderCancelIntent,tôi muốn hủy đơn,ProductCameraIntent,camera thế nào
440,product_context,product_price,iPhone 16 giá bao nhiêu,CartAddItemIntent,thêm máy này vào giỏ,OrderCancelIntent,tôi muốn hủy đơn,ProductBatteryIntent,pin có tốt không
441,product_context,product_price,iPhone 16 giá bao nhiêu,CartAddItemIntent,thêm máy này vào giỏ,OrderModifyIntent,tôi muốn sửa đơn,ProductPriceIntent,giá bao nhiêu
442,product_context,product_price,iPhone 16 giá bao nhiêu,CartAddItemIntent,thêm máy này vào giỏ,OrderModifyIntent,tôi muốn sửa đơn,ProductAvailabilityIntent,còn hàng không
443,product_context,product_price,iPhone 16 giá bao nhiêu,CartAddItemIntent,thêm máy này vào giỏ,OrderModifyIntent,tôi muốn sửa đơn,WarrantyPolicyIntent,bảo hành bao lâu
444,product_context,product_price,iPhone 16 giá bao nhiêu,CartAddItemIntent,thêm máy này vào giỏ,OrderModifyIntent,tôi muốn sửa đơn,ProductCameraIntent,camera thế nào
445,product_context,product_price,iPhone 16 giá bao nhiêu,CartAddItemIntent,thêm máy này vào giỏ,OrderModifyIntent,tôi muốn sửa đơn,ProductBatteryIntent,pin có tốt không
446,product_context,product_price,iPhone 16 giá bao nhiêu,CartAddItemIntent,thêm máy này vào giỏ,RefundStatusIntent,bao giờ tôi được hoàn tiền,ProductPriceIntent,giá bao nhiêu
447,product_context,product_price,iPhone 16 giá bao nhiêu,CartAddItemIntent,thêm máy này vào giỏ,RefundStatusIntent,bao giờ tôi được hoàn tiền,ProductAvailabilityIntent,còn hàng không
448,product_context,product_price,iPhone 16 giá bao nhiêu,CartAddItemIntent,thêm máy này vào giỏ,RefundStatusIntent,bao giờ tôi được hoàn tiền,WarrantyPolicyIntent,bảo hành bao lâu
449,product_context,product_price,iPhone 16 giá bao nhiêu,CartAddItemIntent,thêm máy này vào giỏ,RefundStatusIntent,bao giờ tôi được hoàn tiền,ProductCameraIntent,camera thế nào
450,product_context,product_price,iPhone 16 giá bao nhiêu,CartAddItemIntent,thêm máy này vào giỏ,RefundStatusIntent,bao giờ tôi được hoàn tiền,ProductBatteryIntent,pin có tốt không
451,product_context,product_price,iPhone 16 giá bao nhiêu,CheckoutStartIntent,mua máy này ngay,StoreInfoIntent,shop mở cửa lúc mấy giờ,ProductPriceIntent,giá bao nhiêu
452,product_context,product_price,iPhone 16 giá bao nhiêu,CheckoutStartIntent,mua máy này ngay,StoreInfoIntent,shop mở cửa lúc mấy giờ,ProductAvailabilityIntent,còn hàng không
453,product_context,product_price,iPhone 16 giá bao nhiêu,CheckoutStartIntent,mua máy này ngay,StoreInfoIntent,shop mở cửa lúc mấy giờ,WarrantyPolicyIntent,bảo hành bao lâu
454,product_context,product_price,iPhone 16 giá bao nhiêu,CheckoutStartIntent,mua máy này ngay,StoreInfoIntent,shop mở cửa lúc mấy giờ,ProductCameraIntent,camera thế nào
455,product_context,product_price,iPhone 16 giá bao nhiêu,CheckoutStartIntent,mua máy này ngay,StoreInfoIntent,shop mở cửa lúc mấy giờ,ProductBatteryIntent,pin có tốt không
456,product_context,product_price,iPhone 16 giá bao nhiêu,CheckoutStartIntent,mua máy này ngay,GreetingIntent,xin chào shop,ProductPriceIntent,giá bao nhiêu
457,product_context,product_price,iPhone 16 giá bao nhiêu,CheckoutStartIntent,mua máy này ngay,GreetingIntent,xin chào shop,ProductAvailabilityIntent,còn hàng không
458,product_context,product_price,iPhone 16 giá bao nhiêu,CheckoutStartIntent,mua máy này ngay,GreetingIntent,xin chào shop,WarrantyPolicyIntent,bảo hành bao lâu
459,product_context,product_price,iPhone 16 giá bao nhiêu,CheckoutStartIntent,mua máy này ngay,GreetingIntent,xin chào shop,ProductCameraIntent,camera thế nào
460,product_context,product_price,iPhone 16 giá bao nhiêu,CheckoutStartIntent,mua máy này ngay,GreetingIntent,xin chào shop,ProductBatteryIntent,pin có tốt không
461,product_context,product_price,iPhone 16 giá bao nhiêu,CheckoutStartIntent,mua máy này ngay,FallbackIntent,kể cho tôi chuyện cổ tích,ProductPriceIntent,giá bao nhiêu
462,product_context,product_price,iPhone 16 giá bao nhiêu,CheckoutStartIntent,mua máy này ngay,FallbackIntent,kể cho tôi chuyện cổ tích,ProductAvailabilityIntent,còn hàng không
463,product_context,product_price,iPhone 16 giá bao nhiêu,CheckoutStartIntent,mua máy này ngay,FallbackIntent,kể cho tôi chuyện cổ tích,WarrantyPolicyIntent,bảo hành bao lâu
464,product_context,product_price,iPhone 16 giá bao nhiêu,CheckoutStartIntent,mua máy này ngay,FallbackIntent,kể cho tôi chuyện cổ tích,ProductCameraIntent,camera thế nào
465,product_context,product_price,iPhone 16 giá bao nhiêu,CheckoutStartIntent,mua máy này ngay,FallbackIntent,kể cho tôi chuyện cổ tích,ProductBatteryIntent,pin có tốt không
466,product_context,product_price,iPhone 16 giá bao nhiêu,CheckoutStartIntent,mua máy này ngay,HumanHandoffIntent,cho tôi gặp nhân viên,ProductPriceIntent,giá bao nhiêu
467,product_context,product_price,iPhone 16 giá bao nhiêu,CheckoutStartIntent,mua máy này ngay,HumanHandoffIntent,cho tôi gặp nhân viên,ProductAvailabilityIntent,còn hàng không
468,product_context,product_price,iPhone 16 giá bao nhiêu,CheckoutStartIntent,mua máy này ngay,HumanHandoffIntent,cho tôi gặp nhân viên,WarrantyPolicyIntent,bảo hành bao lâu
469,product_context,product_price,iPhone 16 giá bao nhiêu,CheckoutStartIntent,mua máy này ngay,HumanHandoffIntent,cho tôi gặp nhân viên,ProductCameraIntent,camera thế nào
470,product_context,product_price,iPhone 16 giá bao nhiêu,CheckoutStartIntent,mua máy này ngay,HumanHandoffIntent,cho tôi gặp nhân viên,ProductBatteryIntent,pin có tốt không
471,product_context,product_price,iPhone 16 giá bao nhiêu,CheckoutStartIntent,mua máy này ngay,OrderHistoryIntent,xem lịch sử đơn hàng,ProductPriceIntent,giá bao nhiêu
472,product_context,product_price,iPhone 16 giá bao nhiêu,CheckoutStartIntent,mua máy này ngay,OrderHistoryIntent,xem lịch sử đơn hàng,ProductAvailabilityIntent,còn hàng không
473,product_context,product_price,iPhone 16 giá bao nhiêu,CheckoutStartIntent,mua máy này ngay,OrderHistoryIntent,xem lịch sử đơn hàng,WarrantyPolicyIntent,bảo hành bao lâu
474,product_context,product_price,iPhone 16 giá bao nhiêu,CheckoutStartIntent,mua máy này ngay,OrderHistoryIntent,xem lịch sử đơn hàng,ProductCameraIntent,camera thế nào
475,product_context,product_price,iPhone 16 giá bao nhiêu,CheckoutStartIntent,mua máy này ngay,OrderHistoryIntent,xem lịch sử đơn hàng,ProductBatteryIntent,pin có tốt không
476,product_context,product_price,iPhone 16 giá bao nhiêu,CheckoutStartIntent,mua máy này ngay,OrderStatusIntent,đơn của tôi đang ở đâu,ProductPriceIntent,giá bao nhiêu
477,product_context,product_price,iPhone 16 giá bao nhiêu,CheckoutStartIntent,mua máy này ngay,OrderStatusIntent,đơn của tôi đang ở đâu,ProductAvailabilityIntent,còn hàng không
478,product_context,product_price,iPhone 16 giá bao nhiêu,CheckoutStartIntent,mua máy này ngay,OrderStatusIntent,đơn của tôi đang ở đâu,WarrantyPolicyIntent,bảo hành bao lâu
479,product_context,product_price,iPhone 16 giá bao nhiêu,CheckoutStartIntent,mua máy này ngay,OrderStatusIntent,đơn của tôi đang ở đâu,ProductCameraIntent,camera thế nào
480,product_context,product_price,iPhone 16 giá bao nhiêu,CheckoutStartIntent,mua máy này ngay,OrderStatusIntent,đơn của tôi đang ở đâu,ProductBatteryIntent,pin có tốt không
481,product_context,product_price,iPhone 16 giá bao nhiêu,CheckoutStartIntent,mua máy này ngay,OrderDetailIntent,xem chi tiết đơn hàng,ProductPriceIntent,giá bao nhiêu
482,product_context,product_price,iPhone 16 giá bao nhiêu,CheckoutStartIntent,mua máy này ngay,OrderDetailIntent,xem chi tiết đơn hàng,ProductAvailabilityIntent,còn hàng không
483,product_context,product_price,iPhone 16 giá bao nhiêu,CheckoutStartIntent,mua máy này ngay,OrderDetailIntent,xem chi tiết đơn hàng,WarrantyPolicyIntent,bảo hành bao lâu
484,product_context,product_price,iPhone 16 giá bao nhiêu,CheckoutStartIntent,mua máy này ngay,OrderDetailIntent,xem chi tiết đơn hàng,ProductCameraIntent,camera thế nào
485,product_context,product_price,iPhone 16 giá bao nhiêu,CheckoutStartIntent,mua máy này ngay,OrderDetailIntent,xem chi tiết đơn hàng,ProductBatteryIntent,pin có tốt không
486,product_context,product_price,iPhone 16 giá bao nhiêu,CheckoutStartIntent,mua máy này ngay,OrderCancelIntent,tôi muốn hủy đơn,ProductPriceIntent,giá bao nhiêu
487,product_context,product_price,iPhone 16 giá bao nhiêu,CheckoutStartIntent,mua máy này ngay,OrderCancelIntent,tôi muốn hủy đơn,ProductAvailabilityIntent,còn hàng không
488,product_context,product_price,iPhone 16 giá bao nhiêu,CheckoutStartIntent,mua máy này ngay,OrderCancelIntent,tôi muốn hủy đơn,WarrantyPolicyIntent,bảo hành bao lâu
489,product_context,product_price,iPhone 16 giá bao nhiêu,CheckoutStartIntent,mua máy này ngay,OrderCancelIntent,tôi muốn hủy đơn,ProductCameraIntent,camera thế nào
490,product_context,product_price,iPhone 16 giá bao nhiêu,CheckoutStartIntent,mua máy này ngay,OrderCancelIntent,tôi muốn hủy đơn,ProductBatteryIntent,pin có tốt không
491,product_context,product_price,iPhone 16 giá bao nhiêu,CheckoutStartIntent,mua máy này ngay,OrderModifyIntent,tôi muốn sửa đơn,ProductPriceIntent,giá bao nhiêu
492,product_context,product_price,iPhone 16 giá bao nhiêu,CheckoutStartIntent,mua máy này ngay,OrderModifyIntent,tôi muốn sửa đơn,ProductAvailabilityIntent,còn hàng không
493,product_context,product_price,iPhone 16 giá bao nhiêu,CheckoutStartIntent,mua máy này ngay,OrderModifyIntent,tôi muốn sửa đơn,WarrantyPolicyIntent,bảo hành bao lâu
494,product_context,product_price,iPhone 16 giá bao nhiêu,CheckoutStartIntent,mua máy này ngay,OrderModifyIntent,tôi muốn sửa đơn,ProductCameraIntent,camera thế nào
495,product_context,product_price,iPhone 16 giá bao nhiêu,CheckoutStartIntent,mua máy này ngay,OrderModifyIntent,tôi muốn sửa đơn,ProductBatteryIntent,pin có tốt không
496,product_context,product_price,iPhone 16 giá bao nhiêu,CheckoutStartIntent,mua máy này ngay,RefundStatusIntent,bao giờ tôi được hoàn tiền,ProductPriceIntent,giá bao nhiêu
497,product_context,product_price,iPhone 16 giá bao nhiêu,CheckoutStartIntent,mua máy này ngay,RefundStatusIntent,bao giờ tôi được hoàn tiền,ProductAvailabilityIntent,còn hàng không
498,product_context,product_price,iPhone 16 giá bao nhiêu,CheckoutStartIntent,mua máy này ngay,RefundStatusIntent,bao giờ tôi được hoàn tiền,WarrantyPolicyIntent,bảo hành bao lâu
499,product_context,product_price,iPhone 16 giá bao nhiêu,CheckoutStartIntent,mua máy này ngay,RefundStatusIntent,bao giờ tôi được hoàn tiền,ProductCameraIntent,camera thế nào
500,product_context,product_price,iPhone 16 giá bao nhiêu,CheckoutStartIntent,mua máy này ngay,RefundStatusIntent,bao giờ tôi được hoàn tiền,ProductBatteryIntent,pin có tốt không
501,product_context,product_price,Samsung Galaxy S26 Ultra giá bao nhiêu,ProductAvailabilityIntent,máy này còn hàng không,StoreInfoIntent,shop mở cửa lúc mấy giờ,ProductPriceIntent,giá bao nhiêu
502,product_context,product_price,Samsung Galaxy S26 Ultra giá bao nhiêu,ProductAvailabilityIntent,máy này còn hàng không,StoreInfoIntent,shop mở cửa lúc mấy giờ,ProductAvailabilityIntent,còn hàng không
503,product_context,product_price,Samsung Galaxy S26 Ultra giá bao nhiêu,ProductAvailabilityIntent,máy này còn hàng không,StoreInfoIntent,shop mở cửa lúc mấy giờ,WarrantyPolicyIntent,bảo hành bao lâu
504,product_context,product_price,Samsung Galaxy S26 Ultra giá bao nhiêu,ProductAvailabilityIntent,máy này còn hàng không,StoreInfoIntent,shop mở cửa lúc mấy giờ,ProductCameraIntent,camera thế nào
505,product_context,product_price,Samsung Galaxy S26 Ultra giá bao nhiêu,ProductAvailabilityIntent,máy này còn hàng không,StoreInfoIntent,shop mở cửa lúc mấy giờ,ProductBatteryIntent,pin có tốt không
506,product_context,product_price,Samsung Galaxy S26 Ultra giá bao nhiêu,ProductAvailabilityIntent,máy này còn hàng không,GreetingIntent,xin chào shop,ProductPriceIntent,giá bao nhiêu
507,product_context,product_price,Samsung Galaxy S26 Ultra giá bao nhiêu,ProductAvailabilityIntent,máy này còn hàng không,GreetingIntent,xin chào shop,ProductAvailabilityIntent,còn hàng không
508,product_context,product_price,Samsung Galaxy S26 Ultra giá bao nhiêu,ProductAvailabilityIntent,máy này còn hàng không,GreetingIntent,xin chào shop,WarrantyPolicyIntent,bảo hành bao lâu
509,product_context,product_price,Samsung Galaxy S26 Ultra giá bao nhiêu,ProductAvailabilityIntent,máy này còn hàng không,GreetingIntent,xin chào shop,ProductCameraIntent,camera thế nào
510,product_context,product_price,Samsung Galaxy S26 Ultra giá bao nhiêu,ProductAvailabilityIntent,máy này còn hàng không,GreetingIntent,xin chào shop,ProductBatteryIntent,pin có tốt không
511,product_context,product_price,Samsung Galaxy S26 Ultra giá bao nhiêu,ProductAvailabilityIntent,máy này còn hàng không,FallbackIntent,kể cho tôi chuyện cổ tích,ProductPriceIntent,giá bao nhiêu
512,product_context,product_price,Samsung Galaxy S26 Ultra giá bao nhiêu,ProductAvailabilityIntent,máy này còn hàng không,FallbackIntent,kể cho tôi chuyện cổ tích,ProductAvailabilityIntent,còn hàng không
513,product_context,product_price,Samsung Galaxy S26 Ultra giá bao nhiêu,ProductAvailabilityIntent,máy này còn hàng không,FallbackIntent,kể cho tôi chuyện cổ tích,WarrantyPolicyIntent,bảo hành bao lâu
514,product_context,product_price,Samsung Galaxy S26 Ultra giá bao nhiêu,ProductAvailabilityIntent,máy này còn hàng không,FallbackIntent,kể cho tôi chuyện cổ tích,ProductCameraIntent,camera thế nào
515,product_context,product_price,Samsung Galaxy S26 Ultra giá bao nhiêu,ProductAvailabilityIntent,máy này còn hàng không,FallbackIntent,kể cho tôi chuyện cổ tích,ProductBatteryIntent,pin có tốt không
516,product_context,product_price,Samsung Galaxy S26 Ultra giá bao nhiêu,ProductAvailabilityIntent,máy này còn hàng không,HumanHandoffIntent,cho tôi gặp nhân viên,ProductPriceIntent,giá bao nhiêu
517,product_context,product_price,Samsung Galaxy S26 Ultra giá bao nhiêu,ProductAvailabilityIntent,máy này còn hàng không,HumanHandoffIntent,cho tôi gặp nhân viên,ProductAvailabilityIntent,còn hàng không
518,product_context,product_price,Samsung Galaxy S26 Ultra giá bao nhiêu,ProductAvailabilityIntent,máy này còn hàng không,HumanHandoffIntent,cho tôi gặp nhân viên,WarrantyPolicyIntent,bảo hành bao lâu
519,product_context,product_price,Samsung Galaxy S26 Ultra giá bao nhiêu,ProductAvailabilityIntent,máy này còn hàng không,HumanHandoffIntent,cho tôi gặp nhân viên,ProductCameraIntent,camera thế nào
520,product_context,product_price,Samsung Galaxy S26 Ultra giá bao nhiêu,ProductAvailabilityIntent,máy này còn hàng không,HumanHandoffIntent,cho tôi gặp nhân viên,ProductBatteryIntent,pin có tốt không
521,product_context,product_price,Samsung Galaxy S26 Ultra giá bao nhiêu,ProductAvailabilityIntent,máy này còn hàng không,OrderHistoryIntent,xem lịch sử đơn hàng,ProductPriceIntent,giá bao nhiêu
522,product_context,product_price,Samsung Galaxy S26 Ultra giá bao nhiêu,ProductAvailabilityIntent,máy này còn hàng không,OrderHistoryIntent,xem lịch sử đơn hàng,ProductAvailabilityIntent,còn hàng không
523,product_context,product_price,Samsung Galaxy S26 Ultra giá bao nhiêu,ProductAvailabilityIntent,máy này còn hàng không,OrderHistoryIntent,xem lịch sử đơn hàng,WarrantyPolicyIntent,bảo hành bao lâu
524,product_context,product_price,Samsung Galaxy S26 Ultra giá bao nhiêu,ProductAvailabilityIntent,máy này còn hàng không,OrderHistoryIntent,xem lịch sử đơn hàng,ProductCameraIntent,camera thế nào
525,product_context,product_price,Samsung Galaxy S26 Ultra giá bao nhiêu,ProductAvailabilityIntent,máy này còn hàng không,OrderHistoryIntent,xem lịch sử đơn hàng,ProductBatteryIntent,pin có tốt không
526,product_context,product_price,Samsung Galaxy S26 Ultra giá bao nhiêu,ProductAvailabilityIntent,máy này còn hàng không,OrderStatusIntent,đơn của tôi đang ở đâu,ProductPriceIntent,giá bao nhiêu
527,product_context,product_price,Samsung Galaxy S26 Ultra giá bao nhiêu,ProductAvailabilityIntent,máy này còn hàng không,OrderStatusIntent,đơn của tôi đang ở đâu,ProductAvailabilityIntent,còn hàng không
528,product_context,product_price,Samsung Galaxy S26 Ultra giá bao nhiêu,ProductAvailabilityIntent,máy này còn hàng không,OrderStatusIntent,đơn của tôi đang ở đâu,WarrantyPolicyIntent,bảo hành bao lâu
529,product_context,product_price,Samsung Galaxy S26 Ultra giá bao nhiêu,ProductAvailabilityIntent,máy này còn hàng không,OrderStatusIntent,đơn của tôi đang ở đâu,ProductCameraIntent,camera thế nào
530,product_context,product_price,Samsung Galaxy S26 Ultra giá bao nhiêu,ProductAvailabilityIntent,máy này còn hàng không,OrderStatusIntent,đơn của tôi đang ở đâu,ProductBatteryIntent,pin có tốt không
531,product_context,product_price,Samsung Galaxy S26 Ultra giá bao nhiêu,ProductAvailabilityIntent,máy này còn hàng không,OrderDetailIntent,xem chi tiết đơn hàng,ProductPriceIntent,giá bao nhiêu
532,product_context,product_price,Samsung Galaxy S26 Ultra giá bao nhiêu,ProductAvailabilityIntent,máy này còn hàng không,OrderDetailIntent,xem chi tiết đơn hàng,ProductAvailabilityIntent,còn hàng không
533,product_context,product_price,Samsung Galaxy S26 Ultra giá bao nhiêu,ProductAvailabilityIntent,máy này còn hàng không,OrderDetailIntent,xem chi tiết đơn hàng,WarrantyPolicyIntent,bảo hành bao lâu
534,product_context,product_price,Samsung Galaxy S26 Ultra giá bao nhiêu,ProductAvailabilityIntent,máy này còn hàng không,OrderDetailIntent,xem chi tiết đơn hàng,ProductCameraIntent,camera thế nào
535,product_context,product_price,Samsung Galaxy S26 Ultra giá bao nhiêu,ProductAvailabilityIntent,máy này còn hàng không,OrderDetailIntent,xem chi tiết đơn hàng,ProductBatteryIntent,pin có tốt không
536,product_context,product_price,Samsung Galaxy S26 Ultra giá bao nhiêu,ProductAvailabilityIntent,máy này còn hàng không,OrderCancelIntent,tôi muốn hủy đơn,ProductPriceIntent,giá bao nhiêu
537,product_context,product_price,Samsung Galaxy S26 Ultra giá bao nhiêu,ProductAvailabilityIntent,máy này còn hàng không,OrderCancelIntent,tôi muốn hủy đơn,ProductAvailabilityIntent,còn hàng không
538,product_context,product_price,Samsung Galaxy S26 Ultra giá bao nhiêu,ProductAvailabilityIntent,máy này còn hàng không,OrderCancelIntent,tôi muốn hủy đơn,WarrantyPolicyIntent,bảo hành bao lâu
539,product_context,product_price,Samsung Galaxy S26 Ultra giá bao nhiêu,ProductAvailabilityIntent,máy này còn hàng không,OrderCancelIntent,tôi muốn hủy đơn,ProductCameraIntent,camera thế nào
540,product_context,product_price,Samsung Galaxy S26 Ultra giá bao nhiêu,ProductAvailabilityIntent,máy này còn hàng không,OrderCancelIntent,tôi muốn hủy đơn,ProductBatteryIntent,pin có tốt không
541,product_context,product_price,Samsung Galaxy S26 Ultra giá bao nhiêu,ProductAvailabilityIntent,máy này còn hàng không,OrderModifyIntent,tôi muốn sửa đơn,ProductPriceIntent,giá bao nhiêu
542,product_context,product_price,Samsung Galaxy S26 Ultra giá bao nhiêu,ProductAvailabilityIntent,máy này còn hàng không,OrderModifyIntent,tôi muốn sửa đơn,ProductAvailabilityIntent,còn hàng không
543,product_context,product_price,Samsung Galaxy S26 Ultra giá bao nhiêu,ProductAvailabilityIntent,máy này còn hàng không,OrderModifyIntent,tôi muốn sửa đơn,WarrantyPolicyIntent,bảo hành bao lâu
544,product_context,product_price,Samsung Galaxy S26 Ultra giá bao nhiêu,ProductAvailabilityIntent,máy này còn hàng không,OrderModifyIntent,tôi muốn sửa đơn,ProductCameraIntent,camera thế nào
545,product_context,product_price,Samsung Galaxy S26 Ultra giá bao nhiêu,ProductAvailabilityIntent,máy này còn hàng không,OrderModifyIntent,tôi muốn sửa đơn,ProductBatteryIntent,pin có tốt không
546,product_context,product_price,Samsung Galaxy S26 Ultra giá bao nhiêu,ProductAvailabilityIntent,máy này còn hàng không,RefundStatusIntent,bao giờ tôi được hoàn tiền,ProductPriceIntent,giá bao nhiêu
547,product_context,product_price,Samsung Galaxy S26 Ultra giá bao nhiêu,ProductAvailabilityIntent,máy này còn hàng không,RefundStatusIntent,bao giờ tôi được hoàn tiền,ProductAvailabilityIntent,còn hàng không
548,product_context,product_price,Samsung Galaxy S26 Ultra giá bao nhiêu,ProductAvailabilityIntent,máy này còn hàng không,RefundStatusIntent,bao giờ tôi được hoàn tiền,WarrantyPolicyIntent,bảo hành bao lâu
549,product_context,product_price,Samsung Galaxy S26 Ultra giá bao nhiêu,ProductAvailabilityIntent,máy này còn hàng không,RefundStatusIntent,bao giờ tôi được hoàn tiền,ProductCameraIntent,camera thế nào
550,product_context,product_price,Samsung Galaxy S26 Ultra giá bao nhiêu,ProductAvailabilityIntent,máy này còn hàng không,RefundStatusIntent,bao giờ tôi được hoàn tiền,ProductBatteryIntent,pin có tốt không
551,product_context,product_price,Samsung Galaxy S26 Ultra giá bao nhiêu,WarrantyPolicyIntent,máy này bảo hành bao lâu,StoreInfoIntent,shop mở cửa lúc mấy giờ,ProductPriceIntent,giá bao nhiêu
552,product_context,product_price,Samsung Galaxy S26 Ultra giá bao nhiêu,WarrantyPolicyIntent,máy này bảo hành bao lâu,StoreInfoIntent,shop mở cửa lúc mấy giờ,ProductAvailabilityIntent,còn hàng không
553,product_context,product_price,Samsung Galaxy S26 Ultra giá bao nhiêu,WarrantyPolicyIntent,máy này bảo hành bao lâu,StoreInfoIntent,shop mở cửa lúc mấy giờ,WarrantyPolicyIntent,bảo hành bao lâu
554,product_context,product_price,Samsung Galaxy S26 Ultra giá bao nhiêu,WarrantyPolicyIntent,máy này bảo hành bao lâu,StoreInfoIntent,shop mở cửa lúc mấy giờ,ProductCameraIntent,camera thế nào
555,product_context,product_price,Samsung Galaxy S26 Ultra giá bao nhiêu,WarrantyPolicyIntent,máy này bảo hành bao lâu,StoreInfoIntent,shop mở cửa lúc mấy giờ,ProductBatteryIntent,pin có tốt không
556,product_context,product_price,Samsung Galaxy S26 Ultra giá bao nhiêu,WarrantyPolicyIntent,máy này bảo hành bao lâu,GreetingIntent,xin chào shop,ProductPriceIntent,giá bao nhiêu
557,product_context,product_price,Samsung Galaxy S26 Ultra giá bao nhiêu,WarrantyPolicyIntent,máy này bảo hành bao lâu,GreetingIntent,xin chào shop,ProductAvailabilityIntent,còn hàng không
558,product_context,product_price,Samsung Galaxy S26 Ultra giá bao nhiêu,WarrantyPolicyIntent,máy này bảo hành bao lâu,GreetingIntent,xin chào shop,WarrantyPolicyIntent,bảo hành bao lâu
559,product_context,product_price,Samsung Galaxy S26 Ultra giá bao nhiêu,WarrantyPolicyIntent,máy này bảo hành bao lâu,GreetingIntent,xin chào shop,ProductCameraIntent,camera thế nào
560,product_context,product_price,Samsung Galaxy S26 Ultra giá bao nhiêu,WarrantyPolicyIntent,máy này bảo hành bao lâu,GreetingIntent,xin chào shop,ProductBatteryIntent,pin có tốt không
561,product_context,product_price,Samsung Galaxy S26 Ultra giá bao nhiêu,WarrantyPolicyIntent,máy này bảo hành bao lâu,FallbackIntent,kể cho tôi chuyện cổ tích,ProductPriceIntent,giá bao nhiêu
562,product_context,product_price,Samsung Galaxy S26 Ultra giá bao nhiêu,WarrantyPolicyIntent,máy này bảo hành bao lâu,FallbackIntent,kể cho tôi chuyện cổ tích,ProductAvailabilityIntent,còn hàng không
563,product_context,product_price,Samsung Galaxy S26 Ultra giá bao nhiêu,WarrantyPolicyIntent,máy này bảo hành bao lâu,FallbackIntent,kể cho tôi chuyện cổ tích,WarrantyPolicyIntent,bảo hành bao lâu
564,product_context,product_price,Samsung Galaxy S26 Ultra giá bao nhiêu,WarrantyPolicyIntent,máy này bảo hành bao lâu,FallbackIntent,kể cho tôi chuyện cổ tích,ProductCameraIntent,camera thế nào
565,product_context,product_price,Samsung Galaxy S26 Ultra giá bao nhiêu,WarrantyPolicyIntent,máy này bảo hành bao lâu,FallbackIntent,kể cho tôi chuyện cổ tích,ProductBatteryIntent,pin có tốt không
566,product_context,product_price,Samsung Galaxy S26 Ultra giá bao nhiêu,WarrantyPolicyIntent,máy này bảo hành bao lâu,HumanHandoffIntent,cho tôi gặp nhân viên,ProductPriceIntent,giá bao nhiêu
567,product_context,product_price,Samsung Galaxy S26 Ultra giá bao nhiêu,WarrantyPolicyIntent,máy này bảo hành bao lâu,HumanHandoffIntent,cho tôi gặp nhân viên,ProductAvailabilityIntent,còn hàng không
568,product_context,product_price,Samsung Galaxy S26 Ultra giá bao nhiêu,WarrantyPolicyIntent,máy này bảo hành bao lâu,HumanHandoffIntent,cho tôi gặp nhân viên,WarrantyPolicyIntent,bảo hành bao lâu
569,product_context,product_price,Samsung Galaxy S26 Ultra giá bao nhiêu,WarrantyPolicyIntent,máy này bảo hành bao lâu,HumanHandoffIntent,cho tôi gặp nhân viên,ProductCameraIntent,camera thế nào
570,product_context,product_price,Samsung Galaxy S26 Ultra giá bao nhiêu,WarrantyPolicyIntent,máy này bảo hành bao lâu,HumanHandoffIntent,cho tôi gặp nhân viên,ProductBatteryIntent,pin có tốt không
571,product_context,product_price,Samsung Galaxy S26 Ultra giá bao nhiêu,WarrantyPolicyIntent,máy này bảo hành bao lâu,OrderHistoryIntent,xem lịch sử đơn hàng,ProductPriceIntent,giá bao nhiêu
572,product_context,product_price,Samsung Galaxy S26 Ultra giá bao nhiêu,WarrantyPolicyIntent,máy này bảo hành bao lâu,OrderHistoryIntent,xem lịch sử đơn hàng,ProductAvailabilityIntent,còn hàng không
573,product_context,product_price,Samsung Galaxy S26 Ultra giá bao nhiêu,WarrantyPolicyIntent,máy này bảo hành bao lâu,OrderHistoryIntent,xem lịch sử đơn hàng,WarrantyPolicyIntent,bảo hành bao lâu
574,product_context,product_price,Samsung Galaxy S26 Ultra giá bao nhiêu,WarrantyPolicyIntent,máy này bảo hành bao lâu,OrderHistoryIntent,xem lịch sử đơn hàng,ProductCameraIntent,camera thế nào
575,product_context,product_price,Samsung Galaxy S26 Ultra giá bao nhiêu,WarrantyPolicyIntent,máy này bảo hành bao lâu,OrderHistoryIntent,xem lịch sử đơn hàng,ProductBatteryIntent,pin có tốt không
576,product_context,product_price,Samsung Galaxy S26 Ultra giá bao nhiêu,WarrantyPolicyIntent,máy này bảo hành bao lâu,OrderStatusIntent,đơn của tôi đang ở đâu,ProductPriceIntent,giá bao nhiêu
577,product_context,product_price,Samsung Galaxy S26 Ultra giá bao nhiêu,WarrantyPolicyIntent,máy này bảo hành bao lâu,OrderStatusIntent,đơn của tôi đang ở đâu,ProductAvailabilityIntent,còn hàng không
578,product_context,product_price,Samsung Galaxy S26 Ultra giá bao nhiêu,WarrantyPolicyIntent,máy này bảo hành bao lâu,OrderStatusIntent,đơn của tôi đang ở đâu,WarrantyPolicyIntent,bảo hành bao lâu
579,product_context,product_price,Samsung Galaxy S26 Ultra giá bao nhiêu,WarrantyPolicyIntent,máy này bảo hành bao lâu,OrderStatusIntent,đơn của tôi đang ở đâu,ProductCameraIntent,camera thế nào
580,product_context,product_price,Samsung Galaxy S26 Ultra giá bao nhiêu,WarrantyPolicyIntent,máy này bảo hành bao lâu,OrderStatusIntent,đơn của tôi đang ở đâu,ProductBatteryIntent,pin có tốt không
581,product_context,product_price,Samsung Galaxy S26 Ultra giá bao nhiêu,WarrantyPolicyIntent,máy này bảo hành bao lâu,OrderDetailIntent,xem chi tiết đơn hàng,ProductPriceIntent,giá bao nhiêu
582,product_context,product_price,Samsung Galaxy S26 Ultra giá bao nhiêu,WarrantyPolicyIntent,máy này bảo hành bao lâu,OrderDetailIntent,xem chi tiết đơn hàng,ProductAvailabilityIntent,còn hàng không
583,product_context,product_price,Samsung Galaxy S26 Ultra giá bao nhiêu,WarrantyPolicyIntent,máy này bảo hành bao lâu,OrderDetailIntent,xem chi tiết đơn hàng,WarrantyPolicyIntent,bảo hành bao lâu
584,product_context,product_price,Samsung Galaxy S26 Ultra giá bao nhiêu,WarrantyPolicyIntent,máy này bảo hành bao lâu,OrderDetailIntent,xem chi tiết đơn hàng,ProductCameraIntent,camera thế nào
585,product_context,product_price,Samsung Galaxy S26 Ultra giá bao nhiêu,WarrantyPolicyIntent,máy này bảo hành bao lâu,OrderDetailIntent,xem chi tiết đơn hàng,ProductBatteryIntent,pin có tốt không
586,product_context,product_price,Samsung Galaxy S26 Ultra giá bao nhiêu,WarrantyPolicyIntent,máy này bảo hành bao lâu,OrderCancelIntent,tôi muốn hủy đơn,ProductPriceIntent,giá bao nhiêu
587,product_context,product_price,Samsung Galaxy S26 Ultra giá bao nhiêu,WarrantyPolicyIntent,máy này bảo hành bao lâu,OrderCancelIntent,tôi muốn hủy đơn,ProductAvailabilityIntent,còn hàng không
588,product_context,product_price,Samsung Galaxy S26 Ultra giá bao nhiêu,WarrantyPolicyIntent,máy này bảo hành bao lâu,OrderCancelIntent,tôi muốn hủy đơn,WarrantyPolicyIntent,bảo hành bao lâu
589,product_context,product_price,Samsung Galaxy S26 Ultra giá bao nhiêu,WarrantyPolicyIntent,máy này bảo hành bao lâu,OrderCancelIntent,tôi muốn hủy đơn,ProductCameraIntent,camera thế nào
590,product_context,product_price,Samsung Galaxy S26 Ultra giá bao nhiêu,WarrantyPolicyIntent,máy này bảo hành bao lâu,OrderCancelIntent,tôi muốn hủy đơn,ProductBatteryIntent,pin có tốt không
591,product_context,product_price,Samsung Galaxy S26 Ultra giá bao nhiêu,WarrantyPolicyIntent,máy này bảo hành bao lâu,OrderModifyIntent,tôi muốn sửa đơn,ProductPriceIntent,giá bao nhiêu
592,product_context,product_price,Samsung Galaxy S26 Ultra giá bao nhiêu,WarrantyPolicyIntent,máy này bảo hành bao lâu,OrderModifyIntent,tôi muốn sửa đơn,ProductAvailabilityIntent,còn hàng không
593,product_context,product_price,Samsung Galaxy S26 Ultra giá bao nhiêu,WarrantyPolicyIntent,máy này bảo hành bao lâu,OrderModifyIntent,tôi muốn sửa đơn,WarrantyPolicyIntent,bảo hành bao lâu
594,product_context,product_price,Samsung Galaxy S26 Ultra giá bao nhiêu,WarrantyPolicyIntent,máy này bảo hành bao lâu,OrderModifyIntent,tôi muốn sửa đơn,ProductCameraIntent,camera thế nào
595,product_context,product_price,Samsung Galaxy S26 Ultra giá bao nhiêu,WarrantyPolicyIntent,máy này bảo hành bao lâu,OrderModifyIntent,tôi muốn sửa đơn,ProductBatteryIntent,pin có tốt không
596,product_context,product_price,Samsung Galaxy S26 Ultra giá bao nhiêu,WarrantyPolicyIntent,máy này bảo hành bao lâu,RefundStatusIntent,bao giờ tôi được hoàn tiền,ProductPriceIntent,giá bao nhiêu
597,product_context,product_price,Samsung Galaxy S26 Ultra giá bao nhiêu,WarrantyPolicyIntent,máy này bảo hành bao lâu,RefundStatusIntent,bao giờ tôi được hoàn tiền,ProductAvailabilityIntent,còn hàng không
598,product_context,product_price,Samsung Galaxy S26 Ultra giá bao nhiêu,WarrantyPolicyIntent,máy này bảo hành bao lâu,RefundStatusIntent,bao giờ tôi được hoàn tiền,WarrantyPolicyIntent,bảo hành bao lâu
599,product_context,product_price,Samsung Galaxy S26 Ultra giá bao nhiêu,WarrantyPolicyIntent,máy này bảo hành bao lâu,RefundStatusIntent,bao giờ tôi được hoàn tiền,ProductCameraIntent,camera thế nào
600,product_context,product_price,Samsung Galaxy S26 Ultra giá bao nhiêu,WarrantyPolicyIntent,máy này bảo hành bao lâu,RefundStatusIntent,bao giờ tôi được hoàn tiền,ProductBatteryIntent,pin có tốt không
601,product_context,product_price,Samsung Galaxy S26 Ultra giá bao nhiêu,ProductCameraIntent,camera máy này thế nào,StoreInfoIntent,shop mở cửa lúc mấy giờ,ProductPriceIntent,giá bao nhiêu
602,product_context,product_price,Samsung Galaxy S26 Ultra giá bao nhiêu,ProductCameraIntent,camera máy này thế nào,StoreInfoIntent,shop mở cửa lúc mấy giờ,ProductAvailabilityIntent,còn hàng không
603,product_context,product_price,Samsung Galaxy S26 Ultra giá bao nhiêu,ProductCameraIntent,camera máy này thế nào,StoreInfoIntent,shop mở cửa lúc mấy giờ,WarrantyPolicyIntent,bảo hành bao lâu
604,product_context,product_price,Samsung Galaxy S26 Ultra giá bao nhiêu,ProductCameraIntent,camera máy này thế nào,StoreInfoIntent,shop mở cửa lúc mấy giờ,ProductCameraIntent,camera thế nào
605,product_context,product_price,Samsung Galaxy S26 Ultra giá bao nhiêu,ProductCameraIntent,camera máy này thế nào,StoreInfoIntent,shop mở cửa lúc mấy giờ,ProductBatteryIntent,pin có tốt không
606,product_context,product_price,Samsung Galaxy S26 Ultra giá bao nhiêu,ProductCameraIntent,camera máy này thế nào,GreetingIntent,xin chào shop,ProductPriceIntent,giá bao nhiêu
607,product_context,product_price,Samsung Galaxy S26 Ultra giá bao nhiêu,ProductCameraIntent,camera máy này thế nào,GreetingIntent,xin chào shop,ProductAvailabilityIntent,còn hàng không
608,product_context,product_price,Samsung Galaxy S26 Ultra giá bao nhiêu,ProductCameraIntent,camera máy này thế nào,GreetingIntent,xin chào shop,WarrantyPolicyIntent,bảo hành bao lâu
609,product_context,product_price,Samsung Galaxy S26 Ultra giá bao nhiêu,ProductCameraIntent,camera máy này thế nào,GreetingIntent,xin chào shop,ProductCameraIntent,camera thế nào
610,product_context,product_price,Samsung Galaxy S26 Ultra giá bao nhiêu,ProductCameraIntent,camera máy này thế nào,GreetingIntent,xin chào shop,ProductBatteryIntent,pin có tốt không
611,product_context,product_price,Samsung Galaxy S26 Ultra giá bao nhiêu,ProductCameraIntent,camera máy này thế nào,FallbackIntent,kể cho tôi chuyện cổ tích,ProductPriceIntent,giá bao nhiêu
612,product_context,product_price,Samsung Galaxy S26 Ultra giá bao nhiêu,ProductCameraIntent,camera máy này thế nào,FallbackIntent,kể cho tôi chuyện cổ tích,ProductAvailabilityIntent,còn hàng không
613,product_context,product_price,Samsung Galaxy S26 Ultra giá bao nhiêu,ProductCameraIntent,camera máy này thế nào,FallbackIntent,kể cho tôi chuyện cổ tích,WarrantyPolicyIntent,bảo hành bao lâu
614,product_context,product_price,Samsung Galaxy S26 Ultra giá bao nhiêu,ProductCameraIntent,camera máy này thế nào,FallbackIntent,kể cho tôi chuyện cổ tích,ProductCameraIntent,camera thế nào
615,product_context,product_price,Samsung Galaxy S26 Ultra giá bao nhiêu,ProductCameraIntent,camera máy này thế nào,FallbackIntent,kể cho tôi chuyện cổ tích,ProductBatteryIntent,pin có tốt không
616,product_context,product_price,Samsung Galaxy S26 Ultra giá bao nhiêu,ProductCameraIntent,camera máy này thế nào,HumanHandoffIntent,cho tôi gặp nhân viên,ProductPriceIntent,giá bao nhiêu
617,product_context,product_price,Samsung Galaxy S26 Ultra giá bao nhiêu,ProductCameraIntent,camera máy này thế nào,HumanHandoffIntent,cho tôi gặp nhân viên,ProductAvailabilityIntent,còn hàng không
618,product_context,product_price,Samsung Galaxy S26 Ultra giá bao nhiêu,ProductCameraIntent,camera máy này thế nào,HumanHandoffIntent,cho tôi gặp nhân viên,WarrantyPolicyIntent,bảo hành bao lâu
619,product_context,product_price,Samsung Galaxy S26 Ultra giá bao nhiêu,ProductCameraIntent,camera máy này thế nào,HumanHandoffIntent,cho tôi gặp nhân viên,ProductCameraIntent,camera thế nào
620,product_context,product_price,Samsung Galaxy S26 Ultra giá bao nhiêu,ProductCameraIntent,camera máy này thế nào,HumanHandoffIntent,cho tôi gặp nhân viên,ProductBatteryIntent,pin có tốt không
621,product_context,product_price,Samsung Galaxy S26 Ultra giá bao nhiêu,ProductCameraIntent,camera máy này thế nào,OrderHistoryIntent,xem lịch sử đơn hàng,ProductPriceIntent,giá bao nhiêu
622,product_context,product_price,Samsung Galaxy S26 Ultra giá bao nhiêu,ProductCameraIntent,camera máy này thế nào,OrderHistoryIntent,xem lịch sử đơn hàng,ProductAvailabilityIntent,còn hàng không
623,product_context,product_price,Samsung Galaxy S26 Ultra giá bao nhiêu,ProductCameraIntent,camera máy này thế nào,OrderHistoryIntent,xem lịch sử đơn hàng,WarrantyPolicyIntent,bảo hành bao lâu
624,product_context,product_price,Samsung Galaxy S26 Ultra giá bao nhiêu,ProductCameraIntent,camera máy này thế nào,OrderHistoryIntent,xem lịch sử đơn hàng,ProductCameraIntent,camera thế nào
625,product_context,product_price,Samsung Galaxy S26 Ultra giá bao nhiêu,ProductCameraIntent,camera máy này thế nào,OrderHistoryIntent,xem lịch sử đơn hàng,ProductBatteryIntent,pin có tốt không
626,product_context,product_price,Samsung Galaxy S26 Ultra giá bao nhiêu,ProductCameraIntent,camera máy này thế nào,OrderStatusIntent,đơn của tôi đang ở đâu,ProductPriceIntent,giá bao nhiêu
627,product_context,product_price,Samsung Galaxy S26 Ultra giá bao nhiêu,ProductCameraIntent,camera máy này thế nào,OrderStatusIntent,đơn của tôi đang ở đâu,ProductAvailabilityIntent,còn hàng không
628,product_context,product_price,Samsung Galaxy S26 Ultra giá bao nhiêu,ProductCameraIntent,camera máy này thế nào,OrderStatusIntent,đơn của tôi đang ở đâu,WarrantyPolicyIntent,bảo hành bao lâu
629,product_context,product_price,Samsung Galaxy S26 Ultra giá bao nhiêu,ProductCameraIntent,camera máy này thế nào,OrderStatusIntent,đơn của tôi đang ở đâu,ProductCameraIntent,camera thế nào
630,product_context,product_price,Samsung Galaxy S26 Ultra giá bao nhiêu,ProductCameraIntent,camera máy này thế nào,OrderStatusIntent,đơn của tôi đang ở đâu,ProductBatteryIntent,pin có tốt không
631,product_context,product_price,Samsung Galaxy S26 Ultra giá bao nhiêu,ProductCameraIntent,camera máy này thế nào,OrderDetailIntent,xem chi tiết đơn hàng,ProductPriceIntent,giá bao nhiêu
632,product_context,product_price,Samsung Galaxy S26 Ultra giá bao nhiêu,ProductCameraIntent,camera máy này thế nào,OrderDetailIntent,xem chi tiết đơn hàng,ProductAvailabilityIntent,còn hàng không
633,product_context,product_price,Samsung Galaxy S26 Ultra giá bao nhiêu,ProductCameraIntent,camera máy này thế nào,OrderDetailIntent,xem chi tiết đơn hàng,WarrantyPolicyIntent,bảo hành bao lâu
634,product_context,product_price,Samsung Galaxy S26 Ultra giá bao nhiêu,ProductCameraIntent,camera máy này thế nào,OrderDetailIntent,xem chi tiết đơn hàng,ProductCameraIntent,camera thế nào
635,product_context,product_price,Samsung Galaxy S26 Ultra giá bao nhiêu,ProductCameraIntent,camera máy này thế nào,OrderDetailIntent,xem chi tiết đơn hàng,ProductBatteryIntent,pin có tốt không
636,product_context,product_price,Samsung Galaxy S26 Ultra giá bao nhiêu,ProductCameraIntent,camera máy này thế nào,OrderCancelIntent,tôi muốn hủy đơn,ProductPriceIntent,giá bao nhiêu
637,product_context,product_price,Samsung Galaxy S26 Ultra giá bao nhiêu,ProductCameraIntent,camera máy này thế nào,OrderCancelIntent,tôi muốn hủy đơn,ProductAvailabilityIntent,còn hàng không
638,product_context,product_price,Samsung Galaxy S26 Ultra giá bao nhiêu,ProductCameraIntent,camera máy này thế nào,OrderCancelIntent,tôi muốn hủy đơn,WarrantyPolicyIntent,bảo hành bao lâu
639,product_context,product_price,Samsung Galaxy S26 Ultra giá bao nhiêu,ProductCameraIntent,camera máy này thế nào,OrderCancelIntent,tôi muốn hủy đơn,ProductCameraIntent,camera thế nào
640,product_context,product_price,Samsung Galaxy S26 Ultra giá bao nhiêu,ProductCameraIntent,camera máy này thế nào,OrderCancelIntent,tôi muốn hủy đơn,ProductBatteryIntent,pin có tốt không
641,product_context,product_price,Samsung Galaxy S26 Ultra giá bao nhiêu,ProductCameraIntent,camera máy này thế nào,OrderModifyIntent,tôi muốn sửa đơn,ProductPriceIntent,giá bao nhiêu
642,product_context,product_price,Samsung Galaxy S26 Ultra giá bao nhiêu,ProductCameraIntent,camera máy này thế nào,OrderModifyIntent,tôi muốn sửa đơn,ProductAvailabilityIntent,còn hàng không
643,product_context,product_price,Samsung Galaxy S26 Ultra giá bao nhiêu,ProductCameraIntent,camera máy này thế nào,OrderModifyIntent,tôi muốn sửa đơn,WarrantyPolicyIntent,bảo hành bao lâu
644,product_context,product_price,Samsung Galaxy S26 Ultra giá bao nhiêu,ProductCameraIntent,camera máy này thế nào,OrderModifyIntent,tôi muốn sửa đơn,ProductCameraIntent,camera thế nào
645,product_context,product_price,Samsung Galaxy S26 Ultra giá bao nhiêu,ProductCameraIntent,camera máy này thế nào,OrderModifyIntent,tôi muốn sửa đơn,ProductBatteryIntent,pin có tốt không
646,product_context,product_price,Samsung Galaxy S26 Ultra giá bao nhiêu,ProductCameraIntent,camera máy này thế nào,RefundStatusIntent,bao giờ tôi được hoàn tiền,ProductPriceIntent,giá bao nhiêu
647,product_context,product_price,Samsung Galaxy S26 Ultra giá bao nhiêu,ProductCameraIntent,camera máy này thế nào,RefundStatusIntent,bao giờ tôi được hoàn tiền,ProductAvailabilityIntent,còn hàng không
648,product_context,product_price,Samsung Galaxy S26 Ultra giá bao nhiêu,ProductCameraIntent,camera máy này thế nào,RefundStatusIntent,bao giờ tôi được hoàn tiền,WarrantyPolicyIntent,bảo hành bao lâu
649,product_context,product_price,Samsung Galaxy S26 Ultra giá bao nhiêu,ProductCameraIntent,camera máy này thế nào,RefundStatusIntent,bao giờ tôi được hoàn tiền,ProductCameraIntent,camera thế nào
650,product_context,product_price,Samsung Galaxy S26 Ultra giá bao nhiêu,ProductCameraIntent,camera máy này thế nào,RefundStatusIntent,bao giờ tôi được hoàn tiền,ProductBatteryIntent,pin có tốt không
651,product_context,product_price,Samsung Galaxy S26 Ultra giá bao nhiêu,ProductBatteryIntent,pin máy này dùng lâu không,StoreInfoIntent,shop mở cửa lúc mấy giờ,ProductPriceIntent,giá bao nhiêu
652,product_context,product_price,Samsung Galaxy S26 Ultra giá bao nhiêu,ProductBatteryIntent,pin máy này dùng lâu không,StoreInfoIntent,shop mở cửa lúc mấy giờ,ProductAvailabilityIntent,còn hàng không
653,product_context,product_price,Samsung Galaxy S26 Ultra giá bao nhiêu,ProductBatteryIntent,pin máy này dùng lâu không,StoreInfoIntent,shop mở cửa lúc mấy giờ,WarrantyPolicyIntent,bảo hành bao lâu
654,product_context,product_price,Samsung Galaxy S26 Ultra giá bao nhiêu,ProductBatteryIntent,pin máy này dùng lâu không,StoreInfoIntent,shop mở cửa lúc mấy giờ,ProductCameraIntent,camera thế nào
655,product_context,product_price,Samsung Galaxy S26 Ultra giá bao nhiêu,ProductBatteryIntent,pin máy này dùng lâu không,StoreInfoIntent,shop mở cửa lúc mấy giờ,ProductBatteryIntent,pin có tốt không
656,product_context,product_price,Samsung Galaxy S26 Ultra giá bao nhiêu,ProductBatteryIntent,pin máy này dùng lâu không,GreetingIntent,xin chào shop,ProductPriceIntent,giá bao nhiêu
657,product_context,product_price,Samsung Galaxy S26 Ultra giá bao nhiêu,ProductBatteryIntent,pin máy này dùng lâu không,GreetingIntent,xin chào shop,ProductAvailabilityIntent,còn hàng không
658,product_context,product_price,Samsung Galaxy S26 Ultra giá bao nhiêu,ProductBatteryIntent,pin máy này dùng lâu không,GreetingIntent,xin chào shop,WarrantyPolicyIntent,bảo hành bao lâu
659,product_context,product_price,Samsung Galaxy S26 Ultra giá bao nhiêu,ProductBatteryIntent,pin máy này dùng lâu không,GreetingIntent,xin chào shop,ProductCameraIntent,camera thế nào
660,product_context,product_price,Samsung Galaxy S26 Ultra giá bao nhiêu,ProductBatteryIntent,pin máy này dùng lâu không,GreetingIntent,xin chào shop,ProductBatteryIntent,pin có tốt không
661,product_context,product_price,Samsung Galaxy S26 Ultra giá bao nhiêu,ProductBatteryIntent,pin máy này dùng lâu không,FallbackIntent,kể cho tôi chuyện cổ tích,ProductPriceIntent,giá bao nhiêu
662,product_context,product_price,Samsung Galaxy S26 Ultra giá bao nhiêu,ProductBatteryIntent,pin máy này dùng lâu không,FallbackIntent,kể cho tôi chuyện cổ tích,ProductAvailabilityIntent,còn hàng không
663,product_context,product_price,Samsung Galaxy S26 Ultra giá bao nhiêu,ProductBatteryIntent,pin máy này dùng lâu không,FallbackIntent,kể cho tôi chuyện cổ tích,WarrantyPolicyIntent,bảo hành bao lâu
664,product_context,product_price,Samsung Galaxy S26 Ultra giá bao nhiêu,ProductBatteryIntent,pin máy này dùng lâu không,FallbackIntent,kể cho tôi chuyện cổ tích,ProductCameraIntent,camera thế nào
665,product_context,product_price,Samsung Galaxy S26 Ultra giá bao nhiêu,ProductBatteryIntent,pin máy này dùng lâu không,FallbackIntent,kể cho tôi chuyện cổ tích,ProductBatteryIntent,pin có tốt không
666,product_context,product_price,Samsung Galaxy S26 Ultra giá bao nhiêu,ProductBatteryIntent,pin máy này dùng lâu không,HumanHandoffIntent,cho tôi gặp nhân viên,ProductPriceIntent,giá bao nhiêu
667,product_context,product_price,Samsung Galaxy S26 Ultra giá bao nhiêu,ProductBatteryIntent,pin máy này dùng lâu không,HumanHandoffIntent,cho tôi gặp nhân viên,ProductAvailabilityIntent,còn hàng không
668,product_context,product_price,Samsung Galaxy S26 Ultra giá bao nhiêu,ProductBatteryIntent,pin máy này dùng lâu không,HumanHandoffIntent,cho tôi gặp nhân viên,WarrantyPolicyIntent,bảo hành bao lâu
669,product_context,product_price,Samsung Galaxy S26 Ultra giá bao nhiêu,ProductBatteryIntent,pin máy này dùng lâu không,HumanHandoffIntent,cho tôi gặp nhân viên,ProductCameraIntent,camera thế nào
670,product_context,product_price,Samsung Galaxy S26 Ultra giá bao nhiêu,ProductBatteryIntent,pin máy này dùng lâu không,HumanHandoffIntent,cho tôi gặp nhân viên,ProductBatteryIntent,pin có tốt không
671,product_context,product_price,Samsung Galaxy S26 Ultra giá bao nhiêu,ProductBatteryIntent,pin máy này dùng lâu không,OrderHistoryIntent,xem lịch sử đơn hàng,ProductPriceIntent,giá bao nhiêu
672,product_context,product_price,Samsung Galaxy S26 Ultra giá bao nhiêu,ProductBatteryIntent,pin máy này dùng lâu không,OrderHistoryIntent,xem lịch sử đơn hàng,ProductAvailabilityIntent,còn hàng không
673,product_context,product_price,Samsung Galaxy S26 Ultra giá bao nhiêu,ProductBatteryIntent,pin máy này dùng lâu không,OrderHistoryIntent,xem lịch sử đơn hàng,WarrantyPolicyIntent,bảo hành bao lâu
674,product_context,product_price,Samsung Galaxy S26 Ultra giá bao nhiêu,ProductBatteryIntent,pin máy này dùng lâu không,OrderHistoryIntent,xem lịch sử đơn hàng,ProductCameraIntent,camera thế nào
675,product_context,product_price,Samsung Galaxy S26 Ultra giá bao nhiêu,ProductBatteryIntent,pin máy này dùng lâu không,OrderHistoryIntent,xem lịch sử đơn hàng,ProductBatteryIntent,pin có tốt không
676,product_context,product_price,Samsung Galaxy S26 Ultra giá bao nhiêu,ProductBatteryIntent,pin máy này dùng lâu không,OrderStatusIntent,đơn của tôi đang ở đâu,ProductPriceIntent,giá bao nhiêu
677,product_context,product_price,Samsung Galaxy S26 Ultra giá bao nhiêu,ProductBatteryIntent,pin máy này dùng lâu không,OrderStatusIntent,đơn của tôi đang ở đâu,ProductAvailabilityIntent,còn hàng không
678,product_context,product_price,Samsung Galaxy S26 Ultra giá bao nhiêu,ProductBatteryIntent,pin máy này dùng lâu không,OrderStatusIntent,đơn của tôi đang ở đâu,WarrantyPolicyIntent,bảo hành bao lâu
679,product_context,product_price,Samsung Galaxy S26 Ultra giá bao nhiêu,ProductBatteryIntent,pin máy này dùng lâu không,OrderStatusIntent,đơn của tôi đang ở đâu,ProductCameraIntent,camera thế nào
680,product_context,product_price,Samsung Galaxy S26 Ultra giá bao nhiêu,ProductBatteryIntent,pin máy này dùng lâu không,OrderStatusIntent,đơn của tôi đang ở đâu,ProductBatteryIntent,pin có tốt không
681,product_context,product_price,Samsung Galaxy S26 Ultra giá bao nhiêu,ProductBatteryIntent,pin máy này dùng lâu không,OrderDetailIntent,xem chi tiết đơn hàng,ProductPriceIntent,giá bao nhiêu
682,product_context,product_price,Samsung Galaxy S26 Ultra giá bao nhiêu,ProductBatteryIntent,pin máy này dùng lâu không,OrderDetailIntent,xem chi tiết đơn hàng,ProductAvailabilityIntent,còn hàng không
683,product_context,product_price,Samsung Galaxy S26 Ultra giá bao nhiêu,ProductBatteryIntent,pin máy này dùng lâu không,OrderDetailIntent,xem chi tiết đơn hàng,WarrantyPolicyIntent,bảo hành bao lâu
684,product_context,product_price,Samsung Galaxy S26 Ultra giá bao nhiêu,ProductBatteryIntent,pin máy này dùng lâu không,OrderDetailIntent,xem chi tiết đơn hàng,ProductCameraIntent,camera thế nào
685,product_context,product_price,Samsung Galaxy S26 Ultra giá bao nhiêu,ProductBatteryIntent,pin máy này dùng lâu không,OrderDetailIntent,xem chi tiết đơn hàng,ProductBatteryIntent,pin có tốt không
686,product_context,product_price,Samsung Galaxy S26 Ultra giá bao nhiêu,ProductBatteryIntent,pin máy này dùng lâu không,OrderCancelIntent,tôi muốn hủy đơn,ProductPriceIntent,giá bao nhiêu
687,product_context,product_price,Samsung Galaxy S26 Ultra giá bao nhiêu,ProductBatteryIntent,pin máy này dùng lâu không,OrderCancelIntent,tôi muốn hủy đơn,ProductAvailabilityIntent,còn hàng không
688,product_context,product_price,Samsung Galaxy S26 Ultra giá bao nhiêu,ProductBatteryIntent,pin máy này dùng lâu không,OrderCancelIntent,tôi muốn hủy đơn,WarrantyPolicyIntent,bảo hành bao lâu
689,product_context,product_price,Samsung Galaxy S26 Ultra giá bao nhiêu,ProductBatteryIntent,pin máy này dùng lâu không,OrderCancelIntent,tôi muốn hủy đơn,ProductCameraIntent,camera thế nào
690,product_context,product_price,Samsung Galaxy S26 Ultra giá bao nhiêu,ProductBatteryIntent,pin máy này dùng lâu không,OrderCancelIntent,tôi muốn hủy đơn,ProductBatteryIntent,pin có tốt không
691,product_context,product_price,Samsung Galaxy S26 Ultra giá bao nhiêu,ProductBatteryIntent,pin máy này dùng lâu không,OrderModifyIntent,tôi muốn sửa đơn,ProductPriceIntent,giá bao nhiêu
692,product_context,product_price,Samsung Galaxy S26 Ultra giá bao nhiêu,ProductBatteryIntent,pin máy này dùng lâu không,OrderModifyIntent,tôi muốn sửa đơn,ProductAvailabilityIntent,còn hàng không
693,product_context,product_price,Samsung Galaxy S26 Ultra giá bao nhiêu,ProductBatteryIntent,pin máy này dùng lâu không,OrderModifyIntent,tôi muốn sửa đơn,WarrantyPolicyIntent,bảo hành bao lâu
694,product_context,product_price,Samsung Galaxy S26 Ultra giá bao nhiêu,ProductBatteryIntent,pin máy này dùng lâu không,OrderModifyIntent,tôi muốn sửa đơn,ProductCameraIntent,camera thế nào
695,product_context,product_price,Samsung Galaxy S26 Ultra giá bao nhiêu,ProductBatteryIntent,pin máy này dùng lâu không,OrderModifyIntent,tôi muốn sửa đơn,ProductBatteryIntent,pin có tốt không
696,product_context,product_price,Samsung Galaxy S26 Ultra giá bao nhiêu,ProductBatteryIntent,pin máy này dùng lâu không,RefundStatusIntent,bao giờ tôi được hoàn tiền,ProductPriceIntent,giá bao nhiêu
697,product_context,product_price,Samsung Galaxy S26 Ultra giá bao nhiêu,ProductBatteryIntent,pin máy này dùng lâu không,RefundStatusIntent,bao giờ tôi được hoàn tiền,ProductAvailabilityIntent,còn hàng không
698,product_context,product_price,Samsung Galaxy S26 Ultra giá bao nhiêu,ProductBatteryIntent,pin máy này dùng lâu không,RefundStatusIntent,bao giờ tôi được hoàn tiền,WarrantyPolicyIntent,bảo hành bao lâu
699,product_context,product_price,Samsung Galaxy S26 Ultra giá bao nhiêu,ProductBatteryIntent,pin máy này dùng lâu không,RefundStatusIntent,bao giờ tôi được hoàn tiền,ProductCameraIntent,camera thế nào
700,product_context,product_price,Samsung Galaxy S26 Ultra giá bao nhiêu,ProductBatteryIntent,pin máy này dùng lâu không,RefundStatusIntent,bao giờ tôi được hoàn tiền,ProductBatteryIntent,pin có tốt không
701,product_context,product_price,Samsung Galaxy S26 Ultra giá bao nhiêu,ProductGamingIntent,máy này chơi game ổn không,StoreInfoIntent,shop mở cửa lúc mấy giờ,ProductPriceIntent,giá bao nhiêu
702,product_context,product_price,Samsung Galaxy S26 Ultra giá bao nhiêu,ProductGamingIntent,máy này chơi game ổn không,StoreInfoIntent,shop mở cửa lúc mấy giờ,ProductAvailabilityIntent,còn hàng không
703,product_context,product_price,Samsung Galaxy S26 Ultra giá bao nhiêu,ProductGamingIntent,máy này chơi game ổn không,StoreInfoIntent,shop mở cửa lúc mấy giờ,WarrantyPolicyIntent,bảo hành bao lâu
704,product_context,product_price,Samsung Galaxy S26 Ultra giá bao nhiêu,ProductGamingIntent,máy này chơi game ổn không,StoreInfoIntent,shop mở cửa lúc mấy giờ,ProductCameraIntent,camera thế nào
705,product_context,product_price,Samsung Galaxy S26 Ultra giá bao nhiêu,ProductGamingIntent,máy này chơi game ổn không,StoreInfoIntent,shop mở cửa lúc mấy giờ,ProductBatteryIntent,pin có tốt không
706,product_context,product_price,Samsung Galaxy S26 Ultra giá bao nhiêu,ProductGamingIntent,máy này chơi game ổn không,GreetingIntent,xin chào shop,ProductPriceIntent,giá bao nhiêu
707,product_context,product_price,Samsung Galaxy S26 Ultra giá bao nhiêu,ProductGamingIntent,máy này chơi game ổn không,GreetingIntent,xin chào shop,ProductAvailabilityIntent,còn hàng không
708,product_context,product_price,Samsung Galaxy S26 Ultra giá bao nhiêu,ProductGamingIntent,máy này chơi game ổn không,GreetingIntent,xin chào shop,WarrantyPolicyIntent,bảo hành bao lâu
709,product_context,product_price,Samsung Galaxy S26 Ultra giá bao nhiêu,ProductGamingIntent,máy này chơi game ổn không,GreetingIntent,xin chào shop,ProductCameraIntent,camera thế nào
710,product_context,product_price,Samsung Galaxy S26 Ultra giá bao nhiêu,ProductGamingIntent,máy này chơi game ổn không,GreetingIntent,xin chào shop,ProductBatteryIntent,pin có tốt không
711,product_context,product_price,Samsung Galaxy S26 Ultra giá bao nhiêu,ProductGamingIntent,máy này chơi game ổn không,FallbackIntent,kể cho tôi chuyện cổ tích,ProductPriceIntent,giá bao nhiêu
712,product_context,product_price,Samsung Galaxy S26 Ultra giá bao nhiêu,ProductGamingIntent,máy này chơi game ổn không,FallbackIntent,kể cho tôi chuyện cổ tích,ProductAvailabilityIntent,còn hàng không
713,product_context,product_price,Samsung Galaxy S26 Ultra giá bao nhiêu,ProductGamingIntent,máy này chơi game ổn không,FallbackIntent,kể cho tôi chuyện cổ tích,WarrantyPolicyIntent,bảo hành bao lâu
714,product_context,product_price,Samsung Galaxy S26 Ultra giá bao nhiêu,ProductGamingIntent,máy này chơi game ổn không,FallbackIntent,kể cho tôi chuyện cổ tích,ProductCameraIntent,camera thế nào
715,product_context,product_price,Samsung Galaxy S26 Ultra giá bao nhiêu,ProductGamingIntent,máy này chơi game ổn không,FallbackIntent,kể cho tôi chuyện cổ tích,ProductBatteryIntent,pin có tốt không
716,product_context,product_price,Samsung Galaxy S26 Ultra giá bao nhiêu,ProductGamingIntent,máy này chơi game ổn không,HumanHandoffIntent,cho tôi gặp nhân viên,ProductPriceIntent,giá bao nhiêu
717,product_context,product_price,Samsung Galaxy S26 Ultra giá bao nhiêu,ProductGamingIntent,máy này chơi game ổn không,HumanHandoffIntent,cho tôi gặp nhân viên,ProductAvailabilityIntent,còn hàng không
718,product_context,product_price,Samsung Galaxy S26 Ultra giá bao nhiêu,ProductGamingIntent,máy này chơi game ổn không,HumanHandoffIntent,cho tôi gặp nhân viên,WarrantyPolicyIntent,bảo hành bao lâu
719,product_context,product_price,Samsung Galaxy S26 Ultra giá bao nhiêu,ProductGamingIntent,máy này chơi game ổn không,HumanHandoffIntent,cho tôi gặp nhân viên,ProductCameraIntent,camera thế nào
720,product_context,product_price,Samsung Galaxy S26 Ultra giá bao nhiêu,ProductGamingIntent,máy này chơi game ổn không,HumanHandoffIntent,cho tôi gặp nhân viên,ProductBatteryIntent,pin có tốt không
721,product_context,product_price,Samsung Galaxy S26 Ultra giá bao nhiêu,ProductGamingIntent,máy này chơi game ổn không,OrderHistoryIntent,xem lịch sử đơn hàng,ProductPriceIntent,giá bao nhiêu
722,product_context,product_price,Samsung Galaxy S26 Ultra giá bao nhiêu,ProductGamingIntent,máy này chơi game ổn không,OrderHistoryIntent,xem lịch sử đơn hàng,ProductAvailabilityIntent,còn hàng không
723,product_context,product_price,Samsung Galaxy S26 Ultra giá bao nhiêu,ProductGamingIntent,máy này chơi game ổn không,OrderHistoryIntent,xem lịch sử đơn hàng,WarrantyPolicyIntent,bảo hành bao lâu
724,product_context,product_price,Samsung Galaxy S26 Ultra giá bao nhiêu,ProductGamingIntent,máy này chơi game ổn không,OrderHistoryIntent,xem lịch sử đơn hàng,ProductCameraIntent,camera thế nào
725,product_context,product_price,Samsung Galaxy S26 Ultra giá bao nhiêu,ProductGamingIntent,máy này chơi game ổn không,OrderHistoryIntent,xem lịch sử đơn hàng,ProductBatteryIntent,pin có tốt không
726,product_context,product_price,Samsung Galaxy S26 Ultra giá bao nhiêu,ProductGamingIntent,máy này chơi game ổn không,OrderStatusIntent,đơn của tôi đang ở đâu,ProductPriceIntent,giá bao nhiêu
727,product_context,product_price,Samsung Galaxy S26 Ultra giá bao nhiêu,ProductGamingIntent,máy này chơi game ổn không,OrderStatusIntent,đơn của tôi đang ở đâu,ProductAvailabilityIntent,còn hàng không
728,product_context,product_price,Samsung Galaxy S26 Ultra giá bao nhiêu,ProductGamingIntent,máy này chơi game ổn không,OrderStatusIntent,đơn của tôi đang ở đâu,WarrantyPolicyIntent,bảo hành bao lâu
729,product_context,product_price,Samsung Galaxy S26 Ultra giá bao nhiêu,ProductGamingIntent,máy này chơi game ổn không,OrderStatusIntent,đơn của tôi đang ở đâu,ProductCameraIntent,camera thế nào
730,product_context,product_price,Samsung Galaxy S26 Ultra giá bao nhiêu,ProductGamingIntent,máy này chơi game ổn không,OrderStatusIntent,đơn của tôi đang ở đâu,ProductBatteryIntent,pin có tốt không
731,product_context,product_price,Samsung Galaxy S26 Ultra giá bao nhiêu,ProductGamingIntent,máy này chơi game ổn không,OrderDetailIntent,xem chi tiết đơn hàng,ProductPriceIntent,giá bao nhiêu
732,product_context,product_price,Samsung Galaxy S26 Ultra giá bao nhiêu,ProductGamingIntent,máy này chơi game ổn không,OrderDetailIntent,xem chi tiết đơn hàng,ProductAvailabilityIntent,còn hàng không
733,product_context,product_price,Samsung Galaxy S26 Ultra giá bao nhiêu,ProductGamingIntent,máy này chơi game ổn không,OrderDetailIntent,xem chi tiết đơn hàng,WarrantyPolicyIntent,bảo hành bao lâu
734,product_context,product_price,Samsung Galaxy S26 Ultra giá bao nhiêu,ProductGamingIntent,máy này chơi game ổn không,OrderDetailIntent,xem chi tiết đơn hàng,ProductCameraIntent,camera thế nào
735,product_context,product_price,Samsung Galaxy S26 Ultra giá bao nhiêu,ProductGamingIntent,máy này chơi game ổn không,OrderDetailIntent,xem chi tiết đơn hàng,ProductBatteryIntent,pin có tốt không
736,product_context,product_price,Samsung Galaxy S26 Ultra giá bao nhiêu,ProductGamingIntent,máy này chơi game ổn không,OrderCancelIntent,tôi muốn hủy đơn,ProductPriceIntent,giá bao nhiêu
737,product_context,product_price,Samsung Galaxy S26 Ultra giá bao nhiêu,ProductGamingIntent,máy này chơi game ổn không,OrderCancelIntent,tôi muốn hủy đơn,ProductAvailabilityIntent,còn hàng không
738,product_context,product_price,Samsung Galaxy S26 Ultra giá bao nhiêu,ProductGamingIntent,máy này chơi game ổn không,OrderCancelIntent,tôi muốn hủy đơn,WarrantyPolicyIntent,bảo hành bao lâu
739,product_context,product_price,Samsung Galaxy S26 Ultra giá bao nhiêu,ProductGamingIntent,máy này chơi game ổn không,OrderCancelIntent,tôi muốn hủy đơn,ProductCameraIntent,camera thế nào
740,product_context,product_price,Samsung Galaxy S26 Ultra giá bao nhiêu,ProductGamingIntent,máy này chơi game ổn không,OrderCancelIntent,tôi muốn hủy đơn,ProductBatteryIntent,pin có tốt không
741,product_context,product_price,Samsung Galaxy S26 Ultra giá bao nhiêu,ProductGamingIntent,máy này chơi game ổn không,OrderModifyIntent,tôi muốn sửa đơn,ProductPriceIntent,giá bao nhiêu
742,product_context,product_price,Samsung Galaxy S26 Ultra giá bao nhiêu,ProductGamingIntent,máy này chơi game ổn không,OrderModifyIntent,tôi muốn sửa đơn,ProductAvailabilityIntent,còn hàng không
743,product_context,product_price,Samsung Galaxy S26 Ultra giá bao nhiêu,ProductGamingIntent,máy này chơi game ổn không,OrderModifyIntent,tôi muốn sửa đơn,WarrantyPolicyIntent,bảo hành bao lâu
744,product_context,product_price,Samsung Galaxy S26 Ultra giá bao nhiêu,ProductGamingIntent,máy này chơi game ổn không,OrderModifyIntent,tôi muốn sửa đơn,ProductCameraIntent,camera thế nào
745,product_context,product_price,Samsung Galaxy S26 Ultra giá bao nhiêu,ProductGamingIntent,máy này chơi game ổn không,OrderModifyIntent,tôi muốn sửa đơn,ProductBatteryIntent,pin có tốt không
746,product_context,product_price,Samsung Galaxy S26 Ultra giá bao nhiêu,ProductGamingIntent,máy này chơi game ổn không,RefundStatusIntent,bao giờ tôi được hoàn tiền,ProductPriceIntent,giá bao nhiêu
747,product_context,product_price,Samsung Galaxy S26 Ultra giá bao nhiêu,ProductGamingIntent,máy này chơi game ổn không,RefundStatusIntent,bao giờ tôi được hoàn tiền,ProductAvailabilityIntent,còn hàng không
748,product_context,product_price,Samsung Galaxy S26 Ultra giá bao nhiêu,ProductGamingIntent,máy này chơi game ổn không,RefundStatusIntent,bao giờ tôi được hoàn tiền,WarrantyPolicyIntent,bảo hành bao lâu
749,product_context,product_price,Samsung Galaxy S26 Ultra giá bao nhiêu,ProductGamingIntent,máy này chơi game ổn không,RefundStatusIntent,bao giờ tôi được hoàn tiền,ProductCameraIntent,camera thế nào
750,product_context,product_price,Samsung Galaxy S26 Ultra giá bao nhiêu,ProductGamingIntent,máy này chơi game ổn không,RefundStatusIntent,bao giờ tôi được hoàn tiền,ProductBatteryIntent,pin có tốt không
751,product_context,product_price,Samsung Galaxy S26 Ultra giá bao nhiêu,ProductSpecIntent,cấu hình máy này thế nào,StoreInfoIntent,shop mở cửa lúc mấy giờ,ProductPriceIntent,giá bao nhiêu
752,product_context,product_price,Samsung Galaxy S26 Ultra giá bao nhiêu,ProductSpecIntent,cấu hình máy này thế nào,StoreInfoIntent,shop mở cửa lúc mấy giờ,ProductAvailabilityIntent,còn hàng không
753,product_context,product_price,Samsung Galaxy S26 Ultra giá bao nhiêu,ProductSpecIntent,cấu hình máy này thế nào,StoreInfoIntent,shop mở cửa lúc mấy giờ,WarrantyPolicyIntent,bảo hành bao lâu
754,product_context,product_price,Samsung Galaxy S26 Ultra giá bao nhiêu,ProductSpecIntent,cấu hình máy này thế nào,StoreInfoIntent,shop mở cửa lúc mấy giờ,ProductCameraIntent,camera thế nào
755,product_context,product_price,Samsung Galaxy S26 Ultra giá bao nhiêu,ProductSpecIntent,cấu hình máy này thế nào,StoreInfoIntent,shop mở cửa lúc mấy giờ,ProductBatteryIntent,pin có tốt không
756,product_context,product_price,Samsung Galaxy S26 Ultra giá bao nhiêu,ProductSpecIntent,cấu hình máy này thế nào,GreetingIntent,xin chào shop,ProductPriceIntent,giá bao nhiêu
757,product_context,product_price,Samsung Galaxy S26 Ultra giá bao nhiêu,ProductSpecIntent,cấu hình máy này thế nào,GreetingIntent,xin chào shop,ProductAvailabilityIntent,còn hàng không
758,product_context,product_price,Samsung Galaxy S26 Ultra giá bao nhiêu,ProductSpecIntent,cấu hình máy này thế nào,GreetingIntent,xin chào shop,WarrantyPolicyIntent,bảo hành bao lâu
759,product_context,product_price,Samsung Galaxy S26 Ultra giá bao nhiêu,ProductSpecIntent,cấu hình máy này thế nào,GreetingIntent,xin chào shop,ProductCameraIntent,camera thế nào
760,product_context,product_price,Samsung Galaxy S26 Ultra giá bao nhiêu,ProductSpecIntent,cấu hình máy này thế nào,GreetingIntent,xin chào shop,ProductBatteryIntent,pin có tốt không
761,product_context,product_price,Samsung Galaxy S26 Ultra giá bao nhiêu,ProductSpecIntent,cấu hình máy này thế nào,FallbackIntent,kể cho tôi chuyện cổ tích,ProductPriceIntent,giá bao nhiêu
762,product_context,product_price,Samsung Galaxy S26 Ultra giá bao nhiêu,ProductSpecIntent,cấu hình máy này thế nào,FallbackIntent,kể cho tôi chuyện cổ tích,ProductAvailabilityIntent,còn hàng không
763,product_context,product_price,Samsung Galaxy S26 Ultra giá bao nhiêu,ProductSpecIntent,cấu hình máy này thế nào,FallbackIntent,kể cho tôi chuyện cổ tích,WarrantyPolicyIntent,bảo hành bao lâu
764,product_context,product_price,Samsung Galaxy S26 Ultra giá bao nhiêu,ProductSpecIntent,cấu hình máy này thế nào,FallbackIntent,kể cho tôi chuyện cổ tích,ProductCameraIntent,camera thế nào
765,product_context,product_price,Samsung Galaxy S26 Ultra giá bao nhiêu,ProductSpecIntent,cấu hình máy này thế nào,FallbackIntent,kể cho tôi chuyện cổ tích,ProductBatteryIntent,pin có tốt không
766,product_context,product_price,Samsung Galaxy S26 Ultra giá bao nhiêu,ProductSpecIntent,cấu hình máy này thế nào,HumanHandoffIntent,cho tôi gặp nhân viên,ProductPriceIntent,giá bao nhiêu
767,product_context,product_price,Samsung Galaxy S26 Ultra giá bao nhiêu,ProductSpecIntent,cấu hình máy này thế nào,HumanHandoffIntent,cho tôi gặp nhân viên,ProductAvailabilityIntent,còn hàng không
768,product_context,product_price,Samsung Galaxy S26 Ultra giá bao nhiêu,ProductSpecIntent,cấu hình máy này thế nào,HumanHandoffIntent,cho tôi gặp nhân viên,WarrantyPolicyIntent,bảo hành bao lâu
769,product_context,product_price,Samsung Galaxy S26 Ultra giá bao nhiêu,ProductSpecIntent,cấu hình máy này thế nào,HumanHandoffIntent,cho tôi gặp nhân viên,ProductCameraIntent,camera thế nào
770,product_context,product_price,Samsung Galaxy S26 Ultra giá bao nhiêu,ProductSpecIntent,cấu hình máy này thế nào,HumanHandoffIntent,cho tôi gặp nhân viên,ProductBatteryIntent,pin có tốt không
771,product_context,product_price,Samsung Galaxy S26 Ultra giá bao nhiêu,ProductSpecIntent,cấu hình máy này thế nào,OrderHistoryIntent,xem lịch sử đơn hàng,ProductPriceIntent,giá bao nhiêu
772,product_context,product_price,Samsung Galaxy S26 Ultra giá bao nhiêu,ProductSpecIntent,cấu hình máy này thế nào,OrderHistoryIntent,xem lịch sử đơn hàng,ProductAvailabilityIntent,còn hàng không
773,product_context,product_price,Samsung Galaxy S26 Ultra giá bao nhiêu,ProductSpecIntent,cấu hình máy này thế nào,OrderHistoryIntent,xem lịch sử đơn hàng,WarrantyPolicyIntent,bảo hành bao lâu
774,product_context,product_price,Samsung Galaxy S26 Ultra giá bao nhiêu,ProductSpecIntent,cấu hình máy này thế nào,OrderHistoryIntent,xem lịch sử đơn hàng,ProductCameraIntent,camera thế nào
775,product_context,product_price,Samsung Galaxy S26 Ultra giá bao nhiêu,ProductSpecIntent,cấu hình máy này thế nào,OrderHistoryIntent,xem lịch sử đơn hàng,ProductBatteryIntent,pin có tốt không
776,product_context,product_price,Samsung Galaxy S26 Ultra giá bao nhiêu,ProductSpecIntent,cấu hình máy này thế nào,OrderStatusIntent,đơn của tôi đang ở đâu,ProductPriceIntent,giá bao nhiêu
777,product_context,product_price,Samsung Galaxy S26 Ultra giá bao nhiêu,ProductSpecIntent,cấu hình máy này thế nào,OrderStatusIntent,đơn của tôi đang ở đâu,ProductAvailabilityIntent,còn hàng không
778,product_context,product_price,Samsung Galaxy S26 Ultra giá bao nhiêu,ProductSpecIntent,cấu hình máy này thế nào,OrderStatusIntent,đơn của tôi đang ở đâu,WarrantyPolicyIntent,bảo hành bao lâu
779,product_context,product_price,Samsung Galaxy S26 Ultra giá bao nhiêu,ProductSpecIntent,cấu hình máy này thế nào,OrderStatusIntent,đơn của tôi đang ở đâu,ProductCameraIntent,camera thế nào
780,product_context,product_price,Samsung Galaxy S26 Ultra giá bao nhiêu,ProductSpecIntent,cấu hình máy này thế nào,OrderStatusIntent,đơn của tôi đang ở đâu,ProductBatteryIntent,pin có tốt không
781,product_context,product_price,Samsung Galaxy S26 Ultra giá bao nhiêu,ProductSpecIntent,cấu hình máy này thế nào,OrderDetailIntent,xem chi tiết đơn hàng,ProductPriceIntent,giá bao nhiêu
782,product_context,product_price,Samsung Galaxy S26 Ultra giá bao nhiêu,ProductSpecIntent,cấu hình máy này thế nào,OrderDetailIntent,xem chi tiết đơn hàng,ProductAvailabilityIntent,còn hàng không
783,product_context,product_price,Samsung Galaxy S26 Ultra giá bao nhiêu,ProductSpecIntent,cấu hình máy này thế nào,OrderDetailIntent,xem chi tiết đơn hàng,WarrantyPolicyIntent,bảo hành bao lâu
784,product_context,product_price,Samsung Galaxy S26 Ultra giá bao nhiêu,ProductSpecIntent,cấu hình máy này thế nào,OrderDetailIntent,xem chi tiết đơn hàng,ProductCameraIntent,camera thế nào
785,product_context,product_price,Samsung Galaxy S26 Ultra giá bao nhiêu,ProductSpecIntent,cấu hình máy này thế nào,OrderDetailIntent,xem chi tiết đơn hàng,ProductBatteryIntent,pin có tốt không
786,product_context,product_price,Samsung Galaxy S26 Ultra giá bao nhiêu,ProductSpecIntent,cấu hình máy này thế nào,OrderCancelIntent,tôi muốn hủy đơn,ProductPriceIntent,giá bao nhiêu
787,product_context,product_price,Samsung Galaxy S26 Ultra giá bao nhiêu,ProductSpecIntent,cấu hình máy này thế nào,OrderCancelIntent,tôi muốn hủy đơn,ProductAvailabilityIntent,còn hàng không
788,product_context,product_price,Samsung Galaxy S26 Ultra giá bao nhiêu,ProductSpecIntent,cấu hình máy này thế nào,OrderCancelIntent,tôi muốn hủy đơn,WarrantyPolicyIntent,bảo hành bao lâu
789,product_context,product_price,Samsung Galaxy S26 Ultra giá bao nhiêu,ProductSpecIntent,cấu hình máy này thế nào,OrderCancelIntent,tôi muốn hủy đơn,ProductCameraIntent,camera thế nào
790,product_context,product_price,Samsung Galaxy S26 Ultra giá bao nhiêu,ProductSpecIntent,cấu hình máy này thế nào,OrderCancelIntent,tôi muốn hủy đơn,ProductBatteryIntent,pin có tốt không
791,product_context,product_price,Samsung Galaxy S26 Ultra giá bao nhiêu,ProductSpecIntent,cấu hình máy này thế nào,OrderModifyIntent,tôi muốn sửa đơn,ProductPriceIntent,giá bao nhiêu
792,product_context,product_price,Samsung Galaxy S26 Ultra giá bao nhiêu,ProductSpecIntent,cấu hình máy này thế nào,OrderModifyIntent,tôi muốn sửa đơn,ProductAvailabilityIntent,còn hàng không
793,product_context,product_price,Samsung Galaxy S26 Ultra giá bao nhiêu,ProductSpecIntent,cấu hình máy này thế nào,OrderModifyIntent,tôi muốn sửa đơn,WarrantyPolicyIntent,bảo hành bao lâu
794,product_context,product_price,Samsung Galaxy S26 Ultra giá bao nhiêu,ProductSpecIntent,cấu hình máy này thế nào,OrderModifyIntent,tôi muốn sửa đơn,ProductCameraIntent,camera thế nào
795,product_context,product_price,Samsung Galaxy S26 Ultra giá bao nhiêu,ProductSpecIntent,cấu hình máy này thế nào,OrderModifyIntent,tôi muốn sửa đơn,ProductBatteryIntent,pin có tốt không
796,product_context,product_price,Samsung Galaxy S26 Ultra giá bao nhiêu,ProductSpecIntent,cấu hình máy này thế nào,RefundStatusIntent,bao giờ tôi được hoàn tiền,ProductPriceIntent,giá bao nhiêu
797,product_context,product_price,Samsung Galaxy S26 Ultra giá bao nhiêu,ProductSpecIntent,cấu hình máy này thế nào,RefundStatusIntent,bao giờ tôi được hoàn tiền,ProductAvailabilityIntent,còn hàng không
798,product_context,product_price,Samsung Galaxy S26 Ultra giá bao nhiêu,ProductSpecIntent,cấu hình máy này thế nào,RefundStatusIntent,bao giờ tôi được hoàn tiền,WarrantyPolicyIntent,bảo hành bao lâu
799,product_context,product_price,Samsung Galaxy S26 Ultra giá bao nhiêu,ProductSpecIntent,cấu hình máy này thế nào,RefundStatusIntent,bao giờ tôi được hoàn tiền,ProductCameraIntent,camera thế nào
800,product_context,product_price,Samsung Galaxy S26 Ultra giá bao nhiêu,ProductSpecIntent,cấu hình máy này thế nào,RefundStatusIntent,bao giờ tôi được hoàn tiền,ProductBatteryIntent,pin có tốt không
801,product_context,product_price,Samsung Galaxy S26 Ultra giá bao nhiêu,PromotionIntent,máy này có ưu đãi không,StoreInfoIntent,shop mở cửa lúc mấy giờ,ProductPriceIntent,giá bao nhiêu
802,product_context,product_price,Samsung Galaxy S26 Ultra giá bao nhiêu,PromotionIntent,máy này có ưu đãi không,StoreInfoIntent,shop mở cửa lúc mấy giờ,ProductAvailabilityIntent,còn hàng không
803,product_context,product_price,Samsung Galaxy S26 Ultra giá bao nhiêu,PromotionIntent,máy này có ưu đãi không,StoreInfoIntent,shop mở cửa lúc mấy giờ,WarrantyPolicyIntent,bảo hành bao lâu
804,product_context,product_price,Samsung Galaxy S26 Ultra giá bao nhiêu,PromotionIntent,máy này có ưu đãi không,StoreInfoIntent,shop mở cửa lúc mấy giờ,ProductCameraIntent,camera thế nào
805,product_context,product_price,Samsung Galaxy S26 Ultra giá bao nhiêu,PromotionIntent,máy này có ưu đãi không,StoreInfoIntent,shop mở cửa lúc mấy giờ,ProductBatteryIntent,pin có tốt không
806,product_context,product_price,Samsung Galaxy S26 Ultra giá bao nhiêu,PromotionIntent,máy này có ưu đãi không,GreetingIntent,xin chào shop,ProductPriceIntent,giá bao nhiêu
807,product_context,product_price,Samsung Galaxy S26 Ultra giá bao nhiêu,PromotionIntent,máy này có ưu đãi không,GreetingIntent,xin chào shop,ProductAvailabilityIntent,còn hàng không
808,product_context,product_price,Samsung Galaxy S26 Ultra giá bao nhiêu,PromotionIntent,máy này có ưu đãi không,GreetingIntent,xin chào shop,WarrantyPolicyIntent,bảo hành bao lâu
809,product_context,product_price,Samsung Galaxy S26 Ultra giá bao nhiêu,PromotionIntent,máy này có ưu đãi không,GreetingIntent,xin chào shop,ProductCameraIntent,camera thế nào
810,product_context,product_price,Samsung Galaxy S26 Ultra giá bao nhiêu,PromotionIntent,máy này có ưu đãi không,GreetingIntent,xin chào shop,ProductBatteryIntent,pin có tốt không
811,product_context,product_price,Samsung Galaxy S26 Ultra giá bao nhiêu,PromotionIntent,máy này có ưu đãi không,FallbackIntent,kể cho tôi chuyện cổ tích,ProductPriceIntent,giá bao nhiêu
812,product_context,product_price,Samsung Galaxy S26 Ultra giá bao nhiêu,PromotionIntent,máy này có ưu đãi không,FallbackIntent,kể cho tôi chuyện cổ tích,ProductAvailabilityIntent,còn hàng không
813,product_context,product_price,Samsung Galaxy S26 Ultra giá bao nhiêu,PromotionIntent,máy này có ưu đãi không,FallbackIntent,kể cho tôi chuyện cổ tích,WarrantyPolicyIntent,bảo hành bao lâu
814,product_context,product_price,Samsung Galaxy S26 Ultra giá bao nhiêu,PromotionIntent,máy này có ưu đãi không,FallbackIntent,kể cho tôi chuyện cổ tích,ProductCameraIntent,camera thế nào
815,product_context,product_price,Samsung Galaxy S26 Ultra giá bao nhiêu,PromotionIntent,máy này có ưu đãi không,FallbackIntent,kể cho tôi chuyện cổ tích,ProductBatteryIntent,pin có tốt không
816,product_context,product_price,Samsung Galaxy S26 Ultra giá bao nhiêu,PromotionIntent,máy này có ưu đãi không,HumanHandoffIntent,cho tôi gặp nhân viên,ProductPriceIntent,giá bao nhiêu
817,product_context,product_price,Samsung Galaxy S26 Ultra giá bao nhiêu,PromotionIntent,máy này có ưu đãi không,HumanHandoffIntent,cho tôi gặp nhân viên,ProductAvailabilityIntent,còn hàng không
818,product_context,product_price,Samsung Galaxy S26 Ultra giá bao nhiêu,PromotionIntent,máy này có ưu đãi không,HumanHandoffIntent,cho tôi gặp nhân viên,WarrantyPolicyIntent,bảo hành bao lâu
819,product_context,product_price,Samsung Galaxy S26 Ultra giá bao nhiêu,PromotionIntent,máy này có ưu đãi không,HumanHandoffIntent,cho tôi gặp nhân viên,ProductCameraIntent,camera thế nào
820,product_context,product_price,Samsung Galaxy S26 Ultra giá bao nhiêu,PromotionIntent,máy này có ưu đãi không,HumanHandoffIntent,cho tôi gặp nhân viên,ProductBatteryIntent,pin có tốt không
821,product_context,product_price,Samsung Galaxy S26 Ultra giá bao nhiêu,PromotionIntent,máy này có ưu đãi không,OrderHistoryIntent,xem lịch sử đơn hàng,ProductPriceIntent,giá bao nhiêu
822,product_context,product_price,Samsung Galaxy S26 Ultra giá bao nhiêu,PromotionIntent,máy này có ưu đãi không,OrderHistoryIntent,xem lịch sử đơn hàng,ProductAvailabilityIntent,còn hàng không
823,product_context,product_price,Samsung Galaxy S26 Ultra giá bao nhiêu,PromotionIntent,máy này có ưu đãi không,OrderHistoryIntent,xem lịch sử đơn hàng,WarrantyPolicyIntent,bảo hành bao lâu
824,product_context,product_price,Samsung Galaxy S26 Ultra giá bao nhiêu,PromotionIntent,máy này có ưu đãi không,OrderHistoryIntent,xem lịch sử đơn hàng,ProductCameraIntent,camera thế nào
825,product_context,product_price,Samsung Galaxy S26 Ultra giá bao nhiêu,PromotionIntent,máy này có ưu đãi không,OrderHistoryIntent,xem lịch sử đơn hàng,ProductBatteryIntent,pin có tốt không
826,product_context,product_price,Samsung Galaxy S26 Ultra giá bao nhiêu,PromotionIntent,máy này có ưu đãi không,OrderStatusIntent,đơn của tôi đang ở đâu,ProductPriceIntent,giá bao nhiêu
827,product_context,product_price,Samsung Galaxy S26 Ultra giá bao nhiêu,PromotionIntent,máy này có ưu đãi không,OrderStatusIntent,đơn của tôi đang ở đâu,ProductAvailabilityIntent,còn hàng không
828,product_context,product_price,Samsung Galaxy S26 Ultra giá bao nhiêu,PromotionIntent,máy này có ưu đãi không,OrderStatusIntent,đơn của tôi đang ở đâu,WarrantyPolicyIntent,bảo hành bao lâu
829,product_context,product_price,Samsung Galaxy S26 Ultra giá bao nhiêu,PromotionIntent,máy này có ưu đãi không,OrderStatusIntent,đơn của tôi đang ở đâu,ProductCameraIntent,camera thế nào
830,product_context,product_price,Samsung Galaxy S26 Ultra giá bao nhiêu,PromotionIntent,máy này có ưu đãi không,OrderStatusIntent,đơn của tôi đang ở đâu,ProductBatteryIntent,pin có tốt không
831,product_context,product_price,Samsung Galaxy S26 Ultra giá bao nhiêu,PromotionIntent,máy này có ưu đãi không,OrderDetailIntent,xem chi tiết đơn hàng,ProductPriceIntent,giá bao nhiêu
832,product_context,product_price,Samsung Galaxy S26 Ultra giá bao nhiêu,PromotionIntent,máy này có ưu đãi không,OrderDetailIntent,xem chi tiết đơn hàng,ProductAvailabilityIntent,còn hàng không
833,product_context,product_price,Samsung Galaxy S26 Ultra giá bao nhiêu,PromotionIntent,máy này có ưu đãi không,OrderDetailIntent,xem chi tiết đơn hàng,WarrantyPolicyIntent,bảo hành bao lâu
834,product_context,product_price,Samsung Galaxy S26 Ultra giá bao nhiêu,PromotionIntent,máy này có ưu đãi không,OrderDetailIntent,xem chi tiết đơn hàng,ProductCameraIntent,camera thế nào
835,product_context,product_price,Samsung Galaxy S26 Ultra giá bao nhiêu,PromotionIntent,máy này có ưu đãi không,OrderDetailIntent,xem chi tiết đơn hàng,ProductBatteryIntent,pin có tốt không
836,product_context,product_price,Samsung Galaxy S26 Ultra giá bao nhiêu,PromotionIntent,máy này có ưu đãi không,OrderCancelIntent,tôi muốn hủy đơn,ProductPriceIntent,giá bao nhiêu
837,product_context,product_price,Samsung Galaxy S26 Ultra giá bao nhiêu,PromotionIntent,máy này có ưu đãi không,OrderCancelIntent,tôi muốn hủy đơn,ProductAvailabilityIntent,còn hàng không
838,product_context,product_price,Samsung Galaxy S26 Ultra giá bao nhiêu,PromotionIntent,máy này có ưu đãi không,OrderCancelIntent,tôi muốn hủy đơn,WarrantyPolicyIntent,bảo hành bao lâu
839,product_context,product_price,Samsung Galaxy S26 Ultra giá bao nhiêu,PromotionIntent,máy này có ưu đãi không,OrderCancelIntent,tôi muốn hủy đơn,ProductCameraIntent,camera thế nào
840,product_context,product_price,Samsung Galaxy S26 Ultra giá bao nhiêu,PromotionIntent,máy này có ưu đãi không,OrderCancelIntent,tôi muốn hủy đơn,ProductBatteryIntent,pin có tốt không
841,product_context,product_price,Samsung Galaxy S26 Ultra giá bao nhiêu,PromotionIntent,máy này có ưu đãi không,OrderModifyIntent,tôi muốn sửa đơn,ProductPriceIntent,giá bao nhiêu
842,product_context,product_price,Samsung Galaxy S26 Ultra giá bao nhiêu,PromotionIntent,máy này có ưu đãi không,OrderModifyIntent,tôi muốn sửa đơn,ProductAvailabilityIntent,còn hàng không
843,product_context,product_price,Samsung Galaxy S26 Ultra giá bao nhiêu,PromotionIntent,máy này có ưu đãi không,OrderModifyIntent,tôi muốn sửa đơn,WarrantyPolicyIntent,bảo hành bao lâu
844,product_context,product_price,Samsung Galaxy S26 Ultra giá bao nhiêu,PromotionIntent,máy này có ưu đãi không,OrderModifyIntent,tôi muốn sửa đơn,ProductCameraIntent,camera thế nào
845,product_context,product_price,Samsung Galaxy S26 Ultra giá bao nhiêu,PromotionIntent,máy này có ưu đãi không,OrderModifyIntent,tôi muốn sửa đơn,ProductBatteryIntent,pin có tốt không
846,product_context,product_price,Samsung Galaxy S26 Ultra giá bao nhiêu,PromotionIntent,máy này có ưu đãi không,RefundStatusIntent,bao giờ tôi được hoàn tiền,ProductPriceIntent,giá bao nhiêu
847,product_context,product_price,Samsung Galaxy S26 Ultra giá bao nhiêu,PromotionIntent,máy này có ưu đãi không,RefundStatusIntent,bao giờ tôi được hoàn tiền,ProductAvailabilityIntent,còn hàng không
848,product_context,product_price,Samsung Galaxy S26 Ultra giá bao nhiêu,PromotionIntent,máy này có ưu đãi không,RefundStatusIntent,bao giờ tôi được hoàn tiền,WarrantyPolicyIntent,bảo hành bao lâu
849,product_context,product_price,Samsung Galaxy S26 Ultra giá bao nhiêu,PromotionIntent,máy này có ưu đãi không,RefundStatusIntent,bao giờ tôi được hoàn tiền,ProductCameraIntent,camera thế nào
850,product_context,product_price,Samsung Galaxy S26 Ultra giá bao nhiêu,PromotionIntent,máy này có ưu đãi không,RefundStatusIntent,bao giờ tôi được hoàn tiền,ProductBatteryIntent,pin có tốt không
851,product_context,product_price,Samsung Galaxy S26 Ultra giá bao nhiêu,InstallmentIntent,máy này trả góp được không,StoreInfoIntent,shop mở cửa lúc mấy giờ,ProductPriceIntent,giá bao nhiêu
852,product_context,product_price,Samsung Galaxy S26 Ultra giá bao nhiêu,InstallmentIntent,máy này trả góp được không,StoreInfoIntent,shop mở cửa lúc mấy giờ,ProductAvailabilityIntent,còn hàng không
853,product_context,product_price,Samsung Galaxy S26 Ultra giá bao nhiêu,InstallmentIntent,máy này trả góp được không,StoreInfoIntent,shop mở cửa lúc mấy giờ,WarrantyPolicyIntent,bảo hành bao lâu
854,product_context,product_price,Samsung Galaxy S26 Ultra giá bao nhiêu,InstallmentIntent,máy này trả góp được không,StoreInfoIntent,shop mở cửa lúc mấy giờ,ProductCameraIntent,camera thế nào
855,product_context,product_price,Samsung Galaxy S26 Ultra giá bao nhiêu,InstallmentIntent,máy này trả góp được không,StoreInfoIntent,shop mở cửa lúc mấy giờ,ProductBatteryIntent,pin có tốt không
856,product_context,product_price,Samsung Galaxy S26 Ultra giá bao nhiêu,InstallmentIntent,máy này trả góp được không,GreetingIntent,xin chào shop,ProductPriceIntent,giá bao nhiêu
857,product_context,product_price,Samsung Galaxy S26 Ultra giá bao nhiêu,InstallmentIntent,máy này trả góp được không,GreetingIntent,xin chào shop,ProductAvailabilityIntent,còn hàng không
858,product_context,product_price,Samsung Galaxy S26 Ultra giá bao nhiêu,InstallmentIntent,máy này trả góp được không,GreetingIntent,xin chào shop,WarrantyPolicyIntent,bảo hành bao lâu
859,product_context,product_price,Samsung Galaxy S26 Ultra giá bao nhiêu,InstallmentIntent,máy này trả góp được không,GreetingIntent,xin chào shop,ProductCameraIntent,camera thế nào
860,product_context,product_price,Samsung Galaxy S26 Ultra giá bao nhiêu,InstallmentIntent,máy này trả góp được không,GreetingIntent,xin chào shop,ProductBatteryIntent,pin có tốt không
861,product_context,product_price,Samsung Galaxy S26 Ultra giá bao nhiêu,InstallmentIntent,máy này trả góp được không,FallbackIntent,kể cho tôi chuyện cổ tích,ProductPriceIntent,giá bao nhiêu
862,product_context,product_price,Samsung Galaxy S26 Ultra giá bao nhiêu,InstallmentIntent,máy này trả góp được không,FallbackIntent,kể cho tôi chuyện cổ tích,ProductAvailabilityIntent,còn hàng không
863,product_context,product_price,Samsung Galaxy S26 Ultra giá bao nhiêu,InstallmentIntent,máy này trả góp được không,FallbackIntent,kể cho tôi chuyện cổ tích,WarrantyPolicyIntent,bảo hành bao lâu
864,product_context,product_price,Samsung Galaxy S26 Ultra giá bao nhiêu,InstallmentIntent,máy này trả góp được không,FallbackIntent,kể cho tôi chuyện cổ tích,ProductCameraIntent,camera thế nào
865,product_context,product_price,Samsung Galaxy S26 Ultra giá bao nhiêu,InstallmentIntent,máy này trả góp được không,FallbackIntent,kể cho tôi chuyện cổ tích,ProductBatteryIntent,pin có tốt không
866,product_context,product_price,Samsung Galaxy S26 Ultra giá bao nhiêu,InstallmentIntent,máy này trả góp được không,HumanHandoffIntent,cho tôi gặp nhân viên,ProductPriceIntent,giá bao nhiêu
867,product_context,product_price,Samsung Galaxy S26 Ultra giá bao nhiêu,InstallmentIntent,máy này trả góp được không,HumanHandoffIntent,cho tôi gặp nhân viên,ProductAvailabilityIntent,còn hàng không
868,product_context,product_price,Samsung Galaxy S26 Ultra giá bao nhiêu,InstallmentIntent,máy này trả góp được không,HumanHandoffIntent,cho tôi gặp nhân viên,WarrantyPolicyIntent,bảo hành bao lâu
869,product_context,product_price,Samsung Galaxy S26 Ultra giá bao nhiêu,InstallmentIntent,máy này trả góp được không,HumanHandoffIntent,cho tôi gặp nhân viên,ProductCameraIntent,camera thế nào
870,product_context,product_price,Samsung Galaxy S26 Ultra giá bao nhiêu,InstallmentIntent,máy này trả góp được không,HumanHandoffIntent,cho tôi gặp nhân viên,ProductBatteryIntent,pin có tốt không
871,product_context,product_price,Samsung Galaxy S26 Ultra giá bao nhiêu,InstallmentIntent,máy này trả góp được không,OrderHistoryIntent,xem lịch sử đơn hàng,ProductPriceIntent,giá bao nhiêu
872,product_context,product_price,Samsung Galaxy S26 Ultra giá bao nhiêu,InstallmentIntent,máy này trả góp được không,OrderHistoryIntent,xem lịch sử đơn hàng,ProductAvailabilityIntent,còn hàng không
873,product_context,product_price,Samsung Galaxy S26 Ultra giá bao nhiêu,InstallmentIntent,máy này trả góp được không,OrderHistoryIntent,xem lịch sử đơn hàng,WarrantyPolicyIntent,bảo hành bao lâu
874,product_context,product_price,Samsung Galaxy S26 Ultra giá bao nhiêu,InstallmentIntent,máy này trả góp được không,OrderHistoryIntent,xem lịch sử đơn hàng,ProductCameraIntent,camera thế nào
875,product_context,product_price,Samsung Galaxy S26 Ultra giá bao nhiêu,InstallmentIntent,máy này trả góp được không,OrderHistoryIntent,xem lịch sử đơn hàng,ProductBatteryIntent,pin có tốt không
876,product_context,product_price,Samsung Galaxy S26 Ultra giá bao nhiêu,InstallmentIntent,máy này trả góp được không,OrderStatusIntent,đơn của tôi đang ở đâu,ProductPriceIntent,giá bao nhiêu
877,product_context,product_price,Samsung Galaxy S26 Ultra giá bao nhiêu,InstallmentIntent,máy này trả góp được không,OrderStatusIntent,đơn của tôi đang ở đâu,ProductAvailabilityIntent,còn hàng không
878,product_context,product_price,Samsung Galaxy S26 Ultra giá bao nhiêu,InstallmentIntent,máy này trả góp được không,OrderStatusIntent,đơn của tôi đang ở đâu,WarrantyPolicyIntent,bảo hành bao lâu
879,product_context,product_price,Samsung Galaxy S26 Ultra giá bao nhiêu,InstallmentIntent,máy này trả góp được không,OrderStatusIntent,đơn của tôi đang ở đâu,ProductCameraIntent,camera thế nào
880,product_context,product_price,Samsung Galaxy S26 Ultra giá bao nhiêu,InstallmentIntent,máy này trả góp được không,OrderStatusIntent,đơn của tôi đang ở đâu,ProductBatteryIntent,pin có tốt không
881,product_context,product_price,Samsung Galaxy S26 Ultra giá bao nhiêu,InstallmentIntent,máy này trả góp được không,OrderDetailIntent,xem chi tiết đơn hàng,ProductPriceIntent,giá bao nhiêu
882,product_context,product_price,Samsung Galaxy S26 Ultra giá bao nhiêu,InstallmentIntent,máy này trả góp được không,OrderDetailIntent,xem chi tiết đơn hàng,ProductAvailabilityIntent,còn hàng không
883,product_context,product_price,Samsung Galaxy S26 Ultra giá bao nhiêu,InstallmentIntent,máy này trả góp được không,OrderDetailIntent,xem chi tiết đơn hàng,WarrantyPolicyIntent,bảo hành bao lâu
884,product_context,product_price,Samsung Galaxy S26 Ultra giá bao nhiêu,InstallmentIntent,máy này trả góp được không,OrderDetailIntent,xem chi tiết đơn hàng,ProductCameraIntent,camera thế nào
885,product_context,product_price,Samsung Galaxy S26 Ultra giá bao nhiêu,InstallmentIntent,máy này trả góp được không,OrderDetailIntent,xem chi tiết đơn hàng,ProductBatteryIntent,pin có tốt không
886,product_context,product_price,Samsung Galaxy S26 Ultra giá bao nhiêu,InstallmentIntent,máy này trả góp được không,OrderCancelIntent,tôi muốn hủy đơn,ProductPriceIntent,giá bao nhiêu
887,product_context,product_price,Samsung Galaxy S26 Ultra giá bao nhiêu,InstallmentIntent,máy này trả góp được không,OrderCancelIntent,tôi muốn hủy đơn,ProductAvailabilityIntent,còn hàng không
888,product_context,product_price,Samsung Galaxy S26 Ultra giá bao nhiêu,InstallmentIntent,máy này trả góp được không,OrderCancelIntent,tôi muốn hủy đơn,WarrantyPolicyIntent,bảo hành bao lâu
889,product_context,product_price,Samsung Galaxy S26 Ultra giá bao nhiêu,InstallmentIntent,máy này trả góp được không,OrderCancelIntent,tôi muốn hủy đơn,ProductCameraIntent,camera thế nào
890,product_context,product_price,Samsung Galaxy S26 Ultra giá bao nhiêu,InstallmentIntent,máy này trả góp được không,OrderCancelIntent,tôi muốn hủy đơn,ProductBatteryIntent,pin có tốt không
891,product_context,product_price,Samsung Galaxy S26 Ultra giá bao nhiêu,InstallmentIntent,máy này trả góp được không,OrderModifyIntent,tôi muốn sửa đơn,ProductPriceIntent,giá bao nhiêu
892,product_context,product_price,Samsung Galaxy S26 Ultra giá bao nhiêu,InstallmentIntent,máy này trả góp được không,OrderModifyIntent,tôi muốn sửa đơn,ProductAvailabilityIntent,còn hàng không
893,product_context,product_price,Samsung Galaxy S26 Ultra giá bao nhiêu,InstallmentIntent,máy này trả góp được không,OrderModifyIntent,tôi muốn sửa đơn,WarrantyPolicyIntent,bảo hành bao lâu
894,product_context,product_price,Samsung Galaxy S26 Ultra giá bao nhiêu,InstallmentIntent,máy này trả góp được không,OrderModifyIntent,tôi muốn sửa đơn,ProductCameraIntent,camera thế nào
895,product_context,product_price,Samsung Galaxy S26 Ultra giá bao nhiêu,InstallmentIntent,máy này trả góp được không,OrderModifyIntent,tôi muốn sửa đơn,ProductBatteryIntent,pin có tốt không
896,product_context,product_price,Samsung Galaxy S26 Ultra giá bao nhiêu,InstallmentIntent,máy này trả góp được không,RefundStatusIntent,bao giờ tôi được hoàn tiền,ProductPriceIntent,giá bao nhiêu
897,product_context,product_price,Samsung Galaxy S26 Ultra giá bao nhiêu,InstallmentIntent,máy này trả góp được không,RefundStatusIntent,bao giờ tôi được hoàn tiền,ProductAvailabilityIntent,còn hàng không
898,product_context,product_price,Samsung Galaxy S26 Ultra giá bao nhiêu,InstallmentIntent,máy này trả góp được không,RefundStatusIntent,bao giờ tôi được hoàn tiền,WarrantyPolicyIntent,bảo hành bao lâu
899,product_context,product_price,Samsung Galaxy S26 Ultra giá bao nhiêu,InstallmentIntent,máy này trả góp được không,RefundStatusIntent,bao giờ tôi được hoàn tiền,ProductCameraIntent,camera thế nào
900,product_context,product_price,Samsung Galaxy S26 Ultra giá bao nhiêu,InstallmentIntent,máy này trả góp được không,RefundStatusIntent,bao giờ tôi được hoàn tiền,ProductBatteryIntent,pin có tốt không
901,product_context,product_price,Samsung Galaxy S26 Ultra giá bao nhiêu,CartAddItemIntent,thêm máy này vào giỏ,StoreInfoIntent,shop mở cửa lúc mấy giờ,ProductPriceIntent,giá bao nhiêu
902,product_context,product_price,Samsung Galaxy S26 Ultra giá bao nhiêu,CartAddItemIntent,thêm máy này vào giỏ,StoreInfoIntent,shop mở cửa lúc mấy giờ,ProductAvailabilityIntent,còn hàng không
903,product_context,product_price,Samsung Galaxy S26 Ultra giá bao nhiêu,CartAddItemIntent,thêm máy này vào giỏ,StoreInfoIntent,shop mở cửa lúc mấy giờ,WarrantyPolicyIntent,bảo hành bao lâu
904,product_context,product_price,Samsung Galaxy S26 Ultra giá bao nhiêu,CartAddItemIntent,thêm máy này vào giỏ,StoreInfoIntent,shop mở cửa lúc mấy giờ,ProductCameraIntent,camera thế nào
905,product_context,product_price,Samsung Galaxy S26 Ultra giá bao nhiêu,CartAddItemIntent,thêm máy này vào giỏ,StoreInfoIntent,shop mở cửa lúc mấy giờ,ProductBatteryIntent,pin có tốt không
906,product_context,product_price,Samsung Galaxy S26 Ultra giá bao nhiêu,CartAddItemIntent,thêm máy này vào giỏ,GreetingIntent,xin chào shop,ProductPriceIntent,giá bao nhiêu
907,product_context,product_price,Samsung Galaxy S26 Ultra giá bao nhiêu,CartAddItemIntent,thêm máy này vào giỏ,GreetingIntent,xin chào shop,ProductAvailabilityIntent,còn hàng không
908,product_context,product_price,Samsung Galaxy S26 Ultra giá bao nhiêu,CartAddItemIntent,thêm máy này vào giỏ,GreetingIntent,xin chào shop,WarrantyPolicyIntent,bảo hành bao lâu
909,product_context,product_price,Samsung Galaxy S26 Ultra giá bao nhiêu,CartAddItemIntent,thêm máy này vào giỏ,GreetingIntent,xin chào shop,ProductCameraIntent,camera thế nào
910,product_context,product_price,Samsung Galaxy S26 Ultra giá bao nhiêu,CartAddItemIntent,thêm máy này vào giỏ,GreetingIntent,xin chào shop,ProductBatteryIntent,pin có tốt không
911,product_context,product_price,Samsung Galaxy S26 Ultra giá bao nhiêu,CartAddItemIntent,thêm máy này vào giỏ,FallbackIntent,kể cho tôi chuyện cổ tích,ProductPriceIntent,giá bao nhiêu
912,product_context,product_price,Samsung Galaxy S26 Ultra giá bao nhiêu,CartAddItemIntent,thêm máy này vào giỏ,FallbackIntent,kể cho tôi chuyện cổ tích,ProductAvailabilityIntent,còn hàng không
913,product_context,product_price,Samsung Galaxy S26 Ultra giá bao nhiêu,CartAddItemIntent,thêm máy này vào giỏ,FallbackIntent,kể cho tôi chuyện cổ tích,WarrantyPolicyIntent,bảo hành bao lâu
914,product_context,product_price,Samsung Galaxy S26 Ultra giá bao nhiêu,CartAddItemIntent,thêm máy này vào giỏ,FallbackIntent,kể cho tôi chuyện cổ tích,ProductCameraIntent,camera thế nào
915,product_context,product_price,Samsung Galaxy S26 Ultra giá bao nhiêu,CartAddItemIntent,thêm máy này vào giỏ,FallbackIntent,kể cho tôi chuyện cổ tích,ProductBatteryIntent,pin có tốt không
916,product_context,product_price,Samsung Galaxy S26 Ultra giá bao nhiêu,CartAddItemIntent,thêm máy này vào giỏ,HumanHandoffIntent,cho tôi gặp nhân viên,ProductPriceIntent,giá bao nhiêu
917,product_context,product_price,Samsung Galaxy S26 Ultra giá bao nhiêu,CartAddItemIntent,thêm máy này vào giỏ,HumanHandoffIntent,cho tôi gặp nhân viên,ProductAvailabilityIntent,còn hàng không
918,product_context,product_price,Samsung Galaxy S26 Ultra giá bao nhiêu,CartAddItemIntent,thêm máy này vào giỏ,HumanHandoffIntent,cho tôi gặp nhân viên,WarrantyPolicyIntent,bảo hành bao lâu
919,product_context,product_price,Samsung Galaxy S26 Ultra giá bao nhiêu,CartAddItemIntent,thêm máy này vào giỏ,HumanHandoffIntent,cho tôi gặp nhân viên,ProductCameraIntent,camera thế nào
920,product_context,product_price,Samsung Galaxy S26 Ultra giá bao nhiêu,CartAddItemIntent,thêm máy này vào giỏ,HumanHandoffIntent,cho tôi gặp nhân viên,ProductBatteryIntent,pin có tốt không
921,product_context,product_price,Samsung Galaxy S26 Ultra giá bao nhiêu,CartAddItemIntent,thêm máy này vào giỏ,OrderHistoryIntent,xem lịch sử đơn hàng,ProductPriceIntent,giá bao nhiêu
922,product_context,product_price,Samsung Galaxy S26 Ultra giá bao nhiêu,CartAddItemIntent,thêm máy này vào giỏ,OrderHistoryIntent,xem lịch sử đơn hàng,ProductAvailabilityIntent,còn hàng không
923,product_context,product_price,Samsung Galaxy S26 Ultra giá bao nhiêu,CartAddItemIntent,thêm máy này vào giỏ,OrderHistoryIntent,xem lịch sử đơn hàng,WarrantyPolicyIntent,bảo hành bao lâu
924,product_context,product_price,Samsung Galaxy S26 Ultra giá bao nhiêu,CartAddItemIntent,thêm máy này vào giỏ,OrderHistoryIntent,xem lịch sử đơn hàng,ProductCameraIntent,camera thế nào
925,product_context,product_price,Samsung Galaxy S26 Ultra giá bao nhiêu,CartAddItemIntent,thêm máy này vào giỏ,OrderHistoryIntent,xem lịch sử đơn hàng,ProductBatteryIntent,pin có tốt không
926,product_context,product_price,Samsung Galaxy S26 Ultra giá bao nhiêu,CartAddItemIntent,thêm máy này vào giỏ,OrderStatusIntent,đơn của tôi đang ở đâu,ProductPriceIntent,giá bao nhiêu
927,product_context,product_price,Samsung Galaxy S26 Ultra giá bao nhiêu,CartAddItemIntent,thêm máy này vào giỏ,OrderStatusIntent,đơn của tôi đang ở đâu,ProductAvailabilityIntent,còn hàng không
928,product_context,product_price,Samsung Galaxy S26 Ultra giá bao nhiêu,CartAddItemIntent,thêm máy này vào giỏ,OrderStatusIntent,đơn của tôi đang ở đâu,WarrantyPolicyIntent,bảo hành bao lâu
929,product_context,product_price,Samsung Galaxy S26 Ultra giá bao nhiêu,CartAddItemIntent,thêm máy này vào giỏ,OrderStatusIntent,đơn của tôi đang ở đâu,ProductCameraIntent,camera thế nào
930,product_context,product_price,Samsung Galaxy S26 Ultra giá bao nhiêu,CartAddItemIntent,thêm máy này vào giỏ,OrderStatusIntent,đơn của tôi đang ở đâu,ProductBatteryIntent,pin có tốt không
931,product_context,product_price,Samsung Galaxy S26 Ultra giá bao nhiêu,CartAddItemIntent,thêm máy này vào giỏ,OrderDetailIntent,xem chi tiết đơn hàng,ProductPriceIntent,giá bao nhiêu
932,product_context,product_price,Samsung Galaxy S26 Ultra giá bao nhiêu,CartAddItemIntent,thêm máy này vào giỏ,OrderDetailIntent,xem chi tiết đơn hàng,ProductAvailabilityIntent,còn hàng không
933,product_context,product_price,Samsung Galaxy S26 Ultra giá bao nhiêu,CartAddItemIntent,thêm máy này vào giỏ,OrderDetailIntent,xem chi tiết đơn hàng,WarrantyPolicyIntent,bảo hành bao lâu
934,product_context,product_price,Samsung Galaxy S26 Ultra giá bao nhiêu,CartAddItemIntent,thêm máy này vào giỏ,OrderDetailIntent,xem chi tiết đơn hàng,ProductCameraIntent,camera thế nào
935,product_context,product_price,Samsung Galaxy S26 Ultra giá bao nhiêu,CartAddItemIntent,thêm máy này vào giỏ,OrderDetailIntent,xem chi tiết đơn hàng,ProductBatteryIntent,pin có tốt không
936,product_context,product_price,Samsung Galaxy S26 Ultra giá bao nhiêu,CartAddItemIntent,thêm máy này vào giỏ,OrderCancelIntent,tôi muốn hủy đơn,ProductPriceIntent,giá bao nhiêu
937,product_context,product_price,Samsung Galaxy S26 Ultra giá bao nhiêu,CartAddItemIntent,thêm máy này vào giỏ,OrderCancelIntent,tôi muốn hủy đơn,ProductAvailabilityIntent,còn hàng không
938,product_context,product_price,Samsung Galaxy S26 Ultra giá bao nhiêu,CartAddItemIntent,thêm máy này vào giỏ,OrderCancelIntent,tôi muốn hủy đơn,WarrantyPolicyIntent,bảo hành bao lâu
939,product_context,product_price,Samsung Galaxy S26 Ultra giá bao nhiêu,CartAddItemIntent,thêm máy này vào giỏ,OrderCancelIntent,tôi muốn hủy đơn,ProductCameraIntent,camera thế nào
940,product_context,product_price,Samsung Galaxy S26 Ultra giá bao nhiêu,CartAddItemIntent,thêm máy này vào giỏ,OrderCancelIntent,tôi muốn hủy đơn,ProductBatteryIntent,pin có tốt không
941,product_context,product_price,Samsung Galaxy S26 Ultra giá bao nhiêu,CartAddItemIntent,thêm máy này vào giỏ,OrderModifyIntent,tôi muốn sửa đơn,ProductPriceIntent,giá bao nhiêu
942,product_context,product_price,Samsung Galaxy S26 Ultra giá bao nhiêu,CartAddItemIntent,thêm máy này vào giỏ,OrderModifyIntent,tôi muốn sửa đơn,ProductAvailabilityIntent,còn hàng không
943,product_context,product_price,Samsung Galaxy S26 Ultra giá bao nhiêu,CartAddItemIntent,thêm máy này vào giỏ,OrderModifyIntent,tôi muốn sửa đơn,WarrantyPolicyIntent,bảo hành bao lâu
944,product_context,product_price,Samsung Galaxy S26 Ultra giá bao nhiêu,CartAddItemIntent,thêm máy này vào giỏ,OrderModifyIntent,tôi muốn sửa đơn,ProductCameraIntent,camera thế nào
945,product_context,product_price,Samsung Galaxy S26 Ultra giá bao nhiêu,CartAddItemIntent,thêm máy này vào giỏ,OrderModifyIntent,tôi muốn sửa đơn,ProductBatteryIntent,pin có tốt không
946,product_context,product_price,Samsung Galaxy S26 Ultra giá bao nhiêu,CartAddItemIntent,thêm máy này vào giỏ,RefundStatusIntent,bao giờ tôi được hoàn tiền,ProductPriceIntent,giá bao nhiêu
947,product_context,product_price,Samsung Galaxy S26 Ultra giá bao nhiêu,CartAddItemIntent,thêm máy này vào giỏ,RefundStatusIntent,bao giờ tôi được hoàn tiền,ProductAvailabilityIntent,còn hàng không
948,product_context,product_price,Samsung Galaxy S26 Ultra giá bao nhiêu,CartAddItemIntent,thêm máy này vào giỏ,RefundStatusIntent,bao giờ tôi được hoàn tiền,WarrantyPolicyIntent,bảo hành bao lâu
949,product_context,product_price,Samsung Galaxy S26 Ultra giá bao nhiêu,CartAddItemIntent,thêm máy này vào giỏ,RefundStatusIntent,bao giờ tôi được hoàn tiền,ProductCameraIntent,camera thế nào
950,product_context,product_price,Samsung Galaxy S26 Ultra giá bao nhiêu,CartAddItemIntent,thêm máy này vào giỏ,RefundStatusIntent,bao giờ tôi được hoàn tiền,ProductBatteryIntent,pin có tốt không
951,product_context,product_price,Samsung Galaxy S26 Ultra giá bao nhiêu,CheckoutStartIntent,mua máy này ngay,StoreInfoIntent,shop mở cửa lúc mấy giờ,ProductPriceIntent,giá bao nhiêu
952,product_context,product_price,Samsung Galaxy S26 Ultra giá bao nhiêu,CheckoutStartIntent,mua máy này ngay,StoreInfoIntent,shop mở cửa lúc mấy giờ,ProductAvailabilityIntent,còn hàng không
953,product_context,product_price,Samsung Galaxy S26 Ultra giá bao nhiêu,CheckoutStartIntent,mua máy này ngay,StoreInfoIntent,shop mở cửa lúc mấy giờ,WarrantyPolicyIntent,bảo hành bao lâu
954,product_context,product_price,Samsung Galaxy S26 Ultra giá bao nhiêu,CheckoutStartIntent,mua máy này ngay,StoreInfoIntent,shop mở cửa lúc mấy giờ,ProductCameraIntent,camera thế nào
955,product_context,product_price,Samsung Galaxy S26 Ultra giá bao nhiêu,CheckoutStartIntent,mua máy này ngay,StoreInfoIntent,shop mở cửa lúc mấy giờ,ProductBatteryIntent,pin có tốt không
956,product_context,product_price,Samsung Galaxy S26 Ultra giá bao nhiêu,CheckoutStartIntent,mua máy này ngay,GreetingIntent,xin chào shop,ProductPriceIntent,giá bao nhiêu
957,product_context,product_price,Samsung Galaxy S26 Ultra giá bao nhiêu,CheckoutStartIntent,mua máy này ngay,GreetingIntent,xin chào shop,ProductAvailabilityIntent,còn hàng không
958,product_context,product_price,Samsung Galaxy S26 Ultra giá bao nhiêu,CheckoutStartIntent,mua máy này ngay,GreetingIntent,xin chào shop,WarrantyPolicyIntent,bảo hành bao lâu
959,product_context,product_price,Samsung Galaxy S26 Ultra giá bao nhiêu,CheckoutStartIntent,mua máy này ngay,GreetingIntent,xin chào shop,ProductCameraIntent,camera thế nào
960,product_context,product_price,Samsung Galaxy S26 Ultra giá bao nhiêu,CheckoutStartIntent,mua máy này ngay,GreetingIntent,xin chào shop,ProductBatteryIntent,pin có tốt không
961,product_context,product_price,Samsung Galaxy S26 Ultra giá bao nhiêu,CheckoutStartIntent,mua máy này ngay,FallbackIntent,kể cho tôi chuyện cổ tích,ProductPriceIntent,giá bao nhiêu
962,product_context,product_price,Samsung Galaxy S26 Ultra giá bao nhiêu,CheckoutStartIntent,mua máy này ngay,FallbackIntent,kể cho tôi chuyện cổ tích,ProductAvailabilityIntent,còn hàng không
963,product_context,product_price,Samsung Galaxy S26 Ultra giá bao nhiêu,CheckoutStartIntent,mua máy này ngay,FallbackIntent,kể cho tôi chuyện cổ tích,WarrantyPolicyIntent,bảo hành bao lâu
964,product_context,product_price,Samsung Galaxy S26 Ultra giá bao nhiêu,CheckoutStartIntent,mua máy này ngay,FallbackIntent,kể cho tôi chuyện cổ tích,ProductCameraIntent,camera thế nào
965,product_context,product_price,Samsung Galaxy S26 Ultra giá bao nhiêu,CheckoutStartIntent,mua máy này ngay,FallbackIntent,kể cho tôi chuyện cổ tích,ProductBatteryIntent,pin có tốt không
966,product_context,product_price,Samsung Galaxy S26 Ultra giá bao nhiêu,CheckoutStartIntent,mua máy này ngay,HumanHandoffIntent,cho tôi gặp nhân viên,ProductPriceIntent,giá bao nhiêu
967,product_context,product_price,Samsung Galaxy S26 Ultra giá bao nhiêu,CheckoutStartIntent,mua máy này ngay,HumanHandoffIntent,cho tôi gặp nhân viên,ProductAvailabilityIntent,còn hàng không
968,product_context,product_price,Samsung Galaxy S26 Ultra giá bao nhiêu,CheckoutStartIntent,mua máy này ngay,HumanHandoffIntent,cho tôi gặp nhân viên,WarrantyPolicyIntent,bảo hành bao lâu
969,product_context,product_price,Samsung Galaxy S26 Ultra giá bao nhiêu,CheckoutStartIntent,mua máy này ngay,HumanHandoffIntent,cho tôi gặp nhân viên,ProductCameraIntent,camera thế nào
970,product_context,product_price,Samsung Galaxy S26 Ultra giá bao nhiêu,CheckoutStartIntent,mua máy này ngay,HumanHandoffIntent,cho tôi gặp nhân viên,ProductBatteryIntent,pin có tốt không
971,product_context,product_price,Samsung Galaxy S26 Ultra giá bao nhiêu,CheckoutStartIntent,mua máy này ngay,OrderHistoryIntent,xem lịch sử đơn hàng,ProductPriceIntent,giá bao nhiêu
972,product_context,product_price,Samsung Galaxy S26 Ultra giá bao nhiêu,CheckoutStartIntent,mua máy này ngay,OrderHistoryIntent,xem lịch sử đơn hàng,ProductAvailabilityIntent,còn hàng không
973,product_context,product_price,Samsung Galaxy S26 Ultra giá bao nhiêu,CheckoutStartIntent,mua máy này ngay,OrderHistoryIntent,xem lịch sử đơn hàng,WarrantyPolicyIntent,bảo hành bao lâu
974,product_context,product_price,Samsung Galaxy S26 Ultra giá bao nhiêu,CheckoutStartIntent,mua máy này ngay,OrderHistoryIntent,xem lịch sử đơn hàng,ProductCameraIntent,camera thế nào
975,product_context,product_price,Samsung Galaxy S26 Ultra giá bao nhiêu,CheckoutStartIntent,mua máy này ngay,OrderHistoryIntent,xem lịch sử đơn hàng,ProductBatteryIntent,pin có tốt không
976,product_context,product_price,Samsung Galaxy S26 Ultra giá bao nhiêu,CheckoutStartIntent,mua máy này ngay,OrderStatusIntent,đơn của tôi đang ở đâu,ProductPriceIntent,giá bao nhiêu
977,product_context,product_price,Samsung Galaxy S26 Ultra giá bao nhiêu,CheckoutStartIntent,mua máy này ngay,OrderStatusIntent,đơn của tôi đang ở đâu,ProductAvailabilityIntent,còn hàng không
978,product_context,product_price,Samsung Galaxy S26 Ultra giá bao nhiêu,CheckoutStartIntent,mua máy này ngay,OrderStatusIntent,đơn của tôi đang ở đâu,WarrantyPolicyIntent,bảo hành bao lâu
979,product_context,product_price,Samsung Galaxy S26 Ultra giá bao nhiêu,CheckoutStartIntent,mua máy này ngay,OrderStatusIntent,đơn của tôi đang ở đâu,ProductCameraIntent,camera thế nào
980,product_context,product_price,Samsung Galaxy S26 Ultra giá bao nhiêu,CheckoutStartIntent,mua máy này ngay,OrderStatusIntent,đơn của tôi đang ở đâu,ProductBatteryIntent,pin có tốt không
981,product_context,product_price,Samsung Galaxy S26 Ultra giá bao nhiêu,CheckoutStartIntent,mua máy này ngay,OrderDetailIntent,xem chi tiết đơn hàng,ProductPriceIntent,giá bao nhiêu
982,product_context,product_price,Samsung Galaxy S26 Ultra giá bao nhiêu,CheckoutStartIntent,mua máy này ngay,OrderDetailIntent,xem chi tiết đơn hàng,ProductAvailabilityIntent,còn hàng không
983,product_context,product_price,Samsung Galaxy S26 Ultra giá bao nhiêu,CheckoutStartIntent,mua máy này ngay,OrderDetailIntent,xem chi tiết đơn hàng,WarrantyPolicyIntent,bảo hành bao lâu
984,product_context,product_price,Samsung Galaxy S26 Ultra giá bao nhiêu,CheckoutStartIntent,mua máy này ngay,OrderDetailIntent,xem chi tiết đơn hàng,ProductCameraIntent,camera thế nào
985,product_context,product_price,Samsung Galaxy S26 Ultra giá bao nhiêu,CheckoutStartIntent,mua máy này ngay,OrderDetailIntent,xem chi tiết đơn hàng,ProductBatteryIntent,pin có tốt không
986,product_context,product_price,Samsung Galaxy S26 Ultra giá bao nhiêu,CheckoutStartIntent,mua máy này ngay,OrderCancelIntent,tôi muốn hủy đơn,ProductPriceIntent,giá bao nhiêu
987,product_context,product_price,Samsung Galaxy S26 Ultra giá bao nhiêu,CheckoutStartIntent,mua máy này ngay,OrderCancelIntent,tôi muốn hủy đơn,ProductAvailabilityIntent,còn hàng không
988,product_context,product_price,Samsung Galaxy S26 Ultra giá bao nhiêu,CheckoutStartIntent,mua máy này ngay,OrderCancelIntent,tôi muốn hủy đơn,WarrantyPolicyIntent,bảo hành bao lâu
989,product_context,product_price,Samsung Galaxy S26 Ultra giá bao nhiêu,CheckoutStartIntent,mua máy này ngay,OrderCancelIntent,tôi muốn hủy đơn,ProductCameraIntent,camera thế nào
990,product_context,product_price,Samsung Galaxy S26 Ultra giá bao nhiêu,CheckoutStartIntent,mua máy này ngay,OrderCancelIntent,tôi muốn hủy đơn,ProductBatteryIntent,pin có tốt không
991,product_context,product_price,Samsung Galaxy S26 Ultra giá bao nhiêu,CheckoutStartIntent,mua máy này ngay,OrderModifyIntent,tôi muốn sửa đơn,ProductPriceIntent,giá bao nhiêu
992,product_context,product_price,Samsung Galaxy S26 Ultra giá bao nhiêu,CheckoutStartIntent,mua máy này ngay,OrderModifyIntent,tôi muốn sửa đơn,ProductAvailabilityIntent,còn hàng không
993,product_context,product_price,Samsung Galaxy S26 Ultra giá bao nhiêu,CheckoutStartIntent,mua máy này ngay,OrderModifyIntent,tôi muốn sửa đơn,WarrantyPolicyIntent,bảo hành bao lâu
994,product_context,product_price,Samsung Galaxy S26 Ultra giá bao nhiêu,CheckoutStartIntent,mua máy này ngay,OrderModifyIntent,tôi muốn sửa đơn,ProductCameraIntent,camera thế nào
995,product_context,product_price,Samsung Galaxy S26 Ultra giá bao nhiêu,CheckoutStartIntent,mua máy này ngay,OrderModifyIntent,tôi muốn sửa đơn,ProductBatteryIntent,pin có tốt không
996,product_context,product_price,Samsung Galaxy S26 Ultra giá bao nhiêu,CheckoutStartIntent,mua máy này ngay,RefundStatusIntent,bao giờ tôi được hoàn tiền,ProductPriceIntent,giá bao nhiêu
997,product_context,product_price,Samsung Galaxy S26 Ultra giá bao nhiêu,CheckoutStartIntent,mua máy này ngay,RefundStatusIntent,bao giờ tôi được hoàn tiền,ProductAvailabilityIntent,còn hàng không
998,product_context,product_price,Samsung Galaxy S26 Ultra giá bao nhiêu,CheckoutStartIntent,mua máy này ngay,RefundStatusIntent,bao giờ tôi được hoàn tiền,WarrantyPolicyIntent,bảo hành bao lâu
999,product_context,product_price,Samsung Galaxy S26 Ultra giá bao nhiêu,CheckoutStartIntent,mua máy này ngay,RefundStatusIntent,bao giờ tôi được hoàn tiền,ProductCameraIntent,camera thế nào
1000,product_context,product_price,Samsung Galaxy S26 Ultra giá bao nhiêu,CheckoutStartIntent,mua máy này ngay,RefundStatusIntent,bao giờ tôi được hoàn tiền,ProductBatteryIntent,pin có tốt không
1001,order_context,order_history,xem lịch sử đơn hàng,OrderDetailIntent,xem chi tiết đơn này,ProductPriceIntent,iPhone 16 giá bao nhiêu,OrderDetailIntent,xem chi tiết đơn này
1002,order_context,order_history,xem lịch sử đơn hàng,OrderDetailIntent,xem chi tiết đơn này,ProductPriceIntent,iPhone 16 giá bao nhiêu,OrderStatusIntent,đơn này đang ở đâu
1003,order_context,order_history,xem lịch sử đơn hàng,OrderDetailIntent,xem chi tiết đơn này,ProductPriceIntent,iPhone 16 giá bao nhiêu,ShippingTrackingIntent,đơn này giao tới đâu
1004,order_context,order_history,xem lịch sử đơn hàng,OrderDetailIntent,xem chi tiết đơn này,ProductPriceIntent,iPhone 16 giá bao nhiêu,OrderCancelIntent,hủy đơn này
1005,order_context,order_history,xem lịch sử đơn hàng,OrderDetailIntent,xem chi tiết đơn này,ProductPriceIntent,iPhone 16 giá bao nhiêu,OrderModifyIntent,sửa đơn này
1006,order_context,order_history,xem lịch sử đơn hàng,OrderDetailIntent,xem chi tiết đơn này,ProductPriceIntent,iPhone 16 giá bao nhiêu,RefundStatusIntent,hoàn tiền đơn này
1007,order_context,order_history,xem lịch sử đơn hàng,OrderDetailIntent,xem chi tiết đơn này,ProductPriceIntent,iPhone 16 giá bao nhiêu,ComplaintIntent,khiếu nại đơn này
1008,order_context,order_history,xem lịch sử đơn hàng,OrderDetailIntent,xem chi tiết đơn này,ProductPriceIntent,iPhone 16 giá bao nhiêu,OrderDetailIntent,đơn này bao nhiêu tiền
1009,order_context,order_history,xem lịch sử đơn hàng,OrderDetailIntent,xem chi tiết đơn này,ProductPriceIntent,iPhone 16 giá bao nhiêu,OrderStatusIntent,kiểm tra đơn này
1010,order_context,order_history,xem lịch sử đơn hàng,OrderDetailIntent,xem chi tiết đơn này,ProductPriceIntent,iPhone 16 giá bao nhiêu,ShippingTrackingIntent,shipper tới chưa
1011,order_context,order_history,xem lịch sử đơn hàng,OrderDetailIntent,xem chi tiết đơn này,ProductSearchIntent,tìm Samsung Galaxy S26 Ultra,OrderDetailIntent,xem chi tiết đơn này
1012,order_context,order_history,xem lịch sử đơn hàng,OrderDetailIntent,xem chi tiết đơn này,ProductSearchIntent,tìm Samsung Galaxy S26 Ultra,OrderStatusIntent,đơn này đang ở đâu
1013,order_context,order_history,xem lịch sử đơn hàng,OrderDetailIntent,xem chi tiết đơn này,ProductSearchIntent,tìm Samsung Galaxy S26 Ultra,ShippingTrackingIntent,đơn này giao tới đâu
1014,order_context,order_history,xem lịch sử đơn hàng,OrderDetailIntent,xem chi tiết đơn này,ProductSearchIntent,tìm Samsung Galaxy S26 Ultra,OrderCancelIntent,hủy đơn này
1015,order_context,order_history,xem lịch sử đơn hàng,OrderDetailIntent,xem chi tiết đơn này,ProductSearchIntent,tìm Samsung Galaxy S26 Ultra,OrderModifyIntent,sửa đơn này
1016,order_context,order_history,xem lịch sử đơn hàng,OrderDetailIntent,xem chi tiết đơn này,ProductSearchIntent,tìm Samsung Galaxy S26 Ultra,RefundStatusIntent,hoàn tiền đơn này
1017,order_context,order_history,xem lịch sử đơn hàng,OrderDetailIntent,xem chi tiết đơn này,ProductSearchIntent,tìm Samsung Galaxy S26 Ultra,ComplaintIntent,khiếu nại đơn này
1018,order_context,order_history,xem lịch sử đơn hàng,OrderDetailIntent,xem chi tiết đơn này,ProductSearchIntent,tìm Samsung Galaxy S26 Ultra,OrderDetailIntent,đơn này bao nhiêu tiền
1019,order_context,order_history,xem lịch sử đơn hàng,OrderDetailIntent,xem chi tiết đơn này,ProductSearchIntent,tìm Samsung Galaxy S26 Ultra,OrderStatusIntent,kiểm tra đơn này
1020,order_context,order_history,xem lịch sử đơn hàng,OrderDetailIntent,xem chi tiết đơn này,ProductSearchIntent,tìm Samsung Galaxy S26 Ultra,ShippingTrackingIntent,shipper tới chưa
1021,order_context,order_history,xem lịch sử đơn hàng,OrderDetailIntent,xem chi tiết đơn này,ProductRecommendationIntent,tư vấn điện thoại chụp ảnh,OrderDetailIntent,xem chi tiết đơn này
1022,order_context,order_history,xem lịch sử đơn hàng,OrderDetailIntent,xem chi tiết đơn này,ProductRecommendationIntent,tư vấn điện thoại chụp ảnh,OrderStatusIntent,đơn này đang ở đâu
1023,order_context,order_history,xem lịch sử đơn hàng,OrderDetailIntent,xem chi tiết đơn này,ProductRecommendationIntent,tư vấn điện thoại chụp ảnh,ShippingTrackingIntent,đơn này giao tới đâu
1024,order_context,order_history,xem lịch sử đơn hàng,OrderDetailIntent,xem chi tiết đơn này,ProductRecommendationIntent,tư vấn điện thoại chụp ảnh,OrderCancelIntent,hủy đơn này
1025,order_context,order_history,xem lịch sử đơn hàng,OrderDetailIntent,xem chi tiết đơn này,ProductRecommendationIntent,tư vấn điện thoại chụp ảnh,OrderModifyIntent,sửa đơn này
1026,order_context,order_history,xem lịch sử đơn hàng,OrderDetailIntent,xem chi tiết đơn này,ProductRecommendationIntent,tư vấn điện thoại chụp ảnh,RefundStatusIntent,hoàn tiền đơn này
1027,order_context,order_history,xem lịch sử đơn hàng,OrderDetailIntent,xem chi tiết đơn này,ProductRecommendationIntent,tư vấn điện thoại chụp ảnh,ComplaintIntent,khiếu nại đơn này
1028,order_context,order_history,xem lịch sử đơn hàng,OrderDetailIntent,xem chi tiết đơn này,ProductRecommendationIntent,tư vấn điện thoại chụp ảnh,OrderDetailIntent,đơn này bao nhiêu tiền
1029,order_context,order_history,xem lịch sử đơn hàng,OrderDetailIntent,xem chi tiết đơn này,ProductRecommendationIntent,tư vấn điện thoại chụp ảnh,OrderStatusIntent,kiểm tra đơn này
1030,order_context,order_history,xem lịch sử đơn hàng,OrderDetailIntent,xem chi tiết đơn này,ProductRecommendationIntent,tư vấn điện thoại chụp ảnh,ShippingTrackingIntent,shipper tới chưa
1031,order_context,order_history,xem lịch sử đơn hàng,OrderDetailIntent,xem chi tiết đơn này,StoreInfoIntent,shop mở cửa lúc mấy giờ,OrderDetailIntent,xem chi tiết đơn này
1032,order_context,order_history,xem lịch sử đơn hàng,OrderDetailIntent,xem chi tiết đơn này,StoreInfoIntent,shop mở cửa lúc mấy giờ,OrderStatusIntent,đơn này đang ở đâu
1033,order_context,order_history,xem lịch sử đơn hàng,OrderDetailIntent,xem chi tiết đơn này,StoreInfoIntent,shop mở cửa lúc mấy giờ,ShippingTrackingIntent,đơn này giao tới đâu
1034,order_context,order_history,xem lịch sử đơn hàng,OrderDetailIntent,xem chi tiết đơn này,StoreInfoIntent,shop mở cửa lúc mấy giờ,OrderCancelIntent,hủy đơn này
1035,order_context,order_history,xem lịch sử đơn hàng,OrderDetailIntent,xem chi tiết đơn này,StoreInfoIntent,shop mở cửa lúc mấy giờ,OrderModifyIntent,sửa đơn này
1036,order_context,order_history,xem lịch sử đơn hàng,OrderDetailIntent,xem chi tiết đơn này,StoreInfoIntent,shop mở cửa lúc mấy giờ,RefundStatusIntent,hoàn tiền đơn này
1037,order_context,order_history,xem lịch sử đơn hàng,OrderDetailIntent,xem chi tiết đơn này,StoreInfoIntent,shop mở cửa lúc mấy giờ,ComplaintIntent,khiếu nại đơn này
1038,order_context,order_history,xem lịch sử đơn hàng,OrderDetailIntent,xem chi tiết đơn này,StoreInfoIntent,shop mở cửa lúc mấy giờ,OrderDetailIntent,đơn này bao nhiêu tiền
1039,order_context,order_history,xem lịch sử đơn hàng,OrderDetailIntent,xem chi tiết đơn này,StoreInfoIntent,shop mở cửa lúc mấy giờ,OrderStatusIntent,kiểm tra đơn này
1040,order_context,order_history,xem lịch sử đơn hàng,OrderDetailIntent,xem chi tiết đơn này,StoreInfoIntent,shop mở cửa lúc mấy giờ,ShippingTrackingIntent,shipper tới chưa
1041,order_context,order_history,xem lịch sử đơn hàng,OrderDetailIntent,xem chi tiết đơn này,GreetingIntent,xin chào shop,OrderDetailIntent,xem chi tiết đơn này
1042,order_context,order_history,xem lịch sử đơn hàng,OrderDetailIntent,xem chi tiết đơn này,GreetingIntent,xin chào shop,OrderStatusIntent,đơn này đang ở đâu
1043,order_context,order_history,xem lịch sử đơn hàng,OrderDetailIntent,xem chi tiết đơn này,GreetingIntent,xin chào shop,ShippingTrackingIntent,đơn này giao tới đâu
1044,order_context,order_history,xem lịch sử đơn hàng,OrderDetailIntent,xem chi tiết đơn này,GreetingIntent,xin chào shop,OrderCancelIntent,hủy đơn này
1045,order_context,order_history,xem lịch sử đơn hàng,OrderDetailIntent,xem chi tiết đơn này,GreetingIntent,xin chào shop,OrderModifyIntent,sửa đơn này
1046,order_context,order_history,xem lịch sử đơn hàng,OrderDetailIntent,xem chi tiết đơn này,GreetingIntent,xin chào shop,RefundStatusIntent,hoàn tiền đơn này
1047,order_context,order_history,xem lịch sử đơn hàng,OrderDetailIntent,xem chi tiết đơn này,GreetingIntent,xin chào shop,ComplaintIntent,khiếu nại đơn này
1048,order_context,order_history,xem lịch sử đơn hàng,OrderDetailIntent,xem chi tiết đơn này,GreetingIntent,xin chào shop,OrderDetailIntent,đơn này bao nhiêu tiền
1049,order_context,order_history,xem lịch sử đơn hàng,OrderDetailIntent,xem chi tiết đơn này,GreetingIntent,xin chào shop,OrderStatusIntent,kiểm tra đơn này
1050,order_context,order_history,xem lịch sử đơn hàng,OrderDetailIntent,xem chi tiết đơn này,GreetingIntent,xin chào shop,ShippingTrackingIntent,shipper tới chưa
1051,order_context,order_history,xem lịch sử đơn hàng,OrderDetailIntent,xem chi tiết đơn này,FallbackIntent,kể cho tôi chuyện cổ tích,OrderDetailIntent,xem chi tiết đơn này
1052,order_context,order_history,xem lịch sử đơn hàng,OrderDetailIntent,xem chi tiết đơn này,FallbackIntent,kể cho tôi chuyện cổ tích,OrderStatusIntent,đơn này đang ở đâu
1053,order_context,order_history,xem lịch sử đơn hàng,OrderDetailIntent,xem chi tiết đơn này,FallbackIntent,kể cho tôi chuyện cổ tích,ShippingTrackingIntent,đơn này giao tới đâu
1054,order_context,order_history,xem lịch sử đơn hàng,OrderDetailIntent,xem chi tiết đơn này,FallbackIntent,kể cho tôi chuyện cổ tích,OrderCancelIntent,hủy đơn này
1055,order_context,order_history,xem lịch sử đơn hàng,OrderDetailIntent,xem chi tiết đơn này,FallbackIntent,kể cho tôi chuyện cổ tích,OrderModifyIntent,sửa đơn này
1056,order_context,order_history,xem lịch sử đơn hàng,OrderDetailIntent,xem chi tiết đơn này,FallbackIntent,kể cho tôi chuyện cổ tích,RefundStatusIntent,hoàn tiền đơn này
1057,order_context,order_history,xem lịch sử đơn hàng,OrderDetailIntent,xem chi tiết đơn này,FallbackIntent,kể cho tôi chuyện cổ tích,ComplaintIntent,khiếu nại đơn này
1058,order_context,order_history,xem lịch sử đơn hàng,OrderDetailIntent,xem chi tiết đơn này,FallbackIntent,kể cho tôi chuyện cổ tích,OrderDetailIntent,đơn này bao nhiêu tiền
1059,order_context,order_history,xem lịch sử đơn hàng,OrderDetailIntent,xem chi tiết đơn này,FallbackIntent,kể cho tôi chuyện cổ tích,OrderStatusIntent,kiểm tra đơn này
1060,order_context,order_history,xem lịch sử đơn hàng,OrderDetailIntent,xem chi tiết đơn này,FallbackIntent,kể cho tôi chuyện cổ tích,ShippingTrackingIntent,shipper tới chưa
1061,order_context,order_history,xem lịch sử đơn hàng,OrderDetailIntent,xem chi tiết đơn này,ShippingPolicyIntent,phí ship bao nhiêu,OrderDetailIntent,xem chi tiết đơn này
1062,order_context,order_history,xem lịch sử đơn hàng,OrderDetailIntent,xem chi tiết đơn này,ShippingPolicyIntent,phí ship bao nhiêu,OrderStatusIntent,đơn này đang ở đâu
1063,order_context,order_history,xem lịch sử đơn hàng,OrderDetailIntent,xem chi tiết đơn này,ShippingPolicyIntent,phí ship bao nhiêu,ShippingTrackingIntent,đơn này giao tới đâu
1064,order_context,order_history,xem lịch sử đơn hàng,OrderDetailIntent,xem chi tiết đơn này,ShippingPolicyIntent,phí ship bao nhiêu,OrderCancelIntent,hủy đơn này
1065,order_context,order_history,xem lịch sử đơn hàng,OrderDetailIntent,xem chi tiết đơn này,ShippingPolicyIntent,phí ship bao nhiêu,OrderModifyIntent,sửa đơn này
1066,order_context,order_history,xem lịch sử đơn hàng,OrderDetailIntent,xem chi tiết đơn này,ShippingPolicyIntent,phí ship bao nhiêu,RefundStatusIntent,hoàn tiền đơn này
1067,order_context,order_history,xem lịch sử đơn hàng,OrderDetailIntent,xem chi tiết đơn này,ShippingPolicyIntent,phí ship bao nhiêu,ComplaintIntent,khiếu nại đơn này
1068,order_context,order_history,xem lịch sử đơn hàng,OrderDetailIntent,xem chi tiết đơn này,ShippingPolicyIntent,phí ship bao nhiêu,OrderDetailIntent,đơn này bao nhiêu tiền
1069,order_context,order_history,xem lịch sử đơn hàng,OrderDetailIntent,xem chi tiết đơn này,ShippingPolicyIntent,phí ship bao nhiêu,OrderStatusIntent,kiểm tra đơn này
1070,order_context,order_history,xem lịch sử đơn hàng,OrderDetailIntent,xem chi tiết đơn này,ShippingPolicyIntent,phí ship bao nhiêu,ShippingTrackingIntent,shipper tới chưa
1071,order_context,order_history,xem lịch sử đơn hàng,OrderDetailIntent,xem chi tiết đơn này,PaymentMethodIntent,shop có nhận momo không,OrderDetailIntent,xem chi tiết đơn này
1072,order_context,order_history,xem lịch sử đơn hàng,OrderDetailIntent,xem chi tiết đơn này,PaymentMethodIntent,shop có nhận momo không,OrderStatusIntent,đơn này đang ở đâu
1073,order_context,order_history,xem lịch sử đơn hàng,OrderDetailIntent,xem chi tiết đơn này,PaymentMethodIntent,shop có nhận momo không,ShippingTrackingIntent,đơn này giao tới đâu
1074,order_context,order_history,xem lịch sử đơn hàng,OrderDetailIntent,xem chi tiết đơn này,PaymentMethodIntent,shop có nhận momo không,OrderCancelIntent,hủy đơn này
1075,order_context,order_history,xem lịch sử đơn hàng,OrderDetailIntent,xem chi tiết đơn này,PaymentMethodIntent,shop có nhận momo không,OrderModifyIntent,sửa đơn này
1076,order_context,order_history,xem lịch sử đơn hàng,OrderDetailIntent,xem chi tiết đơn này,PaymentMethodIntent,shop có nhận momo không,RefundStatusIntent,hoàn tiền đơn này
1077,order_context,order_history,xem lịch sử đơn hàng,OrderDetailIntent,xem chi tiết đơn này,PaymentMethodIntent,shop có nhận momo không,ComplaintIntent,khiếu nại đơn này
1078,order_context,order_history,xem lịch sử đơn hàng,OrderDetailIntent,xem chi tiết đơn này,PaymentMethodIntent,shop có nhận momo không,OrderDetailIntent,đơn này bao nhiêu tiền
1079,order_context,order_history,xem lịch sử đơn hàng,OrderDetailIntent,xem chi tiết đơn này,PaymentMethodIntent,shop có nhận momo không,OrderStatusIntent,kiểm tra đơn này
1080,order_context,order_history,xem lịch sử đơn hàng,OrderDetailIntent,xem chi tiết đơn này,PaymentMethodIntent,shop có nhận momo không,ShippingTrackingIntent,shipper tới chưa
1081,order_context,order_history,xem lịch sử đơn hàng,OrderDetailIntent,xem chi tiết đơn này,CartViewIntent,xem giỏ hàng,OrderDetailIntent,xem chi tiết đơn này
1082,order_context,order_history,xem lịch sử đơn hàng,OrderDetailIntent,xem chi tiết đơn này,CartViewIntent,xem giỏ hàng,OrderStatusIntent,đơn này đang ở đâu
1083,order_context,order_history,xem lịch sử đơn hàng,OrderDetailIntent,xem chi tiết đơn này,CartViewIntent,xem giỏ hàng,ShippingTrackingIntent,đơn này giao tới đâu
1084,order_context,order_history,xem lịch sử đơn hàng,OrderDetailIntent,xem chi tiết đơn này,CartViewIntent,xem giỏ hàng,OrderCancelIntent,hủy đơn này
1085,order_context,order_history,xem lịch sử đơn hàng,OrderDetailIntent,xem chi tiết đơn này,CartViewIntent,xem giỏ hàng,OrderModifyIntent,sửa đơn này
1086,order_context,order_history,xem lịch sử đơn hàng,OrderDetailIntent,xem chi tiết đơn này,CartViewIntent,xem giỏ hàng,RefundStatusIntent,hoàn tiền đơn này
1087,order_context,order_history,xem lịch sử đơn hàng,OrderDetailIntent,xem chi tiết đơn này,CartViewIntent,xem giỏ hàng,ComplaintIntent,khiếu nại đơn này
1088,order_context,order_history,xem lịch sử đơn hàng,OrderDetailIntent,xem chi tiết đơn này,CartViewIntent,xem giỏ hàng,OrderDetailIntent,đơn này bao nhiêu tiền
1089,order_context,order_history,xem lịch sử đơn hàng,OrderDetailIntent,xem chi tiết đơn này,CartViewIntent,xem giỏ hàng,OrderStatusIntent,kiểm tra đơn này
1090,order_context,order_history,xem lịch sử đơn hàng,OrderDetailIntent,xem chi tiết đơn này,CartViewIntent,xem giỏ hàng,ShippingTrackingIntent,shipper tới chưa
1091,order_context,order_history,xem lịch sử đơn hàng,OrderDetailIntent,xem chi tiết đơn này,WarrantyPolicyIntent,chính sách bảo hành thế nào,OrderDetailIntent,xem chi tiết đơn này
1092,order_context,order_history,xem lịch sử đơn hàng,OrderDetailIntent,xem chi tiết đơn này,WarrantyPolicyIntent,chính sách bảo hành thế nào,OrderStatusIntent,đơn này đang ở đâu
1093,order_context,order_history,xem lịch sử đơn hàng,OrderDetailIntent,xem chi tiết đơn này,WarrantyPolicyIntent,chính sách bảo hành thế nào,ShippingTrackingIntent,đơn này giao tới đâu
1094,order_context,order_history,xem lịch sử đơn hàng,OrderDetailIntent,xem chi tiết đơn này,WarrantyPolicyIntent,chính sách bảo hành thế nào,OrderCancelIntent,hủy đơn này
1095,order_context,order_history,xem lịch sử đơn hàng,OrderDetailIntent,xem chi tiết đơn này,WarrantyPolicyIntent,chính sách bảo hành thế nào,OrderModifyIntent,sửa đơn này
1096,order_context,order_history,xem lịch sử đơn hàng,OrderDetailIntent,xem chi tiết đơn này,WarrantyPolicyIntent,chính sách bảo hành thế nào,RefundStatusIntent,hoàn tiền đơn này
1097,order_context,order_history,xem lịch sử đơn hàng,OrderDetailIntent,xem chi tiết đơn này,WarrantyPolicyIntent,chính sách bảo hành thế nào,ComplaintIntent,khiếu nại đơn này
1098,order_context,order_history,xem lịch sử đơn hàng,OrderDetailIntent,xem chi tiết đơn này,WarrantyPolicyIntent,chính sách bảo hành thế nào,OrderDetailIntent,đơn này bao nhiêu tiền
1099,order_context,order_history,xem lịch sử đơn hàng,OrderDetailIntent,xem chi tiết đơn này,WarrantyPolicyIntent,chính sách bảo hành thế nào,OrderStatusIntent,kiểm tra đơn này
1100,order_context,order_history,xem lịch sử đơn hàng,OrderDetailIntent,xem chi tiết đơn này,WarrantyPolicyIntent,chính sách bảo hành thế nào,ShippingTrackingIntent,shipper tới chưa
1101,order_context,order_history,xem lịch sử đơn hàng,OrderStatusIntent,đơn này đang ở đâu,ProductPriceIntent,iPhone 16 giá bao nhiêu,OrderDetailIntent,xem chi tiết đơn này
1102,order_context,order_history,xem lịch sử đơn hàng,OrderStatusIntent,đơn này đang ở đâu,ProductPriceIntent,iPhone 16 giá bao nhiêu,OrderStatusIntent,đơn này đang ở đâu
1103,order_context,order_history,xem lịch sử đơn hàng,OrderStatusIntent,đơn này đang ở đâu,ProductPriceIntent,iPhone 16 giá bao nhiêu,ShippingTrackingIntent,đơn này giao tới đâu
1104,order_context,order_history,xem lịch sử đơn hàng,OrderStatusIntent,đơn này đang ở đâu,ProductPriceIntent,iPhone 16 giá bao nhiêu,OrderCancelIntent,hủy đơn này
1105,order_context,order_history,xem lịch sử đơn hàng,OrderStatusIntent,đơn này đang ở đâu,ProductPriceIntent,iPhone 16 giá bao nhiêu,OrderModifyIntent,sửa đơn này
1106,order_context,order_history,xem lịch sử đơn hàng,OrderStatusIntent,đơn này đang ở đâu,ProductPriceIntent,iPhone 16 giá bao nhiêu,RefundStatusIntent,hoàn tiền đơn này
1107,order_context,order_history,xem lịch sử đơn hàng,OrderStatusIntent,đơn này đang ở đâu,ProductPriceIntent,iPhone 16 giá bao nhiêu,ComplaintIntent,khiếu nại đơn này
1108,order_context,order_history,xem lịch sử đơn hàng,OrderStatusIntent,đơn này đang ở đâu,ProductPriceIntent,iPhone 16 giá bao nhiêu,OrderDetailIntent,đơn này bao nhiêu tiền
1109,order_context,order_history,xem lịch sử đơn hàng,OrderStatusIntent,đơn này đang ở đâu,ProductPriceIntent,iPhone 16 giá bao nhiêu,OrderStatusIntent,kiểm tra đơn này
1110,order_context,order_history,xem lịch sử đơn hàng,OrderStatusIntent,đơn này đang ở đâu,ProductPriceIntent,iPhone 16 giá bao nhiêu,ShippingTrackingIntent,shipper tới chưa
1111,order_context,order_history,xem lịch sử đơn hàng,OrderStatusIntent,đơn này đang ở đâu,ProductSearchIntent,tìm Samsung Galaxy S26 Ultra,OrderDetailIntent,xem chi tiết đơn này
1112,order_context,order_history,xem lịch sử đơn hàng,OrderStatusIntent,đơn này đang ở đâu,ProductSearchIntent,tìm Samsung Galaxy S26 Ultra,OrderStatusIntent,đơn này đang ở đâu
1113,order_context,order_history,xem lịch sử đơn hàng,OrderStatusIntent,đơn này đang ở đâu,ProductSearchIntent,tìm Samsung Galaxy S26 Ultra,ShippingTrackingIntent,đơn này giao tới đâu
1114,order_context,order_history,xem lịch sử đơn hàng,OrderStatusIntent,đơn này đang ở đâu,ProductSearchIntent,tìm Samsung Galaxy S26 Ultra,OrderCancelIntent,hủy đơn này
1115,order_context,order_history,xem lịch sử đơn hàng,OrderStatusIntent,đơn này đang ở đâu,ProductSearchIntent,tìm Samsung Galaxy S26 Ultra,OrderModifyIntent,sửa đơn này
1116,order_context,order_history,xem lịch sử đơn hàng,OrderStatusIntent,đơn này đang ở đâu,ProductSearchIntent,tìm Samsung Galaxy S26 Ultra,RefundStatusIntent,hoàn tiền đơn này
1117,order_context,order_history,xem lịch sử đơn hàng,OrderStatusIntent,đơn này đang ở đâu,ProductSearchIntent,tìm Samsung Galaxy S26 Ultra,ComplaintIntent,khiếu nại đơn này
1118,order_context,order_history,xem lịch sử đơn hàng,OrderStatusIntent,đơn này đang ở đâu,ProductSearchIntent,tìm Samsung Galaxy S26 Ultra,OrderDetailIntent,đơn này bao nhiêu tiền
1119,order_context,order_history,xem lịch sử đơn hàng,OrderStatusIntent,đơn này đang ở đâu,ProductSearchIntent,tìm Samsung Galaxy S26 Ultra,OrderStatusIntent,kiểm tra đơn này
1120,order_context,order_history,xem lịch sử đơn hàng,OrderStatusIntent,đơn này đang ở đâu,ProductSearchIntent,tìm Samsung Galaxy S26 Ultra,ShippingTrackingIntent,shipper tới chưa
1121,order_context,order_history,xem lịch sử đơn hàng,OrderStatusIntent,đơn này đang ở đâu,ProductRecommendationIntent,tư vấn điện thoại chụp ảnh,OrderDetailIntent,xem chi tiết đơn này
1122,order_context,order_history,xem lịch sử đơn hàng,OrderStatusIntent,đơn này đang ở đâu,ProductRecommendationIntent,tư vấn điện thoại chụp ảnh,OrderStatusIntent,đơn này đang ở đâu
1123,order_context,order_history,xem lịch sử đơn hàng,OrderStatusIntent,đơn này đang ở đâu,ProductRecommendationIntent,tư vấn điện thoại chụp ảnh,ShippingTrackingIntent,đơn này giao tới đâu
1124,order_context,order_history,xem lịch sử đơn hàng,OrderStatusIntent,đơn này đang ở đâu,ProductRecommendationIntent,tư vấn điện thoại chụp ảnh,OrderCancelIntent,hủy đơn này
1125,order_context,order_history,xem lịch sử đơn hàng,OrderStatusIntent,đơn này đang ở đâu,ProductRecommendationIntent,tư vấn điện thoại chụp ảnh,OrderModifyIntent,sửa đơn này
1126,order_context,order_history,xem lịch sử đơn hàng,OrderStatusIntent,đơn này đang ở đâu,ProductRecommendationIntent,tư vấn điện thoại chụp ảnh,RefundStatusIntent,hoàn tiền đơn này
1127,order_context,order_history,xem lịch sử đơn hàng,OrderStatusIntent,đơn này đang ở đâu,ProductRecommendationIntent,tư vấn điện thoại chụp ảnh,ComplaintIntent,khiếu nại đơn này
1128,order_context,order_history,xem lịch sử đơn hàng,OrderStatusIntent,đơn này đang ở đâu,ProductRecommendationIntent,tư vấn điện thoại chụp ảnh,OrderDetailIntent,đơn này bao nhiêu tiền
1129,order_context,order_history,xem lịch sử đơn hàng,OrderStatusIntent,đơn này đang ở đâu,ProductRecommendationIntent,tư vấn điện thoại chụp ảnh,OrderStatusIntent,kiểm tra đơn này
1130,order_context,order_history,xem lịch sử đơn hàng,OrderStatusIntent,đơn này đang ở đâu,ProductRecommendationIntent,tư vấn điện thoại chụp ảnh,ShippingTrackingIntent,shipper tới chưa
1131,order_context,order_history,xem lịch sử đơn hàng,OrderStatusIntent,đơn này đang ở đâu,StoreInfoIntent,shop mở cửa lúc mấy giờ,OrderDetailIntent,xem chi tiết đơn này
1132,order_context,order_history,xem lịch sử đơn hàng,OrderStatusIntent,đơn này đang ở đâu,StoreInfoIntent,shop mở cửa lúc mấy giờ,OrderStatusIntent,đơn này đang ở đâu
1133,order_context,order_history,xem lịch sử đơn hàng,OrderStatusIntent,đơn này đang ở đâu,StoreInfoIntent,shop mở cửa lúc mấy giờ,ShippingTrackingIntent,đơn này giao tới đâu
1134,order_context,order_history,xem lịch sử đơn hàng,OrderStatusIntent,đơn này đang ở đâu,StoreInfoIntent,shop mở cửa lúc mấy giờ,OrderCancelIntent,hủy đơn này
1135,order_context,order_history,xem lịch sử đơn hàng,OrderStatusIntent,đơn này đang ở đâu,StoreInfoIntent,shop mở cửa lúc mấy giờ,OrderModifyIntent,sửa đơn này
1136,order_context,order_history,xem lịch sử đơn hàng,OrderStatusIntent,đơn này đang ở đâu,StoreInfoIntent,shop mở cửa lúc mấy giờ,RefundStatusIntent,hoàn tiền đơn này
1137,order_context,order_history,xem lịch sử đơn hàng,OrderStatusIntent,đơn này đang ở đâu,StoreInfoIntent,shop mở cửa lúc mấy giờ,ComplaintIntent,khiếu nại đơn này
1138,order_context,order_history,xem lịch sử đơn hàng,OrderStatusIntent,đơn này đang ở đâu,StoreInfoIntent,shop mở cửa lúc mấy giờ,OrderDetailIntent,đơn này bao nhiêu tiền
1139,order_context,order_history,xem lịch sử đơn hàng,OrderStatusIntent,đơn này đang ở đâu,StoreInfoIntent,shop mở cửa lúc mấy giờ,OrderStatusIntent,kiểm tra đơn này
1140,order_context,order_history,xem lịch sử đơn hàng,OrderStatusIntent,đơn này đang ở đâu,StoreInfoIntent,shop mở cửa lúc mấy giờ,ShippingTrackingIntent,shipper tới chưa
1141,order_context,order_history,xem lịch sử đơn hàng,OrderStatusIntent,đơn này đang ở đâu,GreetingIntent,xin chào shop,OrderDetailIntent,xem chi tiết đơn này
1142,order_context,order_history,xem lịch sử đơn hàng,OrderStatusIntent,đơn này đang ở đâu,GreetingIntent,xin chào shop,OrderStatusIntent,đơn này đang ở đâu
1143,order_context,order_history,xem lịch sử đơn hàng,OrderStatusIntent,đơn này đang ở đâu,GreetingIntent,xin chào shop,ShippingTrackingIntent,đơn này giao tới đâu
1144,order_context,order_history,xem lịch sử đơn hàng,OrderStatusIntent,đơn này đang ở đâu,GreetingIntent,xin chào shop,OrderCancelIntent,hủy đơn này
1145,order_context,order_history,xem lịch sử đơn hàng,OrderStatusIntent,đơn này đang ở đâu,GreetingIntent,xin chào shop,OrderModifyIntent,sửa đơn này
1146,order_context,order_history,xem lịch sử đơn hàng,OrderStatusIntent,đơn này đang ở đâu,GreetingIntent,xin chào shop,RefundStatusIntent,hoàn tiền đơn này
1147,order_context,order_history,xem lịch sử đơn hàng,OrderStatusIntent,đơn này đang ở đâu,GreetingIntent,xin chào shop,ComplaintIntent,khiếu nại đơn này
1148,order_context,order_history,xem lịch sử đơn hàng,OrderStatusIntent,đơn này đang ở đâu,GreetingIntent,xin chào shop,OrderDetailIntent,đơn này bao nhiêu tiền
1149,order_context,order_history,xem lịch sử đơn hàng,OrderStatusIntent,đơn này đang ở đâu,GreetingIntent,xin chào shop,OrderStatusIntent,kiểm tra đơn này
1150,order_context,order_history,xem lịch sử đơn hàng,OrderStatusIntent,đơn này đang ở đâu,GreetingIntent,xin chào shop,ShippingTrackingIntent,shipper tới chưa
1151,order_context,order_history,xem lịch sử đơn hàng,OrderStatusIntent,đơn này đang ở đâu,FallbackIntent,kể cho tôi chuyện cổ tích,OrderDetailIntent,xem chi tiết đơn này
1152,order_context,order_history,xem lịch sử đơn hàng,OrderStatusIntent,đơn này đang ở đâu,FallbackIntent,kể cho tôi chuyện cổ tích,OrderStatusIntent,đơn này đang ở đâu
1153,order_context,order_history,xem lịch sử đơn hàng,OrderStatusIntent,đơn này đang ở đâu,FallbackIntent,kể cho tôi chuyện cổ tích,ShippingTrackingIntent,đơn này giao tới đâu
1154,order_context,order_history,xem lịch sử đơn hàng,OrderStatusIntent,đơn này đang ở đâu,FallbackIntent,kể cho tôi chuyện cổ tích,OrderCancelIntent,hủy đơn này
1155,order_context,order_history,xem lịch sử đơn hàng,OrderStatusIntent,đơn này đang ở đâu,FallbackIntent,kể cho tôi chuyện cổ tích,OrderModifyIntent,sửa đơn này
1156,order_context,order_history,xem lịch sử đơn hàng,OrderStatusIntent,đơn này đang ở đâu,FallbackIntent,kể cho tôi chuyện cổ tích,RefundStatusIntent,hoàn tiền đơn này
1157,order_context,order_history,xem lịch sử đơn hàng,OrderStatusIntent,đơn này đang ở đâu,FallbackIntent,kể cho tôi chuyện cổ tích,ComplaintIntent,khiếu nại đơn này
1158,order_context,order_history,xem lịch sử đơn hàng,OrderStatusIntent,đơn này đang ở đâu,FallbackIntent,kể cho tôi chuyện cổ tích,OrderDetailIntent,đơn này bao nhiêu tiền
1159,order_context,order_history,xem lịch sử đơn hàng,OrderStatusIntent,đơn này đang ở đâu,FallbackIntent,kể cho tôi chuyện cổ tích,OrderStatusIntent,kiểm tra đơn này
1160,order_context,order_history,xem lịch sử đơn hàng,OrderStatusIntent,đơn này đang ở đâu,FallbackIntent,kể cho tôi chuyện cổ tích,ShippingTrackingIntent,shipper tới chưa
1161,order_context,order_history,xem lịch sử đơn hàng,OrderStatusIntent,đơn này đang ở đâu,ShippingPolicyIntent,phí ship bao nhiêu,OrderDetailIntent,xem chi tiết đơn này
1162,order_context,order_history,xem lịch sử đơn hàng,OrderStatusIntent,đơn này đang ở đâu,ShippingPolicyIntent,phí ship bao nhiêu,OrderStatusIntent,đơn này đang ở đâu
1163,order_context,order_history,xem lịch sử đơn hàng,OrderStatusIntent,đơn này đang ở đâu,ShippingPolicyIntent,phí ship bao nhiêu,ShippingTrackingIntent,đơn này giao tới đâu
1164,order_context,order_history,xem lịch sử đơn hàng,OrderStatusIntent,đơn này đang ở đâu,ShippingPolicyIntent,phí ship bao nhiêu,OrderCancelIntent,hủy đơn này
1165,order_context,order_history,xem lịch sử đơn hàng,OrderStatusIntent,đơn này đang ở đâu,ShippingPolicyIntent,phí ship bao nhiêu,OrderModifyIntent,sửa đơn này
1166,order_context,order_history,xem lịch sử đơn hàng,OrderStatusIntent,đơn này đang ở đâu,ShippingPolicyIntent,phí ship bao nhiêu,RefundStatusIntent,hoàn tiền đơn này
1167,order_context,order_history,xem lịch sử đơn hàng,OrderStatusIntent,đơn này đang ở đâu,ShippingPolicyIntent,phí ship bao nhiêu,ComplaintIntent,khiếu nại đơn này
1168,order_context,order_history,xem lịch sử đơn hàng,OrderStatusIntent,đơn này đang ở đâu,ShippingPolicyIntent,phí ship bao nhiêu,OrderDetailIntent,đơn này bao nhiêu tiền
1169,order_context,order_history,xem lịch sử đơn hàng,OrderStatusIntent,đơn này đang ở đâu,ShippingPolicyIntent,phí ship bao nhiêu,OrderStatusIntent,kiểm tra đơn này
1170,order_context,order_history,xem lịch sử đơn hàng,OrderStatusIntent,đơn này đang ở đâu,ShippingPolicyIntent,phí ship bao nhiêu,ShippingTrackingIntent,shipper tới chưa
1171,order_context,order_history,xem lịch sử đơn hàng,OrderStatusIntent,đơn này đang ở đâu,PaymentMethodIntent,shop có nhận momo không,OrderDetailIntent,xem chi tiết đơn này
1172,order_context,order_history,xem lịch sử đơn hàng,OrderStatusIntent,đơn này đang ở đâu,PaymentMethodIntent,shop có nhận momo không,OrderStatusIntent,đơn này đang ở đâu
1173,order_context,order_history,xem lịch sử đơn hàng,OrderStatusIntent,đơn này đang ở đâu,PaymentMethodIntent,shop có nhận momo không,ShippingTrackingIntent,đơn này giao tới đâu
1174,order_context,order_history,xem lịch sử đơn hàng,OrderStatusIntent,đơn này đang ở đâu,PaymentMethodIntent,shop có nhận momo không,OrderCancelIntent,hủy đơn này
1175,order_context,order_history,xem lịch sử đơn hàng,OrderStatusIntent,đơn này đang ở đâu,PaymentMethodIntent,shop có nhận momo không,OrderModifyIntent,sửa đơn này
1176,order_context,order_history,xem lịch sử đơn hàng,OrderStatusIntent,đơn này đang ở đâu,PaymentMethodIntent,shop có nhận momo không,RefundStatusIntent,hoàn tiền đơn này
1177,order_context,order_history,xem lịch sử đơn hàng,OrderStatusIntent,đơn này đang ở đâu,PaymentMethodIntent,shop có nhận momo không,ComplaintIntent,khiếu nại đơn này
1178,order_context,order_history,xem lịch sử đơn hàng,OrderStatusIntent,đơn này đang ở đâu,PaymentMethodIntent,shop có nhận momo không,OrderDetailIntent,đơn này bao nhiêu tiền
1179,order_context,order_history,xem lịch sử đơn hàng,OrderStatusIntent,đơn này đang ở đâu,PaymentMethodIntent,shop có nhận momo không,OrderStatusIntent,kiểm tra đơn này
1180,order_context,order_history,xem lịch sử đơn hàng,OrderStatusIntent,đơn này đang ở đâu,PaymentMethodIntent,shop có nhận momo không,ShippingTrackingIntent,shipper tới chưa
1181,order_context,order_history,xem lịch sử đơn hàng,OrderStatusIntent,đơn này đang ở đâu,CartViewIntent,xem giỏ hàng,OrderDetailIntent,xem chi tiết đơn này
1182,order_context,order_history,xem lịch sử đơn hàng,OrderStatusIntent,đơn này đang ở đâu,CartViewIntent,xem giỏ hàng,OrderStatusIntent,đơn này đang ở đâu
1183,order_context,order_history,xem lịch sử đơn hàng,OrderStatusIntent,đơn này đang ở đâu,CartViewIntent,xem giỏ hàng,ShippingTrackingIntent,đơn này giao tới đâu
1184,order_context,order_history,xem lịch sử đơn hàng,OrderStatusIntent,đơn này đang ở đâu,CartViewIntent,xem giỏ hàng,OrderCancelIntent,hủy đơn này
1185,order_context,order_history,xem lịch sử đơn hàng,OrderStatusIntent,đơn này đang ở đâu,CartViewIntent,xem giỏ hàng,OrderModifyIntent,sửa đơn này
1186,order_context,order_history,xem lịch sử đơn hàng,OrderStatusIntent,đơn này đang ở đâu,CartViewIntent,xem giỏ hàng,RefundStatusIntent,hoàn tiền đơn này
1187,order_context,order_history,xem lịch sử đơn hàng,OrderStatusIntent,đơn này đang ở đâu,CartViewIntent,xem giỏ hàng,ComplaintIntent,khiếu nại đơn này
1188,order_context,order_history,xem lịch sử đơn hàng,OrderStatusIntent,đơn này đang ở đâu,CartViewIntent,xem giỏ hàng,OrderDetailIntent,đơn này bao nhiêu tiền
1189,order_context,order_history,xem lịch sử đơn hàng,OrderStatusIntent,đơn này đang ở đâu,CartViewIntent,xem giỏ hàng,OrderStatusIntent,kiểm tra đơn này
1190,order_context,order_history,xem lịch sử đơn hàng,OrderStatusIntent,đơn này đang ở đâu,CartViewIntent,xem giỏ hàng,ShippingTrackingIntent,shipper tới chưa
1191,order_context,order_history,xem lịch sử đơn hàng,OrderStatusIntent,đơn này đang ở đâu,WarrantyPolicyIntent,chính sách bảo hành thế nào,OrderDetailIntent,xem chi tiết đơn này
1192,order_context,order_history,xem lịch sử đơn hàng,OrderStatusIntent,đơn này đang ở đâu,WarrantyPolicyIntent,chính sách bảo hành thế nào,OrderStatusIntent,đơn này đang ở đâu
1193,order_context,order_history,xem lịch sử đơn hàng,OrderStatusIntent,đơn này đang ở đâu,WarrantyPolicyIntent,chính sách bảo hành thế nào,ShippingTrackingIntent,đơn này giao tới đâu
1194,order_context,order_history,xem lịch sử đơn hàng,OrderStatusIntent,đơn này đang ở đâu,WarrantyPolicyIntent,chính sách bảo hành thế nào,OrderCancelIntent,hủy đơn này
1195,order_context,order_history,xem lịch sử đơn hàng,OrderStatusIntent,đơn này đang ở đâu,WarrantyPolicyIntent,chính sách bảo hành thế nào,OrderModifyIntent,sửa đơn này
1196,order_context,order_history,xem lịch sử đơn hàng,OrderStatusIntent,đơn này đang ở đâu,WarrantyPolicyIntent,chính sách bảo hành thế nào,RefundStatusIntent,hoàn tiền đơn này
1197,order_context,order_history,xem lịch sử đơn hàng,OrderStatusIntent,đơn này đang ở đâu,WarrantyPolicyIntent,chính sách bảo hành thế nào,ComplaintIntent,khiếu nại đơn này
1198,order_context,order_history,xem lịch sử đơn hàng,OrderStatusIntent,đơn này đang ở đâu,WarrantyPolicyIntent,chính sách bảo hành thế nào,OrderDetailIntent,đơn này bao nhiêu tiền
1199,order_context,order_history,xem lịch sử đơn hàng,OrderStatusIntent,đơn này đang ở đâu,WarrantyPolicyIntent,chính sách bảo hành thế nào,OrderStatusIntent,kiểm tra đơn này
1200,order_context,order_history,xem lịch sử đơn hàng,OrderStatusIntent,đơn này đang ở đâu,WarrantyPolicyIntent,chính sách bảo hành thế nào,ShippingTrackingIntent,shipper tới chưa
1201,order_context,order_history,xem lịch sử đơn hàng,ShippingTrackingIntent,đơn này giao tới đâu,ProductPriceIntent,iPhone 16 giá bao nhiêu,OrderDetailIntent,xem chi tiết đơn này
1202,order_context,order_history,xem lịch sử đơn hàng,ShippingTrackingIntent,đơn này giao tới đâu,ProductPriceIntent,iPhone 16 giá bao nhiêu,OrderStatusIntent,đơn này đang ở đâu
1203,order_context,order_history,xem lịch sử đơn hàng,ShippingTrackingIntent,đơn này giao tới đâu,ProductPriceIntent,iPhone 16 giá bao nhiêu,ShippingTrackingIntent,đơn này giao tới đâu
1204,order_context,order_history,xem lịch sử đơn hàng,ShippingTrackingIntent,đơn này giao tới đâu,ProductPriceIntent,iPhone 16 giá bao nhiêu,OrderCancelIntent,hủy đơn này
1205,order_context,order_history,xem lịch sử đơn hàng,ShippingTrackingIntent,đơn này giao tới đâu,ProductPriceIntent,iPhone 16 giá bao nhiêu,OrderModifyIntent,sửa đơn này
1206,order_context,order_history,xem lịch sử đơn hàng,ShippingTrackingIntent,đơn này giao tới đâu,ProductPriceIntent,iPhone 16 giá bao nhiêu,RefundStatusIntent,hoàn tiền đơn này
1207,order_context,order_history,xem lịch sử đơn hàng,ShippingTrackingIntent,đơn này giao tới đâu,ProductPriceIntent,iPhone 16 giá bao nhiêu,ComplaintIntent,khiếu nại đơn này
1208,order_context,order_history,xem lịch sử đơn hàng,ShippingTrackingIntent,đơn này giao tới đâu,ProductPriceIntent,iPhone 16 giá bao nhiêu,OrderDetailIntent,đơn này bao nhiêu tiền
1209,order_context,order_history,xem lịch sử đơn hàng,ShippingTrackingIntent,đơn này giao tới đâu,ProductPriceIntent,iPhone 16 giá bao nhiêu,OrderStatusIntent,kiểm tra đơn này
1210,order_context,order_history,xem lịch sử đơn hàng,ShippingTrackingIntent,đơn này giao tới đâu,ProductPriceIntent,iPhone 16 giá bao nhiêu,ShippingTrackingIntent,shipper tới chưa
1211,order_context,order_history,xem lịch sử đơn hàng,ShippingTrackingIntent,đơn này giao tới đâu,ProductSearchIntent,tìm Samsung Galaxy S26 Ultra,OrderDetailIntent,xem chi tiết đơn này
1212,order_context,order_history,xem lịch sử đơn hàng,ShippingTrackingIntent,đơn này giao tới đâu,ProductSearchIntent,tìm Samsung Galaxy S26 Ultra,OrderStatusIntent,đơn này đang ở đâu
1213,order_context,order_history,xem lịch sử đơn hàng,ShippingTrackingIntent,đơn này giao tới đâu,ProductSearchIntent,tìm Samsung Galaxy S26 Ultra,ShippingTrackingIntent,đơn này giao tới đâu
1214,order_context,order_history,xem lịch sử đơn hàng,ShippingTrackingIntent,đơn này giao tới đâu,ProductSearchIntent,tìm Samsung Galaxy S26 Ultra,OrderCancelIntent,hủy đơn này
1215,order_context,order_history,xem lịch sử đơn hàng,ShippingTrackingIntent,đơn này giao tới đâu,ProductSearchIntent,tìm Samsung Galaxy S26 Ultra,OrderModifyIntent,sửa đơn này
1216,order_context,order_history,xem lịch sử đơn hàng,ShippingTrackingIntent,đơn này giao tới đâu,ProductSearchIntent,tìm Samsung Galaxy S26 Ultra,RefundStatusIntent,hoàn tiền đơn này
1217,order_context,order_history,xem lịch sử đơn hàng,ShippingTrackingIntent,đơn này giao tới đâu,ProductSearchIntent,tìm Samsung Galaxy S26 Ultra,ComplaintIntent,khiếu nại đơn này
1218,order_context,order_history,xem lịch sử đơn hàng,ShippingTrackingIntent,đơn này giao tới đâu,ProductSearchIntent,tìm Samsung Galaxy S26 Ultra,OrderDetailIntent,đơn này bao nhiêu tiền
1219,order_context,order_history,xem lịch sử đơn hàng,ShippingTrackingIntent,đơn này giao tới đâu,ProductSearchIntent,tìm Samsung Galaxy S26 Ultra,OrderStatusIntent,kiểm tra đơn này
1220,order_context,order_history,xem lịch sử đơn hàng,ShippingTrackingIntent,đơn này giao tới đâu,ProductSearchIntent,tìm Samsung Galaxy S26 Ultra,ShippingTrackingIntent,shipper tới chưa
1221,order_context,order_history,xem lịch sử đơn hàng,ShippingTrackingIntent,đơn này giao tới đâu,ProductRecommendationIntent,tư vấn điện thoại chụp ảnh,OrderDetailIntent,xem chi tiết đơn này
1222,order_context,order_history,xem lịch sử đơn hàng,ShippingTrackingIntent,đơn này giao tới đâu,ProductRecommendationIntent,tư vấn điện thoại chụp ảnh,OrderStatusIntent,đơn này đang ở đâu
1223,order_context,order_history,xem lịch sử đơn hàng,ShippingTrackingIntent,đơn này giao tới đâu,ProductRecommendationIntent,tư vấn điện thoại chụp ảnh,ShippingTrackingIntent,đơn này giao tới đâu
1224,order_context,order_history,xem lịch sử đơn hàng,ShippingTrackingIntent,đơn này giao tới đâu,ProductRecommendationIntent,tư vấn điện thoại chụp ảnh,OrderCancelIntent,hủy đơn này
1225,order_context,order_history,xem lịch sử đơn hàng,ShippingTrackingIntent,đơn này giao tới đâu,ProductRecommendationIntent,tư vấn điện thoại chụp ảnh,OrderModifyIntent,sửa đơn này
1226,order_context,order_history,xem lịch sử đơn hàng,ShippingTrackingIntent,đơn này giao tới đâu,ProductRecommendationIntent,tư vấn điện thoại chụp ảnh,RefundStatusIntent,hoàn tiền đơn này
1227,order_context,order_history,xem lịch sử đơn hàng,ShippingTrackingIntent,đơn này giao tới đâu,ProductRecommendationIntent,tư vấn điện thoại chụp ảnh,ComplaintIntent,khiếu nại đơn này
1228,order_context,order_history,xem lịch sử đơn hàng,ShippingTrackingIntent,đơn này giao tới đâu,ProductRecommendationIntent,tư vấn điện thoại chụp ảnh,OrderDetailIntent,đơn này bao nhiêu tiền
1229,order_context,order_history,xem lịch sử đơn hàng,ShippingTrackingIntent,đơn này giao tới đâu,ProductRecommendationIntent,tư vấn điện thoại chụp ảnh,OrderStatusIntent,kiểm tra đơn này
1230,order_context,order_history,xem lịch sử đơn hàng,ShippingTrackingIntent,đơn này giao tới đâu,ProductRecommendationIntent,tư vấn điện thoại chụp ảnh,ShippingTrackingIntent,shipper tới chưa
1231,order_context,order_history,xem lịch sử đơn hàng,ShippingTrackingIntent,đơn này giao tới đâu,StoreInfoIntent,shop mở cửa lúc mấy giờ,OrderDetailIntent,xem chi tiết đơn này
1232,order_context,order_history,xem lịch sử đơn hàng,ShippingTrackingIntent,đơn này giao tới đâu,StoreInfoIntent,shop mở cửa lúc mấy giờ,OrderStatusIntent,đơn này đang ở đâu
1233,order_context,order_history,xem lịch sử đơn hàng,ShippingTrackingIntent,đơn này giao tới đâu,StoreInfoIntent,shop mở cửa lúc mấy giờ,ShippingTrackingIntent,đơn này giao tới đâu
1234,order_context,order_history,xem lịch sử đơn hàng,ShippingTrackingIntent,đơn này giao tới đâu,StoreInfoIntent,shop mở cửa lúc mấy giờ,OrderCancelIntent,hủy đơn này
1235,order_context,order_history,xem lịch sử đơn hàng,ShippingTrackingIntent,đơn này giao tới đâu,StoreInfoIntent,shop mở cửa lúc mấy giờ,OrderModifyIntent,sửa đơn này
1236,order_context,order_history,xem lịch sử đơn hàng,ShippingTrackingIntent,đơn này giao tới đâu,StoreInfoIntent,shop mở cửa lúc mấy giờ,RefundStatusIntent,hoàn tiền đơn này
1237,order_context,order_history,xem lịch sử đơn hàng,ShippingTrackingIntent,đơn này giao tới đâu,StoreInfoIntent,shop mở cửa lúc mấy giờ,ComplaintIntent,khiếu nại đơn này
1238,order_context,order_history,xem lịch sử đơn hàng,ShippingTrackingIntent,đơn này giao tới đâu,StoreInfoIntent,shop mở cửa lúc mấy giờ,OrderDetailIntent,đơn này bao nhiêu tiền
1239,order_context,order_history,xem lịch sử đơn hàng,ShippingTrackingIntent,đơn này giao tới đâu,StoreInfoIntent,shop mở cửa lúc mấy giờ,OrderStatusIntent,kiểm tra đơn này
1240,order_context,order_history,xem lịch sử đơn hàng,ShippingTrackingIntent,đơn này giao tới đâu,StoreInfoIntent,shop mở cửa lúc mấy giờ,ShippingTrackingIntent,shipper tới chưa
1241,order_context,order_history,xem lịch sử đơn hàng,ShippingTrackingIntent,đơn này giao tới đâu,GreetingIntent,xin chào shop,OrderDetailIntent,xem chi tiết đơn này
1242,order_context,order_history,xem lịch sử đơn hàng,ShippingTrackingIntent,đơn này giao tới đâu,GreetingIntent,xin chào shop,OrderStatusIntent,đơn này đang ở đâu
1243,order_context,order_history,xem lịch sử đơn hàng,ShippingTrackingIntent,đơn này giao tới đâu,GreetingIntent,xin chào shop,ShippingTrackingIntent,đơn này giao tới đâu
1244,order_context,order_history,xem lịch sử đơn hàng,ShippingTrackingIntent,đơn này giao tới đâu,GreetingIntent,xin chào shop,OrderCancelIntent,hủy đơn này
1245,order_context,order_history,xem lịch sử đơn hàng,ShippingTrackingIntent,đơn này giao tới đâu,GreetingIntent,xin chào shop,OrderModifyIntent,sửa đơn này
1246,order_context,order_history,xem lịch sử đơn hàng,ShippingTrackingIntent,đơn này giao tới đâu,GreetingIntent,xin chào shop,RefundStatusIntent,hoàn tiền đơn này
1247,order_context,order_history,xem lịch sử đơn hàng,ShippingTrackingIntent,đơn này giao tới đâu,GreetingIntent,xin chào shop,ComplaintIntent,khiếu nại đơn này
1248,order_context,order_history,xem lịch sử đơn hàng,ShippingTrackingIntent,đơn này giao tới đâu,GreetingIntent,xin chào shop,OrderDetailIntent,đơn này bao nhiêu tiền
1249,order_context,order_history,xem lịch sử đơn hàng,ShippingTrackingIntent,đơn này giao tới đâu,GreetingIntent,xin chào shop,OrderStatusIntent,kiểm tra đơn này
1250,order_context,order_history,xem lịch sử đơn hàng,ShippingTrackingIntent,đơn này giao tới đâu,GreetingIntent,xin chào shop,ShippingTrackingIntent,shipper tới chưa
1251,order_context,order_history,xem lịch sử đơn hàng,ShippingTrackingIntent,đơn này giao tới đâu,FallbackIntent,kể cho tôi chuyện cổ tích,OrderDetailIntent,xem chi tiết đơn này
1252,order_context,order_history,xem lịch sử đơn hàng,ShippingTrackingIntent,đơn này giao tới đâu,FallbackIntent,kể cho tôi chuyện cổ tích,OrderStatusIntent,đơn này đang ở đâu
1253,order_context,order_history,xem lịch sử đơn hàng,ShippingTrackingIntent,đơn này giao tới đâu,FallbackIntent,kể cho tôi chuyện cổ tích,ShippingTrackingIntent,đơn này giao tới đâu
1254,order_context,order_history,xem lịch sử đơn hàng,ShippingTrackingIntent,đơn này giao tới đâu,FallbackIntent,kể cho tôi chuyện cổ tích,OrderCancelIntent,hủy đơn này
1255,order_context,order_history,xem lịch sử đơn hàng,ShippingTrackingIntent,đơn này giao tới đâu,FallbackIntent,kể cho tôi chuyện cổ tích,OrderModifyIntent,sửa đơn này
1256,order_context,order_history,xem lịch sử đơn hàng,ShippingTrackingIntent,đơn này giao tới đâu,FallbackIntent,kể cho tôi chuyện cổ tích,RefundStatusIntent,hoàn tiền đơn này
1257,order_context,order_history,xem lịch sử đơn hàng,ShippingTrackingIntent,đơn này giao tới đâu,FallbackIntent,kể cho tôi chuyện cổ tích,ComplaintIntent,khiếu nại đơn này
1258,order_context,order_history,xem lịch sử đơn hàng,ShippingTrackingIntent,đơn này giao tới đâu,FallbackIntent,kể cho tôi chuyện cổ tích,OrderDetailIntent,đơn này bao nhiêu tiền
1259,order_context,order_history,xem lịch sử đơn hàng,ShippingTrackingIntent,đơn này giao tới đâu,FallbackIntent,kể cho tôi chuyện cổ tích,OrderStatusIntent,kiểm tra đơn này
1260,order_context,order_history,xem lịch sử đơn hàng,ShippingTrackingIntent,đơn này giao tới đâu,FallbackIntent,kể cho tôi chuyện cổ tích,ShippingTrackingIntent,shipper tới chưa
1261,order_context,order_history,xem lịch sử đơn hàng,ShippingTrackingIntent,đơn này giao tới đâu,ShippingPolicyIntent,phí ship bao nhiêu,OrderDetailIntent,xem chi tiết đơn này
1262,order_context,order_history,xem lịch sử đơn hàng,ShippingTrackingIntent,đơn này giao tới đâu,ShippingPolicyIntent,phí ship bao nhiêu,OrderStatusIntent,đơn này đang ở đâu
1263,order_context,order_history,xem lịch sử đơn hàng,ShippingTrackingIntent,đơn này giao tới đâu,ShippingPolicyIntent,phí ship bao nhiêu,ShippingTrackingIntent,đơn này giao tới đâu
1264,order_context,order_history,xem lịch sử đơn hàng,ShippingTrackingIntent,đơn này giao tới đâu,ShippingPolicyIntent,phí ship bao nhiêu,OrderCancelIntent,hủy đơn này
1265,order_context,order_history,xem lịch sử đơn hàng,ShippingTrackingIntent,đơn này giao tới đâu,ShippingPolicyIntent,phí ship bao nhiêu,OrderModifyIntent,sửa đơn này
1266,order_context,order_history,xem lịch sử đơn hàng,ShippingTrackingIntent,đơn này giao tới đâu,ShippingPolicyIntent,phí ship bao nhiêu,RefundStatusIntent,hoàn tiền đơn này
1267,order_context,order_history,xem lịch sử đơn hàng,ShippingTrackingIntent,đơn này giao tới đâu,ShippingPolicyIntent,phí ship bao nhiêu,ComplaintIntent,khiếu nại đơn này
1268,order_context,order_history,xem lịch sử đơn hàng,ShippingTrackingIntent,đơn này giao tới đâu,ShippingPolicyIntent,phí ship bao nhiêu,OrderDetailIntent,đơn này bao nhiêu tiền
1269,order_context,order_history,xem lịch sử đơn hàng,ShippingTrackingIntent,đơn này giao tới đâu,ShippingPolicyIntent,phí ship bao nhiêu,OrderStatusIntent,kiểm tra đơn này
1270,order_context,order_history,xem lịch sử đơn hàng,ShippingTrackingIntent,đơn này giao tới đâu,ShippingPolicyIntent,phí ship bao nhiêu,ShippingTrackingIntent,shipper tới chưa
1271,order_context,order_history,xem lịch sử đơn hàng,ShippingTrackingIntent,đơn này giao tới đâu,PaymentMethodIntent,shop có nhận momo không,OrderDetailIntent,xem chi tiết đơn này
1272,order_context,order_history,xem lịch sử đơn hàng,ShippingTrackingIntent,đơn này giao tới đâu,PaymentMethodIntent,shop có nhận momo không,OrderStatusIntent,đơn này đang ở đâu
1273,order_context,order_history,xem lịch sử đơn hàng,ShippingTrackingIntent,đơn này giao tới đâu,PaymentMethodIntent,shop có nhận momo không,ShippingTrackingIntent,đơn này giao tới đâu
1274,order_context,order_history,xem lịch sử đơn hàng,ShippingTrackingIntent,đơn này giao tới đâu,PaymentMethodIntent,shop có nhận momo không,OrderCancelIntent,hủy đơn này
1275,order_context,order_history,xem lịch sử đơn hàng,ShippingTrackingIntent,đơn này giao tới đâu,PaymentMethodIntent,shop có nhận momo không,OrderModifyIntent,sửa đơn này
1276,order_context,order_history,xem lịch sử đơn hàng,ShippingTrackingIntent,đơn này giao tới đâu,PaymentMethodIntent,shop có nhận momo không,RefundStatusIntent,hoàn tiền đơn này
1277,order_context,order_history,xem lịch sử đơn hàng,ShippingTrackingIntent,đơn này giao tới đâu,PaymentMethodIntent,shop có nhận momo không,ComplaintIntent,khiếu nại đơn này
1278,order_context,order_history,xem lịch sử đơn hàng,ShippingTrackingIntent,đơn này giao tới đâu,PaymentMethodIntent,shop có nhận momo không,OrderDetailIntent,đơn này bao nhiêu tiền
1279,order_context,order_history,xem lịch sử đơn hàng,ShippingTrackingIntent,đơn này giao tới đâu,PaymentMethodIntent,shop có nhận momo không,OrderStatusIntent,kiểm tra đơn này
1280,order_context,order_history,xem lịch sử đơn hàng,ShippingTrackingIntent,đơn này giao tới đâu,PaymentMethodIntent,shop có nhận momo không,ShippingTrackingIntent,shipper tới chưa
1281,order_context,order_history,xem lịch sử đơn hàng,ShippingTrackingIntent,đơn này giao tới đâu,CartViewIntent,xem giỏ hàng,OrderDetailIntent,xem chi tiết đơn này
1282,order_context,order_history,xem lịch sử đơn hàng,ShippingTrackingIntent,đơn này giao tới đâu,CartViewIntent,xem giỏ hàng,OrderStatusIntent,đơn này đang ở đâu
1283,order_context,order_history,xem lịch sử đơn hàng,ShippingTrackingIntent,đơn này giao tới đâu,CartViewIntent,xem giỏ hàng,ShippingTrackingIntent,đơn này giao tới đâu
1284,order_context,order_history,xem lịch sử đơn hàng,ShippingTrackingIntent,đơn này giao tới đâu,CartViewIntent,xem giỏ hàng,OrderCancelIntent,hủy đơn này
1285,order_context,order_history,xem lịch sử đơn hàng,ShippingTrackingIntent,đơn này giao tới đâu,CartViewIntent,xem giỏ hàng,OrderModifyIntent,sửa đơn này
1286,order_context,order_history,xem lịch sử đơn hàng,ShippingTrackingIntent,đơn này giao tới đâu,CartViewIntent,xem giỏ hàng,RefundStatusIntent,hoàn tiền đơn này
1287,order_context,order_history,xem lịch sử đơn hàng,ShippingTrackingIntent,đơn này giao tới đâu,CartViewIntent,xem giỏ hàng,ComplaintIntent,khiếu nại đơn này
1288,order_context,order_history,xem lịch sử đơn hàng,ShippingTrackingIntent,đơn này giao tới đâu,CartViewIntent,xem giỏ hàng,OrderDetailIntent,đơn này bao nhiêu tiền
1289,order_context,order_history,xem lịch sử đơn hàng,ShippingTrackingIntent,đơn này giao tới đâu,CartViewIntent,xem giỏ hàng,OrderStatusIntent,kiểm tra đơn này
1290,order_context,order_history,xem lịch sử đơn hàng,ShippingTrackingIntent,đơn này giao tới đâu,CartViewIntent,xem giỏ hàng,ShippingTrackingIntent,shipper tới chưa
1291,order_context,order_history,xem lịch sử đơn hàng,ShippingTrackingIntent,đơn này giao tới đâu,WarrantyPolicyIntent,chính sách bảo hành thế nào,OrderDetailIntent,xem chi tiết đơn này
1292,order_context,order_history,xem lịch sử đơn hàng,ShippingTrackingIntent,đơn này giao tới đâu,WarrantyPolicyIntent,chính sách bảo hành thế nào,OrderStatusIntent,đơn này đang ở đâu
1293,order_context,order_history,xem lịch sử đơn hàng,ShippingTrackingIntent,đơn này giao tới đâu,WarrantyPolicyIntent,chính sách bảo hành thế nào,ShippingTrackingIntent,đơn này giao tới đâu
1294,order_context,order_history,xem lịch sử đơn hàng,ShippingTrackingIntent,đơn này giao tới đâu,WarrantyPolicyIntent,chính sách bảo hành thế nào,OrderCancelIntent,hủy đơn này
1295,order_context,order_history,xem lịch sử đơn hàng,ShippingTrackingIntent,đơn này giao tới đâu,WarrantyPolicyIntent,chính sách bảo hành thế nào,OrderModifyIntent,sửa đơn này
1296,order_context,order_history,xem lịch sử đơn hàng,ShippingTrackingIntent,đơn này giao tới đâu,WarrantyPolicyIntent,chính sách bảo hành thế nào,RefundStatusIntent,hoàn tiền đơn này
1297,order_context,order_history,xem lịch sử đơn hàng,ShippingTrackingIntent,đơn này giao tới đâu,WarrantyPolicyIntent,chính sách bảo hành thế nào,ComplaintIntent,khiếu nại đơn này
1298,order_context,order_history,xem lịch sử đơn hàng,ShippingTrackingIntent,đơn này giao tới đâu,WarrantyPolicyIntent,chính sách bảo hành thế nào,OrderDetailIntent,đơn này bao nhiêu tiền
1299,order_context,order_history,xem lịch sử đơn hàng,ShippingTrackingIntent,đơn này giao tới đâu,WarrantyPolicyIntent,chính sách bảo hành thế nào,OrderStatusIntent,kiểm tra đơn này
1300,order_context,order_history,xem lịch sử đơn hàng,ShippingTrackingIntent,đơn này giao tới đâu,WarrantyPolicyIntent,chính sách bảo hành thế nào,ShippingTrackingIntent,shipper tới chưa
1301,order_context,order_history,xem lịch sử đơn hàng,OrderCancelIntent,hủy đơn này giúp tôi,ProductPriceIntent,iPhone 16 giá bao nhiêu,OrderDetailIntent,xem chi tiết đơn này
1302,order_context,order_history,xem lịch sử đơn hàng,OrderCancelIntent,hủy đơn này giúp tôi,ProductPriceIntent,iPhone 16 giá bao nhiêu,OrderStatusIntent,đơn này đang ở đâu
1303,order_context,order_history,xem lịch sử đơn hàng,OrderCancelIntent,hủy đơn này giúp tôi,ProductPriceIntent,iPhone 16 giá bao nhiêu,ShippingTrackingIntent,đơn này giao tới đâu
1304,order_context,order_history,xem lịch sử đơn hàng,OrderCancelIntent,hủy đơn này giúp tôi,ProductPriceIntent,iPhone 16 giá bao nhiêu,OrderCancelIntent,hủy đơn này
1305,order_context,order_history,xem lịch sử đơn hàng,OrderCancelIntent,hủy đơn này giúp tôi,ProductPriceIntent,iPhone 16 giá bao nhiêu,OrderModifyIntent,sửa đơn này
1306,order_context,order_history,xem lịch sử đơn hàng,OrderCancelIntent,hủy đơn này giúp tôi,ProductPriceIntent,iPhone 16 giá bao nhiêu,RefundStatusIntent,hoàn tiền đơn này
1307,order_context,order_history,xem lịch sử đơn hàng,OrderCancelIntent,hủy đơn này giúp tôi,ProductPriceIntent,iPhone 16 giá bao nhiêu,ComplaintIntent,khiếu nại đơn này
1308,order_context,order_history,xem lịch sử đơn hàng,OrderCancelIntent,hủy đơn này giúp tôi,ProductPriceIntent,iPhone 16 giá bao nhiêu,OrderDetailIntent,đơn này bao nhiêu tiền
1309,order_context,order_history,xem lịch sử đơn hàng,OrderCancelIntent,hủy đơn này giúp tôi,ProductPriceIntent,iPhone 16 giá bao nhiêu,OrderStatusIntent,kiểm tra đơn này
1310,order_context,order_history,xem lịch sử đơn hàng,OrderCancelIntent,hủy đơn này giúp tôi,ProductPriceIntent,iPhone 16 giá bao nhiêu,ShippingTrackingIntent,shipper tới chưa
1311,order_context,order_history,xem lịch sử đơn hàng,OrderCancelIntent,hủy đơn này giúp tôi,ProductSearchIntent,tìm Samsung Galaxy S26 Ultra,OrderDetailIntent,xem chi tiết đơn này
1312,order_context,order_history,xem lịch sử đơn hàng,OrderCancelIntent,hủy đơn này giúp tôi,ProductSearchIntent,tìm Samsung Galaxy S26 Ultra,OrderStatusIntent,đơn này đang ở đâu
1313,order_context,order_history,xem lịch sử đơn hàng,OrderCancelIntent,hủy đơn này giúp tôi,ProductSearchIntent,tìm Samsung Galaxy S26 Ultra,ShippingTrackingIntent,đơn này giao tới đâu
1314,order_context,order_history,xem lịch sử đơn hàng,OrderCancelIntent,hủy đơn này giúp tôi,ProductSearchIntent,tìm Samsung Galaxy S26 Ultra,OrderCancelIntent,hủy đơn này
1315,order_context,order_history,xem lịch sử đơn hàng,OrderCancelIntent,hủy đơn này giúp tôi,ProductSearchIntent,tìm Samsung Galaxy S26 Ultra,OrderModifyIntent,sửa đơn này
1316,order_context,order_history,xem lịch sử đơn hàng,OrderCancelIntent,hủy đơn này giúp tôi,ProductSearchIntent,tìm Samsung Galaxy S26 Ultra,RefundStatusIntent,hoàn tiền đơn này
1317,order_context,order_history,xem lịch sử đơn hàng,OrderCancelIntent,hủy đơn này giúp tôi,ProductSearchIntent,tìm Samsung Galaxy S26 Ultra,ComplaintIntent,khiếu nại đơn này
1318,order_context,order_history,xem lịch sử đơn hàng,OrderCancelIntent,hủy đơn này giúp tôi,ProductSearchIntent,tìm Samsung Galaxy S26 Ultra,OrderDetailIntent,đơn này bao nhiêu tiền
1319,order_context,order_history,xem lịch sử đơn hàng,OrderCancelIntent,hủy đơn này giúp tôi,ProductSearchIntent,tìm Samsung Galaxy S26 Ultra,OrderStatusIntent,kiểm tra đơn này
1320,order_context,order_history,xem lịch sử đơn hàng,OrderCancelIntent,hủy đơn này giúp tôi,ProductSearchIntent,tìm Samsung Galaxy S26 Ultra,ShippingTrackingIntent,shipper tới chưa
1321,order_context,order_history,xem lịch sử đơn hàng,OrderCancelIntent,hủy đơn này giúp tôi,ProductRecommendationIntent,tư vấn điện thoại chụp ảnh,OrderDetailIntent,xem chi tiết đơn này
1322,order_context,order_history,xem lịch sử đơn hàng,OrderCancelIntent,hủy đơn này giúp tôi,ProductRecommendationIntent,tư vấn điện thoại chụp ảnh,OrderStatusIntent,đơn này đang ở đâu
1323,order_context,order_history,xem lịch sử đơn hàng,OrderCancelIntent,hủy đơn này giúp tôi,ProductRecommendationIntent,tư vấn điện thoại chụp ảnh,ShippingTrackingIntent,đơn này giao tới đâu
1324,order_context,order_history,xem lịch sử đơn hàng,OrderCancelIntent,hủy đơn này giúp tôi,ProductRecommendationIntent,tư vấn điện thoại chụp ảnh,OrderCancelIntent,hủy đơn này
1325,order_context,order_history,xem lịch sử đơn hàng,OrderCancelIntent,hủy đơn này giúp tôi,ProductRecommendationIntent,tư vấn điện thoại chụp ảnh,OrderModifyIntent,sửa đơn này
1326,order_context,order_history,xem lịch sử đơn hàng,OrderCancelIntent,hủy đơn này giúp tôi,ProductRecommendationIntent,tư vấn điện thoại chụp ảnh,RefundStatusIntent,hoàn tiền đơn này
1327,order_context,order_history,xem lịch sử đơn hàng,OrderCancelIntent,hủy đơn này giúp tôi,ProductRecommendationIntent,tư vấn điện thoại chụp ảnh,ComplaintIntent,khiếu nại đơn này
1328,order_context,order_history,xem lịch sử đơn hàng,OrderCancelIntent,hủy đơn này giúp tôi,ProductRecommendationIntent,tư vấn điện thoại chụp ảnh,OrderDetailIntent,đơn này bao nhiêu tiền
1329,order_context,order_history,xem lịch sử đơn hàng,OrderCancelIntent,hủy đơn này giúp tôi,ProductRecommendationIntent,tư vấn điện thoại chụp ảnh,OrderStatusIntent,kiểm tra đơn này
1330,order_context,order_history,xem lịch sử đơn hàng,OrderCancelIntent,hủy đơn này giúp tôi,ProductRecommendationIntent,tư vấn điện thoại chụp ảnh,ShippingTrackingIntent,shipper tới chưa
1331,order_context,order_history,xem lịch sử đơn hàng,OrderCancelIntent,hủy đơn này giúp tôi,StoreInfoIntent,shop mở cửa lúc mấy giờ,OrderDetailIntent,xem chi tiết đơn này
1332,order_context,order_history,xem lịch sử đơn hàng,OrderCancelIntent,hủy đơn này giúp tôi,StoreInfoIntent,shop mở cửa lúc mấy giờ,OrderStatusIntent,đơn này đang ở đâu
1333,order_context,order_history,xem lịch sử đơn hàng,OrderCancelIntent,hủy đơn này giúp tôi,StoreInfoIntent,shop mở cửa lúc mấy giờ,ShippingTrackingIntent,đơn này giao tới đâu
1334,order_context,order_history,xem lịch sử đơn hàng,OrderCancelIntent,hủy đơn này giúp tôi,StoreInfoIntent,shop mở cửa lúc mấy giờ,OrderCancelIntent,hủy đơn này
1335,order_context,order_history,xem lịch sử đơn hàng,OrderCancelIntent,hủy đơn này giúp tôi,StoreInfoIntent,shop mở cửa lúc mấy giờ,OrderModifyIntent,sửa đơn này
1336,order_context,order_history,xem lịch sử đơn hàng,OrderCancelIntent,hủy đơn này giúp tôi,StoreInfoIntent,shop mở cửa lúc mấy giờ,RefundStatusIntent,hoàn tiền đơn này
1337,order_context,order_history,xem lịch sử đơn hàng,OrderCancelIntent,hủy đơn này giúp tôi,StoreInfoIntent,shop mở cửa lúc mấy giờ,ComplaintIntent,khiếu nại đơn này
1338,order_context,order_history,xem lịch sử đơn hàng,OrderCancelIntent,hủy đơn này giúp tôi,StoreInfoIntent,shop mở cửa lúc mấy giờ,OrderDetailIntent,đơn này bao nhiêu tiền
1339,order_context,order_history,xem lịch sử đơn hàng,OrderCancelIntent,hủy đơn này giúp tôi,StoreInfoIntent,shop mở cửa lúc mấy giờ,OrderStatusIntent,kiểm tra đơn này
1340,order_context,order_history,xem lịch sử đơn hàng,OrderCancelIntent,hủy đơn này giúp tôi,StoreInfoIntent,shop mở cửa lúc mấy giờ,ShippingTrackingIntent,shipper tới chưa
1341,order_context,order_history,xem lịch sử đơn hàng,OrderCancelIntent,hủy đơn này giúp tôi,GreetingIntent,xin chào shop,OrderDetailIntent,xem chi tiết đơn này
1342,order_context,order_history,xem lịch sử đơn hàng,OrderCancelIntent,hủy đơn này giúp tôi,GreetingIntent,xin chào shop,OrderStatusIntent,đơn này đang ở đâu
1343,order_context,order_history,xem lịch sử đơn hàng,OrderCancelIntent,hủy đơn này giúp tôi,GreetingIntent,xin chào shop,ShippingTrackingIntent,đơn này giao tới đâu
1344,order_context,order_history,xem lịch sử đơn hàng,OrderCancelIntent,hủy đơn này giúp tôi,GreetingIntent,xin chào shop,OrderCancelIntent,hủy đơn này
1345,order_context,order_history,xem lịch sử đơn hàng,OrderCancelIntent,hủy đơn này giúp tôi,GreetingIntent,xin chào shop,OrderModifyIntent,sửa đơn này
1346,order_context,order_history,xem lịch sử đơn hàng,OrderCancelIntent,hủy đơn này giúp tôi,GreetingIntent,xin chào shop,RefundStatusIntent,hoàn tiền đơn này
1347,order_context,order_history,xem lịch sử đơn hàng,OrderCancelIntent,hủy đơn này giúp tôi,GreetingIntent,xin chào shop,ComplaintIntent,khiếu nại đơn này
1348,order_context,order_history,xem lịch sử đơn hàng,OrderCancelIntent,hủy đơn này giúp tôi,GreetingIntent,xin chào shop,OrderDetailIntent,đơn này bao nhiêu tiền
1349,order_context,order_history,xem lịch sử đơn hàng,OrderCancelIntent,hủy đơn này giúp tôi,GreetingIntent,xin chào shop,OrderStatusIntent,kiểm tra đơn này
1350,order_context,order_history,xem lịch sử đơn hàng,OrderCancelIntent,hủy đơn này giúp tôi,GreetingIntent,xin chào shop,ShippingTrackingIntent,shipper tới chưa
1351,order_context,order_history,xem lịch sử đơn hàng,OrderCancelIntent,hủy đơn này giúp tôi,FallbackIntent,kể cho tôi chuyện cổ tích,OrderDetailIntent,xem chi tiết đơn này
1352,order_context,order_history,xem lịch sử đơn hàng,OrderCancelIntent,hủy đơn này giúp tôi,FallbackIntent,kể cho tôi chuyện cổ tích,OrderStatusIntent,đơn này đang ở đâu
1353,order_context,order_history,xem lịch sử đơn hàng,OrderCancelIntent,hủy đơn này giúp tôi,FallbackIntent,kể cho tôi chuyện cổ tích,ShippingTrackingIntent,đơn này giao tới đâu
1354,order_context,order_history,xem lịch sử đơn hàng,OrderCancelIntent,hủy đơn này giúp tôi,FallbackIntent,kể cho tôi chuyện cổ tích,OrderCancelIntent,hủy đơn này
1355,order_context,order_history,xem lịch sử đơn hàng,OrderCancelIntent,hủy đơn này giúp tôi,FallbackIntent,kể cho tôi chuyện cổ tích,OrderModifyIntent,sửa đơn này
1356,order_context,order_history,xem lịch sử đơn hàng,OrderCancelIntent,hủy đơn này giúp tôi,FallbackIntent,kể cho tôi chuyện cổ tích,RefundStatusIntent,hoàn tiền đơn này
1357,order_context,order_history,xem lịch sử đơn hàng,OrderCancelIntent,hủy đơn này giúp tôi,FallbackIntent,kể cho tôi chuyện cổ tích,ComplaintIntent,khiếu nại đơn này
1358,order_context,order_history,xem lịch sử đơn hàng,OrderCancelIntent,hủy đơn này giúp tôi,FallbackIntent,kể cho tôi chuyện cổ tích,OrderDetailIntent,đơn này bao nhiêu tiền
1359,order_context,order_history,xem lịch sử đơn hàng,OrderCancelIntent,hủy đơn này giúp tôi,FallbackIntent,kể cho tôi chuyện cổ tích,OrderStatusIntent,kiểm tra đơn này
1360,order_context,order_history,xem lịch sử đơn hàng,OrderCancelIntent,hủy đơn này giúp tôi,FallbackIntent,kể cho tôi chuyện cổ tích,ShippingTrackingIntent,shipper tới chưa
1361,order_context,order_history,xem lịch sử đơn hàng,OrderCancelIntent,hủy đơn này giúp tôi,ShippingPolicyIntent,phí ship bao nhiêu,OrderDetailIntent,xem chi tiết đơn này
1362,order_context,order_history,xem lịch sử đơn hàng,OrderCancelIntent,hủy đơn này giúp tôi,ShippingPolicyIntent,phí ship bao nhiêu,OrderStatusIntent,đơn này đang ở đâu
1363,order_context,order_history,xem lịch sử đơn hàng,OrderCancelIntent,hủy đơn này giúp tôi,ShippingPolicyIntent,phí ship bao nhiêu,ShippingTrackingIntent,đơn này giao tới đâu
1364,order_context,order_history,xem lịch sử đơn hàng,OrderCancelIntent,hủy đơn này giúp tôi,ShippingPolicyIntent,phí ship bao nhiêu,OrderCancelIntent,hủy đơn này
1365,order_context,order_history,xem lịch sử đơn hàng,OrderCancelIntent,hủy đơn này giúp tôi,ShippingPolicyIntent,phí ship bao nhiêu,OrderModifyIntent,sửa đơn này
1366,order_context,order_history,xem lịch sử đơn hàng,OrderCancelIntent,hủy đơn này giúp tôi,ShippingPolicyIntent,phí ship bao nhiêu,RefundStatusIntent,hoàn tiền đơn này
1367,order_context,order_history,xem lịch sử đơn hàng,OrderCancelIntent,hủy đơn này giúp tôi,ShippingPolicyIntent,phí ship bao nhiêu,ComplaintIntent,khiếu nại đơn này
1368,order_context,order_history,xem lịch sử đơn hàng,OrderCancelIntent,hủy đơn này giúp tôi,ShippingPolicyIntent,phí ship bao nhiêu,OrderDetailIntent,đơn này bao nhiêu tiền
1369,order_context,order_history,xem lịch sử đơn hàng,OrderCancelIntent,hủy đơn này giúp tôi,ShippingPolicyIntent,phí ship bao nhiêu,OrderStatusIntent,kiểm tra đơn này
1370,order_context,order_history,xem lịch sử đơn hàng,OrderCancelIntent,hủy đơn này giúp tôi,ShippingPolicyIntent,phí ship bao nhiêu,ShippingTrackingIntent,shipper tới chưa
1371,order_context,order_history,xem lịch sử đơn hàng,OrderCancelIntent,hủy đơn này giúp tôi,PaymentMethodIntent,shop có nhận momo không,OrderDetailIntent,xem chi tiết đơn này
1372,order_context,order_history,xem lịch sử đơn hàng,OrderCancelIntent,hủy đơn này giúp tôi,PaymentMethodIntent,shop có nhận momo không,OrderStatusIntent,đơn này đang ở đâu
1373,order_context,order_history,xem lịch sử đơn hàng,OrderCancelIntent,hủy đơn này giúp tôi,PaymentMethodIntent,shop có nhận momo không,ShippingTrackingIntent,đơn này giao tới đâu
1374,order_context,order_history,xem lịch sử đơn hàng,OrderCancelIntent,hủy đơn này giúp tôi,PaymentMethodIntent,shop có nhận momo không,OrderCancelIntent,hủy đơn này
1375,order_context,order_history,xem lịch sử đơn hàng,OrderCancelIntent,hủy đơn này giúp tôi,PaymentMethodIntent,shop có nhận momo không,OrderModifyIntent,sửa đơn này
1376,order_context,order_history,xem lịch sử đơn hàng,OrderCancelIntent,hủy đơn này giúp tôi,PaymentMethodIntent,shop có nhận momo không,RefundStatusIntent,hoàn tiền đơn này
1377,order_context,order_history,xem lịch sử đơn hàng,OrderCancelIntent,hủy đơn này giúp tôi,PaymentMethodIntent,shop có nhận momo không,ComplaintIntent,khiếu nại đơn này
1378,order_context,order_history,xem lịch sử đơn hàng,OrderCancelIntent,hủy đơn này giúp tôi,PaymentMethodIntent,shop có nhận momo không,OrderDetailIntent,đơn này bao nhiêu tiền
1379,order_context,order_history,xem lịch sử đơn hàng,OrderCancelIntent,hủy đơn này giúp tôi,PaymentMethodIntent,shop có nhận momo không,OrderStatusIntent,kiểm tra đơn này
1380,order_context,order_history,xem lịch sử đơn hàng,OrderCancelIntent,hủy đơn này giúp tôi,PaymentMethodIntent,shop có nhận momo không,ShippingTrackingIntent,shipper tới chưa
1381,order_context,order_history,xem lịch sử đơn hàng,OrderCancelIntent,hủy đơn này giúp tôi,CartViewIntent,xem giỏ hàng,OrderDetailIntent,xem chi tiết đơn này
1382,order_context,order_history,xem lịch sử đơn hàng,OrderCancelIntent,hủy đơn này giúp tôi,CartViewIntent,xem giỏ hàng,OrderStatusIntent,đơn này đang ở đâu
1383,order_context,order_history,xem lịch sử đơn hàng,OrderCancelIntent,hủy đơn này giúp tôi,CartViewIntent,xem giỏ hàng,ShippingTrackingIntent,đơn này giao tới đâu
1384,order_context,order_history,xem lịch sử đơn hàng,OrderCancelIntent,hủy đơn này giúp tôi,CartViewIntent,xem giỏ hàng,OrderCancelIntent,hủy đơn này
1385,order_context,order_history,xem lịch sử đơn hàng,OrderCancelIntent,hủy đơn này giúp tôi,CartViewIntent,xem giỏ hàng,OrderModifyIntent,sửa đơn này
1386,order_context,order_history,xem lịch sử đơn hàng,OrderCancelIntent,hủy đơn này giúp tôi,CartViewIntent,xem giỏ hàng,RefundStatusIntent,hoàn tiền đơn này
1387,order_context,order_history,xem lịch sử đơn hàng,OrderCancelIntent,hủy đơn này giúp tôi,CartViewIntent,xem giỏ hàng,ComplaintIntent,khiếu nại đơn này
1388,order_context,order_history,xem lịch sử đơn hàng,OrderCancelIntent,hủy đơn này giúp tôi,CartViewIntent,xem giỏ hàng,OrderDetailIntent,đơn này bao nhiêu tiền
1389,order_context,order_history,xem lịch sử đơn hàng,OrderCancelIntent,hủy đơn này giúp tôi,CartViewIntent,xem giỏ hàng,OrderStatusIntent,kiểm tra đơn này
1390,order_context,order_history,xem lịch sử đơn hàng,OrderCancelIntent,hủy đơn này giúp tôi,CartViewIntent,xem giỏ hàng,ShippingTrackingIntent,shipper tới chưa
1391,order_context,order_history,xem lịch sử đơn hàng,OrderCancelIntent,hủy đơn này giúp tôi,WarrantyPolicyIntent,chính sách bảo hành thế nào,OrderDetailIntent,xem chi tiết đơn này
1392,order_context,order_history,xem lịch sử đơn hàng,OrderCancelIntent,hủy đơn này giúp tôi,WarrantyPolicyIntent,chính sách bảo hành thế nào,OrderStatusIntent,đơn này đang ở đâu
1393,order_context,order_history,xem lịch sử đơn hàng,OrderCancelIntent,hủy đơn này giúp tôi,WarrantyPolicyIntent,chính sách bảo hành thế nào,ShippingTrackingIntent,đơn này giao tới đâu
1394,order_context,order_history,xem lịch sử đơn hàng,OrderCancelIntent,hủy đơn này giúp tôi,WarrantyPolicyIntent,chính sách bảo hành thế nào,OrderCancelIntent,hủy đơn này
1395,order_context,order_history,xem lịch sử đơn hàng,OrderCancelIntent,hủy đơn này giúp tôi,WarrantyPolicyIntent,chính sách bảo hành thế nào,OrderModifyIntent,sửa đơn này
1396,order_context,order_history,xem lịch sử đơn hàng,OrderCancelIntent,hủy đơn này giúp tôi,WarrantyPolicyIntent,chính sách bảo hành thế nào,RefundStatusIntent,hoàn tiền đơn này
1397,order_context,order_history,xem lịch sử đơn hàng,OrderCancelIntent,hủy đơn này giúp tôi,WarrantyPolicyIntent,chính sách bảo hành thế nào,ComplaintIntent,khiếu nại đơn này
1398,order_context,order_history,xem lịch sử đơn hàng,OrderCancelIntent,hủy đơn này giúp tôi,WarrantyPolicyIntent,chính sách bảo hành thế nào,OrderDetailIntent,đơn này bao nhiêu tiền
1399,order_context,order_history,xem lịch sử đơn hàng,OrderCancelIntent,hủy đơn này giúp tôi,WarrantyPolicyIntent,chính sách bảo hành thế nào,OrderStatusIntent,kiểm tra đơn này
1400,order_context,order_history,xem lịch sử đơn hàng,OrderCancelIntent,hủy đơn này giúp tôi,WarrantyPolicyIntent,chính sách bảo hành thế nào,ShippingTrackingIntent,shipper tới chưa
1401,order_context,order_history,xem lịch sử đơn hàng,OrderModifyIntent,sửa địa chỉ đơn này,ProductPriceIntent,iPhone 16 giá bao nhiêu,OrderDetailIntent,xem chi tiết đơn này
1402,order_context,order_history,xem lịch sử đơn hàng,OrderModifyIntent,sửa địa chỉ đơn này,ProductPriceIntent,iPhone 16 giá bao nhiêu,OrderStatusIntent,đơn này đang ở đâu
1403,order_context,order_history,xem lịch sử đơn hàng,OrderModifyIntent,sửa địa chỉ đơn này,ProductPriceIntent,iPhone 16 giá bao nhiêu,ShippingTrackingIntent,đơn này giao tới đâu
1404,order_context,order_history,xem lịch sử đơn hàng,OrderModifyIntent,sửa địa chỉ đơn này,ProductPriceIntent,iPhone 16 giá bao nhiêu,OrderCancelIntent,hủy đơn này
1405,order_context,order_history,xem lịch sử đơn hàng,OrderModifyIntent,sửa địa chỉ đơn này,ProductPriceIntent,iPhone 16 giá bao nhiêu,OrderModifyIntent,sửa đơn này
1406,order_context,order_history,xem lịch sử đơn hàng,OrderModifyIntent,sửa địa chỉ đơn này,ProductPriceIntent,iPhone 16 giá bao nhiêu,RefundStatusIntent,hoàn tiền đơn này
1407,order_context,order_history,xem lịch sử đơn hàng,OrderModifyIntent,sửa địa chỉ đơn này,ProductPriceIntent,iPhone 16 giá bao nhiêu,ComplaintIntent,khiếu nại đơn này
1408,order_context,order_history,xem lịch sử đơn hàng,OrderModifyIntent,sửa địa chỉ đơn này,ProductPriceIntent,iPhone 16 giá bao nhiêu,OrderDetailIntent,đơn này bao nhiêu tiền
1409,order_context,order_history,xem lịch sử đơn hàng,OrderModifyIntent,sửa địa chỉ đơn này,ProductPriceIntent,iPhone 16 giá bao nhiêu,OrderStatusIntent,kiểm tra đơn này
1410,order_context,order_history,xem lịch sử đơn hàng,OrderModifyIntent,sửa địa chỉ đơn này,ProductPriceIntent,iPhone 16 giá bao nhiêu,ShippingTrackingIntent,shipper tới chưa
1411,order_context,order_history,xem lịch sử đơn hàng,OrderModifyIntent,sửa địa chỉ đơn này,ProductSearchIntent,tìm Samsung Galaxy S26 Ultra,OrderDetailIntent,xem chi tiết đơn này
1412,order_context,order_history,xem lịch sử đơn hàng,OrderModifyIntent,sửa địa chỉ đơn này,ProductSearchIntent,tìm Samsung Galaxy S26 Ultra,OrderStatusIntent,đơn này đang ở đâu
1413,order_context,order_history,xem lịch sử đơn hàng,OrderModifyIntent,sửa địa chỉ đơn này,ProductSearchIntent,tìm Samsung Galaxy S26 Ultra,ShippingTrackingIntent,đơn này giao tới đâu
1414,order_context,order_history,xem lịch sử đơn hàng,OrderModifyIntent,sửa địa chỉ đơn này,ProductSearchIntent,tìm Samsung Galaxy S26 Ultra,OrderCancelIntent,hủy đơn này
1415,order_context,order_history,xem lịch sử đơn hàng,OrderModifyIntent,sửa địa chỉ đơn này,ProductSearchIntent,tìm Samsung Galaxy S26 Ultra,OrderModifyIntent,sửa đơn này
1416,order_context,order_history,xem lịch sử đơn hàng,OrderModifyIntent,sửa địa chỉ đơn này,ProductSearchIntent,tìm Samsung Galaxy S26 Ultra,RefundStatusIntent,hoàn tiền đơn này
1417,order_context,order_history,xem lịch sử đơn hàng,OrderModifyIntent,sửa địa chỉ đơn này,ProductSearchIntent,tìm Samsung Galaxy S26 Ultra,ComplaintIntent,khiếu nại đơn này
1418,order_context,order_history,xem lịch sử đơn hàng,OrderModifyIntent,sửa địa chỉ đơn này,ProductSearchIntent,tìm Samsung Galaxy S26 Ultra,OrderDetailIntent,đơn này bao nhiêu tiền
1419,order_context,order_history,xem lịch sử đơn hàng,OrderModifyIntent,sửa địa chỉ đơn này,ProductSearchIntent,tìm Samsung Galaxy S26 Ultra,OrderStatusIntent,kiểm tra đơn này
1420,order_context,order_history,xem lịch sử đơn hàng,OrderModifyIntent,sửa địa chỉ đơn này,ProductSearchIntent,tìm Samsung Galaxy S26 Ultra,ShippingTrackingIntent,shipper tới chưa
1421,order_context,order_history,xem lịch sử đơn hàng,OrderModifyIntent,sửa địa chỉ đơn này,ProductRecommendationIntent,tư vấn điện thoại chụp ảnh,OrderDetailIntent,xem chi tiết đơn này
1422,order_context,order_history,xem lịch sử đơn hàng,OrderModifyIntent,sửa địa chỉ đơn này,ProductRecommendationIntent,tư vấn điện thoại chụp ảnh,OrderStatusIntent,đơn này đang ở đâu
1423,order_context,order_history,xem lịch sử đơn hàng,OrderModifyIntent,sửa địa chỉ đơn này,ProductRecommendationIntent,tư vấn điện thoại chụp ảnh,ShippingTrackingIntent,đơn này giao tới đâu
1424,order_context,order_history,xem lịch sử đơn hàng,OrderModifyIntent,sửa địa chỉ đơn này,ProductRecommendationIntent,tư vấn điện thoại chụp ảnh,OrderCancelIntent,hủy đơn này
1425,order_context,order_history,xem lịch sử đơn hàng,OrderModifyIntent,sửa địa chỉ đơn này,ProductRecommendationIntent,tư vấn điện thoại chụp ảnh,OrderModifyIntent,sửa đơn này
1426,order_context,order_history,xem lịch sử đơn hàng,OrderModifyIntent,sửa địa chỉ đơn này,ProductRecommendationIntent,tư vấn điện thoại chụp ảnh,RefundStatusIntent,hoàn tiền đơn này
1427,order_context,order_history,xem lịch sử đơn hàng,OrderModifyIntent,sửa địa chỉ đơn này,ProductRecommendationIntent,tư vấn điện thoại chụp ảnh,ComplaintIntent,khiếu nại đơn này
1428,order_context,order_history,xem lịch sử đơn hàng,OrderModifyIntent,sửa địa chỉ đơn này,ProductRecommendationIntent,tư vấn điện thoại chụp ảnh,OrderDetailIntent,đơn này bao nhiêu tiền
1429,order_context,order_history,xem lịch sử đơn hàng,OrderModifyIntent,sửa địa chỉ đơn này,ProductRecommendationIntent,tư vấn điện thoại chụp ảnh,OrderStatusIntent,kiểm tra đơn này
1430,order_context,order_history,xem lịch sử đơn hàng,OrderModifyIntent,sửa địa chỉ đơn này,ProductRecommendationIntent,tư vấn điện thoại chụp ảnh,ShippingTrackingIntent,shipper tới chưa
1431,order_context,order_history,xem lịch sử đơn hàng,OrderModifyIntent,sửa địa chỉ đơn này,StoreInfoIntent,shop mở cửa lúc mấy giờ,OrderDetailIntent,xem chi tiết đơn này
1432,order_context,order_history,xem lịch sử đơn hàng,OrderModifyIntent,sửa địa chỉ đơn này,StoreInfoIntent,shop mở cửa lúc mấy giờ,OrderStatusIntent,đơn này đang ở đâu
1433,order_context,order_history,xem lịch sử đơn hàng,OrderModifyIntent,sửa địa chỉ đơn này,StoreInfoIntent,shop mở cửa lúc mấy giờ,ShippingTrackingIntent,đơn này giao tới đâu
1434,order_context,order_history,xem lịch sử đơn hàng,OrderModifyIntent,sửa địa chỉ đơn này,StoreInfoIntent,shop mở cửa lúc mấy giờ,OrderCancelIntent,hủy đơn này
1435,order_context,order_history,xem lịch sử đơn hàng,OrderModifyIntent,sửa địa chỉ đơn này,StoreInfoIntent,shop mở cửa lúc mấy giờ,OrderModifyIntent,sửa đơn này
1436,order_context,order_history,xem lịch sử đơn hàng,OrderModifyIntent,sửa địa chỉ đơn này,StoreInfoIntent,shop mở cửa lúc mấy giờ,RefundStatusIntent,hoàn tiền đơn này
1437,order_context,order_history,xem lịch sử đơn hàng,OrderModifyIntent,sửa địa chỉ đơn này,StoreInfoIntent,shop mở cửa lúc mấy giờ,ComplaintIntent,khiếu nại đơn này
1438,order_context,order_history,xem lịch sử đơn hàng,OrderModifyIntent,sửa địa chỉ đơn này,StoreInfoIntent,shop mở cửa lúc mấy giờ,OrderDetailIntent,đơn này bao nhiêu tiền
1439,order_context,order_history,xem lịch sử đơn hàng,OrderModifyIntent,sửa địa chỉ đơn này,StoreInfoIntent,shop mở cửa lúc mấy giờ,OrderStatusIntent,kiểm tra đơn này
1440,order_context,order_history,xem lịch sử đơn hàng,OrderModifyIntent,sửa địa chỉ đơn này,StoreInfoIntent,shop mở cửa lúc mấy giờ,ShippingTrackingIntent,shipper tới chưa
1441,order_context,order_history,xem lịch sử đơn hàng,OrderModifyIntent,sửa địa chỉ đơn này,GreetingIntent,xin chào shop,OrderDetailIntent,xem chi tiết đơn này
1442,order_context,order_history,xem lịch sử đơn hàng,OrderModifyIntent,sửa địa chỉ đơn này,GreetingIntent,xin chào shop,OrderStatusIntent,đơn này đang ở đâu
1443,order_context,order_history,xem lịch sử đơn hàng,OrderModifyIntent,sửa địa chỉ đơn này,GreetingIntent,xin chào shop,ShippingTrackingIntent,đơn này giao tới đâu
1444,order_context,order_history,xem lịch sử đơn hàng,OrderModifyIntent,sửa địa chỉ đơn này,GreetingIntent,xin chào shop,OrderCancelIntent,hủy đơn này
1445,order_context,order_history,xem lịch sử đơn hàng,OrderModifyIntent,sửa địa chỉ đơn này,GreetingIntent,xin chào shop,OrderModifyIntent,sửa đơn này
1446,order_context,order_history,xem lịch sử đơn hàng,OrderModifyIntent,sửa địa chỉ đơn này,GreetingIntent,xin chào shop,RefundStatusIntent,hoàn tiền đơn này
1447,order_context,order_history,xem lịch sử đơn hàng,OrderModifyIntent,sửa địa chỉ đơn này,GreetingIntent,xin chào shop,ComplaintIntent,khiếu nại đơn này
1448,order_context,order_history,xem lịch sử đơn hàng,OrderModifyIntent,sửa địa chỉ đơn này,GreetingIntent,xin chào shop,OrderDetailIntent,đơn này bao nhiêu tiền
1449,order_context,order_history,xem lịch sử đơn hàng,OrderModifyIntent,sửa địa chỉ đơn này,GreetingIntent,xin chào shop,OrderStatusIntent,kiểm tra đơn này
1450,order_context,order_history,xem lịch sử đơn hàng,OrderModifyIntent,sửa địa chỉ đơn này,GreetingIntent,xin chào shop,ShippingTrackingIntent,shipper tới chưa
1451,order_context,order_history,xem lịch sử đơn hàng,OrderModifyIntent,sửa địa chỉ đơn này,FallbackIntent,kể cho tôi chuyện cổ tích,OrderDetailIntent,xem chi tiết đơn này
1452,order_context,order_history,xem lịch sử đơn hàng,OrderModifyIntent,sửa địa chỉ đơn này,FallbackIntent,kể cho tôi chuyện cổ tích,OrderStatusIntent,đơn này đang ở đâu
1453,order_context,order_history,xem lịch sử đơn hàng,OrderModifyIntent,sửa địa chỉ đơn này,FallbackIntent,kể cho tôi chuyện cổ tích,ShippingTrackingIntent,đơn này giao tới đâu
1454,order_context,order_history,xem lịch sử đơn hàng,OrderModifyIntent,sửa địa chỉ đơn này,FallbackIntent,kể cho tôi chuyện cổ tích,OrderCancelIntent,hủy đơn này
1455,order_context,order_history,xem lịch sử đơn hàng,OrderModifyIntent,sửa địa chỉ đơn này,FallbackIntent,kể cho tôi chuyện cổ tích,OrderModifyIntent,sửa đơn này
1456,order_context,order_history,xem lịch sử đơn hàng,OrderModifyIntent,sửa địa chỉ đơn này,FallbackIntent,kể cho tôi chuyện cổ tích,RefundStatusIntent,hoàn tiền đơn này
1457,order_context,order_history,xem lịch sử đơn hàng,OrderModifyIntent,sửa địa chỉ đơn này,FallbackIntent,kể cho tôi chuyện cổ tích,ComplaintIntent,khiếu nại đơn này
1458,order_context,order_history,xem lịch sử đơn hàng,OrderModifyIntent,sửa địa chỉ đơn này,FallbackIntent,kể cho tôi chuyện cổ tích,OrderDetailIntent,đơn này bao nhiêu tiền
1459,order_context,order_history,xem lịch sử đơn hàng,OrderModifyIntent,sửa địa chỉ đơn này,FallbackIntent,kể cho tôi chuyện cổ tích,OrderStatusIntent,kiểm tra đơn này
1460,order_context,order_history,xem lịch sử đơn hàng,OrderModifyIntent,sửa địa chỉ đơn này,FallbackIntent,kể cho tôi chuyện cổ tích,ShippingTrackingIntent,shipper tới chưa
1461,order_context,order_history,xem lịch sử đơn hàng,OrderModifyIntent,sửa địa chỉ đơn này,ShippingPolicyIntent,phí ship bao nhiêu,OrderDetailIntent,xem chi tiết đơn này
1462,order_context,order_history,xem lịch sử đơn hàng,OrderModifyIntent,sửa địa chỉ đơn này,ShippingPolicyIntent,phí ship bao nhiêu,OrderStatusIntent,đơn này đang ở đâu
1463,order_context,order_history,xem lịch sử đơn hàng,OrderModifyIntent,sửa địa chỉ đơn này,ShippingPolicyIntent,phí ship bao nhiêu,ShippingTrackingIntent,đơn này giao tới đâu
1464,order_context,order_history,xem lịch sử đơn hàng,OrderModifyIntent,sửa địa chỉ đơn này,ShippingPolicyIntent,phí ship bao nhiêu,OrderCancelIntent,hủy đơn này
1465,order_context,order_history,xem lịch sử đơn hàng,OrderModifyIntent,sửa địa chỉ đơn này,ShippingPolicyIntent,phí ship bao nhiêu,OrderModifyIntent,sửa đơn này
1466,order_context,order_history,xem lịch sử đơn hàng,OrderModifyIntent,sửa địa chỉ đơn này,ShippingPolicyIntent,phí ship bao nhiêu,RefundStatusIntent,hoàn tiền đơn này
1467,order_context,order_history,xem lịch sử đơn hàng,OrderModifyIntent,sửa địa chỉ đơn này,ShippingPolicyIntent,phí ship bao nhiêu,ComplaintIntent,khiếu nại đơn này
1468,order_context,order_history,xem lịch sử đơn hàng,OrderModifyIntent,sửa địa chỉ đơn này,ShippingPolicyIntent,phí ship bao nhiêu,OrderDetailIntent,đơn này bao nhiêu tiền
1469,order_context,order_history,xem lịch sử đơn hàng,OrderModifyIntent,sửa địa chỉ đơn này,ShippingPolicyIntent,phí ship bao nhiêu,OrderStatusIntent,kiểm tra đơn này
1470,order_context,order_history,xem lịch sử đơn hàng,OrderModifyIntent,sửa địa chỉ đơn này,ShippingPolicyIntent,phí ship bao nhiêu,ShippingTrackingIntent,shipper tới chưa
1471,order_context,order_history,xem lịch sử đơn hàng,OrderModifyIntent,sửa địa chỉ đơn này,PaymentMethodIntent,shop có nhận momo không,OrderDetailIntent,xem chi tiết đơn này
1472,order_context,order_history,xem lịch sử đơn hàng,OrderModifyIntent,sửa địa chỉ đơn này,PaymentMethodIntent,shop có nhận momo không,OrderStatusIntent,đơn này đang ở đâu
1473,order_context,order_history,xem lịch sử đơn hàng,OrderModifyIntent,sửa địa chỉ đơn này,PaymentMethodIntent,shop có nhận momo không,ShippingTrackingIntent,đơn này giao tới đâu
1474,order_context,order_history,xem lịch sử đơn hàng,OrderModifyIntent,sửa địa chỉ đơn này,PaymentMethodIntent,shop có nhận momo không,OrderCancelIntent,hủy đơn này
1475,order_context,order_history,xem lịch sử đơn hàng,OrderModifyIntent,sửa địa chỉ đơn này,PaymentMethodIntent,shop có nhận momo không,OrderModifyIntent,sửa đơn này
1476,order_context,order_history,xem lịch sử đơn hàng,OrderModifyIntent,sửa địa chỉ đơn này,PaymentMethodIntent,shop có nhận momo không,RefundStatusIntent,hoàn tiền đơn này
1477,order_context,order_history,xem lịch sử đơn hàng,OrderModifyIntent,sửa địa chỉ đơn này,PaymentMethodIntent,shop có nhận momo không,ComplaintIntent,khiếu nại đơn này
1478,order_context,order_history,xem lịch sử đơn hàng,OrderModifyIntent,sửa địa chỉ đơn này,PaymentMethodIntent,shop có nhận momo không,OrderDetailIntent,đơn này bao nhiêu tiền
1479,order_context,order_history,xem lịch sử đơn hàng,OrderModifyIntent,sửa địa chỉ đơn này,PaymentMethodIntent,shop có nhận momo không,OrderStatusIntent,kiểm tra đơn này
1480,order_context,order_history,xem lịch sử đơn hàng,OrderModifyIntent,sửa địa chỉ đơn này,PaymentMethodIntent,shop có nhận momo không,ShippingTrackingIntent,shipper tới chưa
1481,order_context,order_history,xem lịch sử đơn hàng,OrderModifyIntent,sửa địa chỉ đơn này,CartViewIntent,xem giỏ hàng,OrderDetailIntent,xem chi tiết đơn này
1482,order_context,order_history,xem lịch sử đơn hàng,OrderModifyIntent,sửa địa chỉ đơn này,CartViewIntent,xem giỏ hàng,OrderStatusIntent,đơn này đang ở đâu
1483,order_context,order_history,xem lịch sử đơn hàng,OrderModifyIntent,sửa địa chỉ đơn này,CartViewIntent,xem giỏ hàng,ShippingTrackingIntent,đơn này giao tới đâu
1484,order_context,order_history,xem lịch sử đơn hàng,OrderModifyIntent,sửa địa chỉ đơn này,CartViewIntent,xem giỏ hàng,OrderCancelIntent,hủy đơn này
1485,order_context,order_history,xem lịch sử đơn hàng,OrderModifyIntent,sửa địa chỉ đơn này,CartViewIntent,xem giỏ hàng,OrderModifyIntent,sửa đơn này
1486,order_context,order_history,xem lịch sử đơn hàng,OrderModifyIntent,sửa địa chỉ đơn này,CartViewIntent,xem giỏ hàng,RefundStatusIntent,hoàn tiền đơn này
1487,order_context,order_history,xem lịch sử đơn hàng,OrderModifyIntent,sửa địa chỉ đơn này,CartViewIntent,xem giỏ hàng,ComplaintIntent,khiếu nại đơn này
1488,order_context,order_history,xem lịch sử đơn hàng,OrderModifyIntent,sửa địa chỉ đơn này,CartViewIntent,xem giỏ hàng,OrderDetailIntent,đơn này bao nhiêu tiền
1489,order_context,order_history,xem lịch sử đơn hàng,OrderModifyIntent,sửa địa chỉ đơn này,CartViewIntent,xem giỏ hàng,OrderStatusIntent,kiểm tra đơn này
1490,order_context,order_history,xem lịch sử đơn hàng,OrderModifyIntent,sửa địa chỉ đơn này,CartViewIntent,xem giỏ hàng,ShippingTrackingIntent,shipper tới chưa
1491,order_context,order_history,xem lịch sử đơn hàng,OrderModifyIntent,sửa địa chỉ đơn này,WarrantyPolicyIntent,chính sách bảo hành thế nào,OrderDetailIntent,xem chi tiết đơn này
1492,order_context,order_history,xem lịch sử đơn hàng,OrderModifyIntent,sửa địa chỉ đơn này,WarrantyPolicyIntent,chính sách bảo hành thế nào,OrderStatusIntent,đơn này đang ở đâu
1493,order_context,order_history,xem lịch sử đơn hàng,OrderModifyIntent,sửa địa chỉ đơn này,WarrantyPolicyIntent,chính sách bảo hành thế nào,ShippingTrackingIntent,đơn này giao tới đâu
1494,order_context,order_history,xem lịch sử đơn hàng,OrderModifyIntent,sửa địa chỉ đơn này,WarrantyPolicyIntent,chính sách bảo hành thế nào,OrderCancelIntent,hủy đơn này
1495,order_context,order_history,xem lịch sử đơn hàng,OrderModifyIntent,sửa địa chỉ đơn này,WarrantyPolicyIntent,chính sách bảo hành thế nào,OrderModifyIntent,sửa đơn này
1496,order_context,order_history,xem lịch sử đơn hàng,OrderModifyIntent,sửa địa chỉ đơn này,WarrantyPolicyIntent,chính sách bảo hành thế nào,RefundStatusIntent,hoàn tiền đơn này
1497,order_context,order_history,xem lịch sử đơn hàng,OrderModifyIntent,sửa địa chỉ đơn này,WarrantyPolicyIntent,chính sách bảo hành thế nào,ComplaintIntent,khiếu nại đơn này
1498,order_context,order_history,xem lịch sử đơn hàng,OrderModifyIntent,sửa địa chỉ đơn này,WarrantyPolicyIntent,chính sách bảo hành thế nào,OrderDetailIntent,đơn này bao nhiêu tiền
1499,order_context,order_history,xem lịch sử đơn hàng,OrderModifyIntent,sửa địa chỉ đơn này,WarrantyPolicyIntent,chính sách bảo hành thế nào,OrderStatusIntent,kiểm tra đơn này
1500,order_context,order_history,xem lịch sử đơn hàng,OrderModifyIntent,sửa địa chỉ đơn này,WarrantyPolicyIntent,chính sách bảo hành thế nào,ShippingTrackingIntent,shipper tới chưa
1501,order_context,order_history,xem lịch sử đơn hàng,RefundStatusIntent,đơn này hoàn tiền chưa,ProductPriceIntent,iPhone 16 giá bao nhiêu,OrderDetailIntent,xem chi tiết đơn này
1502,order_context,order_history,xem lịch sử đơn hàng,RefundStatusIntent,đơn này hoàn tiền chưa,ProductPriceIntent,iPhone 16 giá bao nhiêu,OrderStatusIntent,đơn này đang ở đâu
1503,order_context,order_history,xem lịch sử đơn hàng,RefundStatusIntent,đơn này hoàn tiền chưa,ProductPriceIntent,iPhone 16 giá bao nhiêu,ShippingTrackingIntent,đơn này giao tới đâu
1504,order_context,order_history,xem lịch sử đơn hàng,RefundStatusIntent,đơn này hoàn tiền chưa,ProductPriceIntent,iPhone 16 giá bao nhiêu,OrderCancelIntent,hủy đơn này
1505,order_context,order_history,xem lịch sử đơn hàng,RefundStatusIntent,đơn này hoàn tiền chưa,ProductPriceIntent,iPhone 16 giá bao nhiêu,OrderModifyIntent,sửa đơn này
1506,order_context,order_history,xem lịch sử đơn hàng,RefundStatusIntent,đơn này hoàn tiền chưa,ProductPriceIntent,iPhone 16 giá bao nhiêu,RefundStatusIntent,hoàn tiền đơn này
1507,order_context,order_history,xem lịch sử đơn hàng,RefundStatusIntent,đơn này hoàn tiền chưa,ProductPriceIntent,iPhone 16 giá bao nhiêu,ComplaintIntent,khiếu nại đơn này
1508,order_context,order_history,xem lịch sử đơn hàng,RefundStatusIntent,đơn này hoàn tiền chưa,ProductPriceIntent,iPhone 16 giá bao nhiêu,OrderDetailIntent,đơn này bao nhiêu tiền
1509,order_context,order_history,xem lịch sử đơn hàng,RefundStatusIntent,đơn này hoàn tiền chưa,ProductPriceIntent,iPhone 16 giá bao nhiêu,OrderStatusIntent,kiểm tra đơn này
1510,order_context,order_history,xem lịch sử đơn hàng,RefundStatusIntent,đơn này hoàn tiền chưa,ProductPriceIntent,iPhone 16 giá bao nhiêu,ShippingTrackingIntent,shipper tới chưa
1511,order_context,order_history,xem lịch sử đơn hàng,RefundStatusIntent,đơn này hoàn tiền chưa,ProductSearchIntent,tìm Samsung Galaxy S26 Ultra,OrderDetailIntent,xem chi tiết đơn này
1512,order_context,order_history,xem lịch sử đơn hàng,RefundStatusIntent,đơn này hoàn tiền chưa,ProductSearchIntent,tìm Samsung Galaxy S26 Ultra,OrderStatusIntent,đơn này đang ở đâu
1513,order_context,order_history,xem lịch sử đơn hàng,RefundStatusIntent,đơn này hoàn tiền chưa,ProductSearchIntent,tìm Samsung Galaxy S26 Ultra,ShippingTrackingIntent,đơn này giao tới đâu
1514,order_context,order_history,xem lịch sử đơn hàng,RefundStatusIntent,đơn này hoàn tiền chưa,ProductSearchIntent,tìm Samsung Galaxy S26 Ultra,OrderCancelIntent,hủy đơn này
1515,order_context,order_history,xem lịch sử đơn hàng,RefundStatusIntent,đơn này hoàn tiền chưa,ProductSearchIntent,tìm Samsung Galaxy S26 Ultra,OrderModifyIntent,sửa đơn này
1516,order_context,order_history,xem lịch sử đơn hàng,RefundStatusIntent,đơn này hoàn tiền chưa,ProductSearchIntent,tìm Samsung Galaxy S26 Ultra,RefundStatusIntent,hoàn tiền đơn này
1517,order_context,order_history,xem lịch sử đơn hàng,RefundStatusIntent,đơn này hoàn tiền chưa,ProductSearchIntent,tìm Samsung Galaxy S26 Ultra,ComplaintIntent,khiếu nại đơn này
1518,order_context,order_history,xem lịch sử đơn hàng,RefundStatusIntent,đơn này hoàn tiền chưa,ProductSearchIntent,tìm Samsung Galaxy S26 Ultra,OrderDetailIntent,đơn này bao nhiêu tiền
1519,order_context,order_history,xem lịch sử đơn hàng,RefundStatusIntent,đơn này hoàn tiền chưa,ProductSearchIntent,tìm Samsung Galaxy S26 Ultra,OrderStatusIntent,kiểm tra đơn này
1520,order_context,order_history,xem lịch sử đơn hàng,RefundStatusIntent,đơn này hoàn tiền chưa,ProductSearchIntent,tìm Samsung Galaxy S26 Ultra,ShippingTrackingIntent,shipper tới chưa
1521,order_context,order_history,xem lịch sử đơn hàng,RefundStatusIntent,đơn này hoàn tiền chưa,ProductRecommendationIntent,tư vấn điện thoại chụp ảnh,OrderDetailIntent,xem chi tiết đơn này
1522,order_context,order_history,xem lịch sử đơn hàng,RefundStatusIntent,đơn này hoàn tiền chưa,ProductRecommendationIntent,tư vấn điện thoại chụp ảnh,OrderStatusIntent,đơn này đang ở đâu
1523,order_context,order_history,xem lịch sử đơn hàng,RefundStatusIntent,đơn này hoàn tiền chưa,ProductRecommendationIntent,tư vấn điện thoại chụp ảnh,ShippingTrackingIntent,đơn này giao tới đâu
1524,order_context,order_history,xem lịch sử đơn hàng,RefundStatusIntent,đơn này hoàn tiền chưa,ProductRecommendationIntent,tư vấn điện thoại chụp ảnh,OrderCancelIntent,hủy đơn này
1525,order_context,order_history,xem lịch sử đơn hàng,RefundStatusIntent,đơn này hoàn tiền chưa,ProductRecommendationIntent,tư vấn điện thoại chụp ảnh,OrderModifyIntent,sửa đơn này
1526,order_context,order_history,xem lịch sử đơn hàng,RefundStatusIntent,đơn này hoàn tiền chưa,ProductRecommendationIntent,tư vấn điện thoại chụp ảnh,RefundStatusIntent,hoàn tiền đơn này
1527,order_context,order_history,xem lịch sử đơn hàng,RefundStatusIntent,đơn này hoàn tiền chưa,ProductRecommendationIntent,tư vấn điện thoại chụp ảnh,ComplaintIntent,khiếu nại đơn này
1528,order_context,order_history,xem lịch sử đơn hàng,RefundStatusIntent,đơn này hoàn tiền chưa,ProductRecommendationIntent,tư vấn điện thoại chụp ảnh,OrderDetailIntent,đơn này bao nhiêu tiền
1529,order_context,order_history,xem lịch sử đơn hàng,RefundStatusIntent,đơn này hoàn tiền chưa,ProductRecommendationIntent,tư vấn điện thoại chụp ảnh,OrderStatusIntent,kiểm tra đơn này
1530,order_context,order_history,xem lịch sử đơn hàng,RefundStatusIntent,đơn này hoàn tiền chưa,ProductRecommendationIntent,tư vấn điện thoại chụp ảnh,ShippingTrackingIntent,shipper tới chưa
1531,order_context,order_history,xem lịch sử đơn hàng,RefundStatusIntent,đơn này hoàn tiền chưa,StoreInfoIntent,shop mở cửa lúc mấy giờ,OrderDetailIntent,xem chi tiết đơn này
1532,order_context,order_history,xem lịch sử đơn hàng,RefundStatusIntent,đơn này hoàn tiền chưa,StoreInfoIntent,shop mở cửa lúc mấy giờ,OrderStatusIntent,đơn này đang ở đâu
1533,order_context,order_history,xem lịch sử đơn hàng,RefundStatusIntent,đơn này hoàn tiền chưa,StoreInfoIntent,shop mở cửa lúc mấy giờ,ShippingTrackingIntent,đơn này giao tới đâu
1534,order_context,order_history,xem lịch sử đơn hàng,RefundStatusIntent,đơn này hoàn tiền chưa,StoreInfoIntent,shop mở cửa lúc mấy giờ,OrderCancelIntent,hủy đơn này
1535,order_context,order_history,xem lịch sử đơn hàng,RefundStatusIntent,đơn này hoàn tiền chưa,StoreInfoIntent,shop mở cửa lúc mấy giờ,OrderModifyIntent,sửa đơn này
1536,order_context,order_history,xem lịch sử đơn hàng,RefundStatusIntent,đơn này hoàn tiền chưa,StoreInfoIntent,shop mở cửa lúc mấy giờ,RefundStatusIntent,hoàn tiền đơn này
1537,order_context,order_history,xem lịch sử đơn hàng,RefundStatusIntent,đơn này hoàn tiền chưa,StoreInfoIntent,shop mở cửa lúc mấy giờ,ComplaintIntent,khiếu nại đơn này
1538,order_context,order_history,xem lịch sử đơn hàng,RefundStatusIntent,đơn này hoàn tiền chưa,StoreInfoIntent,shop mở cửa lúc mấy giờ,OrderDetailIntent,đơn này bao nhiêu tiền
1539,order_context,order_history,xem lịch sử đơn hàng,RefundStatusIntent,đơn này hoàn tiền chưa,StoreInfoIntent,shop mở cửa lúc mấy giờ,OrderStatusIntent,kiểm tra đơn này
1540,order_context,order_history,xem lịch sử đơn hàng,RefundStatusIntent,đơn này hoàn tiền chưa,StoreInfoIntent,shop mở cửa lúc mấy giờ,ShippingTrackingIntent,shipper tới chưa
1541,order_context,order_history,xem lịch sử đơn hàng,RefundStatusIntent,đơn này hoàn tiền chưa,GreetingIntent,xin chào shop,OrderDetailIntent,xem chi tiết đơn này
1542,order_context,order_history,xem lịch sử đơn hàng,RefundStatusIntent,đơn này hoàn tiền chưa,GreetingIntent,xin chào shop,OrderStatusIntent,đơn này đang ở đâu
1543,order_context,order_history,xem lịch sử đơn hàng,RefundStatusIntent,đơn này hoàn tiền chưa,GreetingIntent,xin chào shop,ShippingTrackingIntent,đơn này giao tới đâu
1544,order_context,order_history,xem lịch sử đơn hàng,RefundStatusIntent,đơn này hoàn tiền chưa,GreetingIntent,xin chào shop,OrderCancelIntent,hủy đơn này
1545,order_context,order_history,xem lịch sử đơn hàng,RefundStatusIntent,đơn này hoàn tiền chưa,GreetingIntent,xin chào shop,OrderModifyIntent,sửa đơn này
1546,order_context,order_history,xem lịch sử đơn hàng,RefundStatusIntent,đơn này hoàn tiền chưa,GreetingIntent,xin chào shop,RefundStatusIntent,hoàn tiền đơn này
1547,order_context,order_history,xem lịch sử đơn hàng,RefundStatusIntent,đơn này hoàn tiền chưa,GreetingIntent,xin chào shop,ComplaintIntent,khiếu nại đơn này
1548,order_context,order_history,xem lịch sử đơn hàng,RefundStatusIntent,đơn này hoàn tiền chưa,GreetingIntent,xin chào shop,OrderDetailIntent,đơn này bao nhiêu tiền
1549,order_context,order_history,xem lịch sử đơn hàng,RefundStatusIntent,đơn này hoàn tiền chưa,GreetingIntent,xin chào shop,OrderStatusIntent,kiểm tra đơn này
1550,order_context,order_history,xem lịch sử đơn hàng,RefundStatusIntent,đơn này hoàn tiền chưa,GreetingIntent,xin chào shop,ShippingTrackingIntent,shipper tới chưa
1551,order_context,order_history,xem lịch sử đơn hàng,RefundStatusIntent,đơn này hoàn tiền chưa,FallbackIntent,kể cho tôi chuyện cổ tích,OrderDetailIntent,xem chi tiết đơn này
1552,order_context,order_history,xem lịch sử đơn hàng,RefundStatusIntent,đơn này hoàn tiền chưa,FallbackIntent,kể cho tôi chuyện cổ tích,OrderStatusIntent,đơn này đang ở đâu
1553,order_context,order_history,xem lịch sử đơn hàng,RefundStatusIntent,đơn này hoàn tiền chưa,FallbackIntent,kể cho tôi chuyện cổ tích,ShippingTrackingIntent,đơn này giao tới đâu
1554,order_context,order_history,xem lịch sử đơn hàng,RefundStatusIntent,đơn này hoàn tiền chưa,FallbackIntent,kể cho tôi chuyện cổ tích,OrderCancelIntent,hủy đơn này
1555,order_context,order_history,xem lịch sử đơn hàng,RefundStatusIntent,đơn này hoàn tiền chưa,FallbackIntent,kể cho tôi chuyện cổ tích,OrderModifyIntent,sửa đơn này
1556,order_context,order_history,xem lịch sử đơn hàng,RefundStatusIntent,đơn này hoàn tiền chưa,FallbackIntent,kể cho tôi chuyện cổ tích,RefundStatusIntent,hoàn tiền đơn này
1557,order_context,order_history,xem lịch sử đơn hàng,RefundStatusIntent,đơn này hoàn tiền chưa,FallbackIntent,kể cho tôi chuyện cổ tích,ComplaintIntent,khiếu nại đơn này
1558,order_context,order_history,xem lịch sử đơn hàng,RefundStatusIntent,đơn này hoàn tiền chưa,FallbackIntent,kể cho tôi chuyện cổ tích,OrderDetailIntent,đơn này bao nhiêu tiền
1559,order_context,order_history,xem lịch sử đơn hàng,RefundStatusIntent,đơn này hoàn tiền chưa,FallbackIntent,kể cho tôi chuyện cổ tích,OrderStatusIntent,kiểm tra đơn này
1560,order_context,order_history,xem lịch sử đơn hàng,RefundStatusIntent,đơn này hoàn tiền chưa,FallbackIntent,kể cho tôi chuyện cổ tích,ShippingTrackingIntent,shipper tới chưa
1561,order_context,order_history,xem lịch sử đơn hàng,RefundStatusIntent,đơn này hoàn tiền chưa,ShippingPolicyIntent,phí ship bao nhiêu,OrderDetailIntent,xem chi tiết đơn này
1562,order_context,order_history,xem lịch sử đơn hàng,RefundStatusIntent,đơn này hoàn tiền chưa,ShippingPolicyIntent,phí ship bao nhiêu,OrderStatusIntent,đơn này đang ở đâu
1563,order_context,order_history,xem lịch sử đơn hàng,RefundStatusIntent,đơn này hoàn tiền chưa,ShippingPolicyIntent,phí ship bao nhiêu,ShippingTrackingIntent,đơn này giao tới đâu
1564,order_context,order_history,xem lịch sử đơn hàng,RefundStatusIntent,đơn này hoàn tiền chưa,ShippingPolicyIntent,phí ship bao nhiêu,OrderCancelIntent,hủy đơn này
1565,order_context,order_history,xem lịch sử đơn hàng,RefundStatusIntent,đơn này hoàn tiền chưa,ShippingPolicyIntent,phí ship bao nhiêu,OrderModifyIntent,sửa đơn này
1566,order_context,order_history,xem lịch sử đơn hàng,RefundStatusIntent,đơn này hoàn tiền chưa,ShippingPolicyIntent,phí ship bao nhiêu,RefundStatusIntent,hoàn tiền đơn này
1567,order_context,order_history,xem lịch sử đơn hàng,RefundStatusIntent,đơn này hoàn tiền chưa,ShippingPolicyIntent,phí ship bao nhiêu,ComplaintIntent,khiếu nại đơn này
1568,order_context,order_history,xem lịch sử đơn hàng,RefundStatusIntent,đơn này hoàn tiền chưa,ShippingPolicyIntent,phí ship bao nhiêu,OrderDetailIntent,đơn này bao nhiêu tiền
1569,order_context,order_history,xem lịch sử đơn hàng,RefundStatusIntent,đơn này hoàn tiền chưa,ShippingPolicyIntent,phí ship bao nhiêu,OrderStatusIntent,kiểm tra đơn này
1570,order_context,order_history,xem lịch sử đơn hàng,RefundStatusIntent,đơn này hoàn tiền chưa,ShippingPolicyIntent,phí ship bao nhiêu,ShippingTrackingIntent,shipper tới chưa
1571,order_context,order_history,xem lịch sử đơn hàng,RefundStatusIntent,đơn này hoàn tiền chưa,PaymentMethodIntent,shop có nhận momo không,OrderDetailIntent,xem chi tiết đơn này
1572,order_context,order_history,xem lịch sử đơn hàng,RefundStatusIntent,đơn này hoàn tiền chưa,PaymentMethodIntent,shop có nhận momo không,OrderStatusIntent,đơn này đang ở đâu
1573,order_context,order_history,xem lịch sử đơn hàng,RefundStatusIntent,đơn này hoàn tiền chưa,PaymentMethodIntent,shop có nhận momo không,ShippingTrackingIntent,đơn này giao tới đâu
1574,order_context,order_history,xem lịch sử đơn hàng,RefundStatusIntent,đơn này hoàn tiền chưa,PaymentMethodIntent,shop có nhận momo không,OrderCancelIntent,hủy đơn này
1575,order_context,order_history,xem lịch sử đơn hàng,RefundStatusIntent,đơn này hoàn tiền chưa,PaymentMethodIntent,shop có nhận momo không,OrderModifyIntent,sửa đơn này
1576,order_context,order_history,xem lịch sử đơn hàng,RefundStatusIntent,đơn này hoàn tiền chưa,PaymentMethodIntent,shop có nhận momo không,RefundStatusIntent,hoàn tiền đơn này
1577,order_context,order_history,xem lịch sử đơn hàng,RefundStatusIntent,đơn này hoàn tiền chưa,PaymentMethodIntent,shop có nhận momo không,ComplaintIntent,khiếu nại đơn này
1578,order_context,order_history,xem lịch sử đơn hàng,RefundStatusIntent,đơn này hoàn tiền chưa,PaymentMethodIntent,shop có nhận momo không,OrderDetailIntent,đơn này bao nhiêu tiền
1579,order_context,order_history,xem lịch sử đơn hàng,RefundStatusIntent,đơn này hoàn tiền chưa,PaymentMethodIntent,shop có nhận momo không,OrderStatusIntent,kiểm tra đơn này
1580,order_context,order_history,xem lịch sử đơn hàng,RefundStatusIntent,đơn này hoàn tiền chưa,PaymentMethodIntent,shop có nhận momo không,ShippingTrackingIntent,shipper tới chưa
1581,order_context,order_history,xem lịch sử đơn hàng,RefundStatusIntent,đơn này hoàn tiền chưa,CartViewIntent,xem giỏ hàng,OrderDetailIntent,xem chi tiết đơn này
1582,order_context,order_history,xem lịch sử đơn hàng,RefundStatusIntent,đơn này hoàn tiền chưa,CartViewIntent,xem giỏ hàng,OrderStatusIntent,đơn này đang ở đâu
1583,order_context,order_history,xem lịch sử đơn hàng,RefundStatusIntent,đơn này hoàn tiền chưa,CartViewIntent,xem giỏ hàng,ShippingTrackingIntent,đơn này giao tới đâu
1584,order_context,order_history,xem lịch sử đơn hàng,RefundStatusIntent,đơn này hoàn tiền chưa,CartViewIntent,xem giỏ hàng,OrderCancelIntent,hủy đơn này
1585,order_context,order_history,xem lịch sử đơn hàng,RefundStatusIntent,đơn này hoàn tiền chưa,CartViewIntent,xem giỏ hàng,OrderModifyIntent,sửa đơn này
1586,order_context,order_history,xem lịch sử đơn hàng,RefundStatusIntent,đơn này hoàn tiền chưa,CartViewIntent,xem giỏ hàng,RefundStatusIntent,hoàn tiền đơn này
1587,order_context,order_history,xem lịch sử đơn hàng,RefundStatusIntent,đơn này hoàn tiền chưa,CartViewIntent,xem giỏ hàng,ComplaintIntent,khiếu nại đơn này
1588,order_context,order_history,xem lịch sử đơn hàng,RefundStatusIntent,đơn này hoàn tiền chưa,CartViewIntent,xem giỏ hàng,OrderDetailIntent,đơn này bao nhiêu tiền
1589,order_context,order_history,xem lịch sử đơn hàng,RefundStatusIntent,đơn này hoàn tiền chưa,CartViewIntent,xem giỏ hàng,OrderStatusIntent,kiểm tra đơn này
1590,order_context,order_history,xem lịch sử đơn hàng,RefundStatusIntent,đơn này hoàn tiền chưa,CartViewIntent,xem giỏ hàng,ShippingTrackingIntent,shipper tới chưa
1591,order_context,order_history,xem lịch sử đơn hàng,RefundStatusIntent,đơn này hoàn tiền chưa,WarrantyPolicyIntent,chính sách bảo hành thế nào,OrderDetailIntent,xem chi tiết đơn này
1592,order_context,order_history,xem lịch sử đơn hàng,RefundStatusIntent,đơn này hoàn tiền chưa,WarrantyPolicyIntent,chính sách bảo hành thế nào,OrderStatusIntent,đơn này đang ở đâu
1593,order_context,order_history,xem lịch sử đơn hàng,RefundStatusIntent,đơn này hoàn tiền chưa,WarrantyPolicyIntent,chính sách bảo hành thế nào,ShippingTrackingIntent,đơn này giao tới đâu
1594,order_context,order_history,xem lịch sử đơn hàng,RefundStatusIntent,đơn này hoàn tiền chưa,WarrantyPolicyIntent,chính sách bảo hành thế nào,OrderCancelIntent,hủy đơn này
1595,order_context,order_history,xem lịch sử đơn hàng,RefundStatusIntent,đơn này hoàn tiền chưa,WarrantyPolicyIntent,chính sách bảo hành thế nào,OrderModifyIntent,sửa đơn này
1596,order_context,order_history,xem lịch sử đơn hàng,RefundStatusIntent,đơn này hoàn tiền chưa,WarrantyPolicyIntent,chính sách bảo hành thế nào,RefundStatusIntent,hoàn tiền đơn này
1597,order_context,order_history,xem lịch sử đơn hàng,RefundStatusIntent,đơn này hoàn tiền chưa,WarrantyPolicyIntent,chính sách bảo hành thế nào,ComplaintIntent,khiếu nại đơn này
1598,order_context,order_history,xem lịch sử đơn hàng,RefundStatusIntent,đơn này hoàn tiền chưa,WarrantyPolicyIntent,chính sách bảo hành thế nào,OrderDetailIntent,đơn này bao nhiêu tiền
1599,order_context,order_history,xem lịch sử đơn hàng,RefundStatusIntent,đơn này hoàn tiền chưa,WarrantyPolicyIntent,chính sách bảo hành thế nào,OrderStatusIntent,kiểm tra đơn này
1600,order_context,order_history,xem lịch sử đơn hàng,RefundStatusIntent,đơn này hoàn tiền chưa,WarrantyPolicyIntent,chính sách bảo hành thế nào,ShippingTrackingIntent,shipper tới chưa
1601,order_context,order_history,xem lịch sử đơn hàng,ComplaintIntent,tôi muốn khiếu nại đơn này,ProductPriceIntent,iPhone 16 giá bao nhiêu,OrderDetailIntent,xem chi tiết đơn này
1602,order_context,order_history,xem lịch sử đơn hàng,ComplaintIntent,tôi muốn khiếu nại đơn này,ProductPriceIntent,iPhone 16 giá bao nhiêu,OrderStatusIntent,đơn này đang ở đâu
1603,order_context,order_history,xem lịch sử đơn hàng,ComplaintIntent,tôi muốn khiếu nại đơn này,ProductPriceIntent,iPhone 16 giá bao nhiêu,ShippingTrackingIntent,đơn này giao tới đâu
1604,order_context,order_history,xem lịch sử đơn hàng,ComplaintIntent,tôi muốn khiếu nại đơn này,ProductPriceIntent,iPhone 16 giá bao nhiêu,OrderCancelIntent,hủy đơn này
1605,order_context,order_history,xem lịch sử đơn hàng,ComplaintIntent,tôi muốn khiếu nại đơn này,ProductPriceIntent,iPhone 16 giá bao nhiêu,OrderModifyIntent,sửa đơn này
1606,order_context,order_history,xem lịch sử đơn hàng,ComplaintIntent,tôi muốn khiếu nại đơn này,ProductPriceIntent,iPhone 16 giá bao nhiêu,RefundStatusIntent,hoàn tiền đơn này
1607,order_context,order_history,xem lịch sử đơn hàng,ComplaintIntent,tôi muốn khiếu nại đơn này,ProductPriceIntent,iPhone 16 giá bao nhiêu,ComplaintIntent,khiếu nại đơn này
1608,order_context,order_history,xem lịch sử đơn hàng,ComplaintIntent,tôi muốn khiếu nại đơn này,ProductPriceIntent,iPhone 16 giá bao nhiêu,OrderDetailIntent,đơn này bao nhiêu tiền
1609,order_context,order_history,xem lịch sử đơn hàng,ComplaintIntent,tôi muốn khiếu nại đơn này,ProductPriceIntent,iPhone 16 giá bao nhiêu,OrderStatusIntent,kiểm tra đơn này
1610,order_context,order_history,xem lịch sử đơn hàng,ComplaintIntent,tôi muốn khiếu nại đơn này,ProductPriceIntent,iPhone 16 giá bao nhiêu,ShippingTrackingIntent,shipper tới chưa
1611,order_context,order_history,xem lịch sử đơn hàng,ComplaintIntent,tôi muốn khiếu nại đơn này,ProductSearchIntent,tìm Samsung Galaxy S26 Ultra,OrderDetailIntent,xem chi tiết đơn này
1612,order_context,order_history,xem lịch sử đơn hàng,ComplaintIntent,tôi muốn khiếu nại đơn này,ProductSearchIntent,tìm Samsung Galaxy S26 Ultra,OrderStatusIntent,đơn này đang ở đâu
1613,order_context,order_history,xem lịch sử đơn hàng,ComplaintIntent,tôi muốn khiếu nại đơn này,ProductSearchIntent,tìm Samsung Galaxy S26 Ultra,ShippingTrackingIntent,đơn này giao tới đâu
1614,order_context,order_history,xem lịch sử đơn hàng,ComplaintIntent,tôi muốn khiếu nại đơn này,ProductSearchIntent,tìm Samsung Galaxy S26 Ultra,OrderCancelIntent,hủy đơn này
1615,order_context,order_history,xem lịch sử đơn hàng,ComplaintIntent,tôi muốn khiếu nại đơn này,ProductSearchIntent,tìm Samsung Galaxy S26 Ultra,OrderModifyIntent,sửa đơn này
1616,order_context,order_history,xem lịch sử đơn hàng,ComplaintIntent,tôi muốn khiếu nại đơn này,ProductSearchIntent,tìm Samsung Galaxy S26 Ultra,RefundStatusIntent,hoàn tiền đơn này
1617,order_context,order_history,xem lịch sử đơn hàng,ComplaintIntent,tôi muốn khiếu nại đơn này,ProductSearchIntent,tìm Samsung Galaxy S26 Ultra,ComplaintIntent,khiếu nại đơn này
1618,order_context,order_history,xem lịch sử đơn hàng,ComplaintIntent,tôi muốn khiếu nại đơn này,ProductSearchIntent,tìm Samsung Galaxy S26 Ultra,OrderDetailIntent,đơn này bao nhiêu tiền
1619,order_context,order_history,xem lịch sử đơn hàng,ComplaintIntent,tôi muốn khiếu nại đơn này,ProductSearchIntent,tìm Samsung Galaxy S26 Ultra,OrderStatusIntent,kiểm tra đơn này
1620,order_context,order_history,xem lịch sử đơn hàng,ComplaintIntent,tôi muốn khiếu nại đơn này,ProductSearchIntent,tìm Samsung Galaxy S26 Ultra,ShippingTrackingIntent,shipper tới chưa
1621,order_context,order_history,xem lịch sử đơn hàng,ComplaintIntent,tôi muốn khiếu nại đơn này,ProductRecommendationIntent,tư vấn điện thoại chụp ảnh,OrderDetailIntent,xem chi tiết đơn này
1622,order_context,order_history,xem lịch sử đơn hàng,ComplaintIntent,tôi muốn khiếu nại đơn này,ProductRecommendationIntent,tư vấn điện thoại chụp ảnh,OrderStatusIntent,đơn này đang ở đâu
1623,order_context,order_history,xem lịch sử đơn hàng,ComplaintIntent,tôi muốn khiếu nại đơn này,ProductRecommendationIntent,tư vấn điện thoại chụp ảnh,ShippingTrackingIntent,đơn này giao tới đâu
1624,order_context,order_history,xem lịch sử đơn hàng,ComplaintIntent,tôi muốn khiếu nại đơn này,ProductRecommendationIntent,tư vấn điện thoại chụp ảnh,OrderCancelIntent,hủy đơn này
1625,order_context,order_history,xem lịch sử đơn hàng,ComplaintIntent,tôi muốn khiếu nại đơn này,ProductRecommendationIntent,tư vấn điện thoại chụp ảnh,OrderModifyIntent,sửa đơn này
1626,order_context,order_history,xem lịch sử đơn hàng,ComplaintIntent,tôi muốn khiếu nại đơn này,ProductRecommendationIntent,tư vấn điện thoại chụp ảnh,RefundStatusIntent,hoàn tiền đơn này
1627,order_context,order_history,xem lịch sử đơn hàng,ComplaintIntent,tôi muốn khiếu nại đơn này,ProductRecommendationIntent,tư vấn điện thoại chụp ảnh,ComplaintIntent,khiếu nại đơn này
1628,order_context,order_history,xem lịch sử đơn hàng,ComplaintIntent,tôi muốn khiếu nại đơn này,ProductRecommendationIntent,tư vấn điện thoại chụp ảnh,OrderDetailIntent,đơn này bao nhiêu tiền
1629,order_context,order_history,xem lịch sử đơn hàng,ComplaintIntent,tôi muốn khiếu nại đơn này,ProductRecommendationIntent,tư vấn điện thoại chụp ảnh,OrderStatusIntent,kiểm tra đơn này
1630,order_context,order_history,xem lịch sử đơn hàng,ComplaintIntent,tôi muốn khiếu nại đơn này,ProductRecommendationIntent,tư vấn điện thoại chụp ảnh,ShippingTrackingIntent,shipper tới chưa
1631,order_context,order_history,xem lịch sử đơn hàng,ComplaintIntent,tôi muốn khiếu nại đơn này,StoreInfoIntent,shop mở cửa lúc mấy giờ,OrderDetailIntent,xem chi tiết đơn này
1632,order_context,order_history,xem lịch sử đơn hàng,ComplaintIntent,tôi muốn khiếu nại đơn này,StoreInfoIntent,shop mở cửa lúc mấy giờ,OrderStatusIntent,đơn này đang ở đâu
1633,order_context,order_history,xem lịch sử đơn hàng,ComplaintIntent,tôi muốn khiếu nại đơn này,StoreInfoIntent,shop mở cửa lúc mấy giờ,ShippingTrackingIntent,đơn này giao tới đâu
1634,order_context,order_history,xem lịch sử đơn hàng,ComplaintIntent,tôi muốn khiếu nại đơn này,StoreInfoIntent,shop mở cửa lúc mấy giờ,OrderCancelIntent,hủy đơn này
1635,order_context,order_history,xem lịch sử đơn hàng,ComplaintIntent,tôi muốn khiếu nại đơn này,StoreInfoIntent,shop mở cửa lúc mấy giờ,OrderModifyIntent,sửa đơn này
1636,order_context,order_history,xem lịch sử đơn hàng,ComplaintIntent,tôi muốn khiếu nại đơn này,StoreInfoIntent,shop mở cửa lúc mấy giờ,RefundStatusIntent,hoàn tiền đơn này
1637,order_context,order_history,xem lịch sử đơn hàng,ComplaintIntent,tôi muốn khiếu nại đơn này,StoreInfoIntent,shop mở cửa lúc mấy giờ,ComplaintIntent,khiếu nại đơn này
1638,order_context,order_history,xem lịch sử đơn hàng,ComplaintIntent,tôi muốn khiếu nại đơn này,StoreInfoIntent,shop mở cửa lúc mấy giờ,OrderDetailIntent,đơn này bao nhiêu tiền
1639,order_context,order_history,xem lịch sử đơn hàng,ComplaintIntent,tôi muốn khiếu nại đơn này,StoreInfoIntent,shop mở cửa lúc mấy giờ,OrderStatusIntent,kiểm tra đơn này
1640,order_context,order_history,xem lịch sử đơn hàng,ComplaintIntent,tôi muốn khiếu nại đơn này,StoreInfoIntent,shop mở cửa lúc mấy giờ,ShippingTrackingIntent,shipper tới chưa
1641,order_context,order_history,xem lịch sử đơn hàng,ComplaintIntent,tôi muốn khiếu nại đơn này,GreetingIntent,xin chào shop,OrderDetailIntent,xem chi tiết đơn này
1642,order_context,order_history,xem lịch sử đơn hàng,ComplaintIntent,tôi muốn khiếu nại đơn này,GreetingIntent,xin chào shop,OrderStatusIntent,đơn này đang ở đâu
1643,order_context,order_history,xem lịch sử đơn hàng,ComplaintIntent,tôi muốn khiếu nại đơn này,GreetingIntent,xin chào shop,ShippingTrackingIntent,đơn này giao tới đâu
1644,order_context,order_history,xem lịch sử đơn hàng,ComplaintIntent,tôi muốn khiếu nại đơn này,GreetingIntent,xin chào shop,OrderCancelIntent,hủy đơn này
1645,order_context,order_history,xem lịch sử đơn hàng,ComplaintIntent,tôi muốn khiếu nại đơn này,GreetingIntent,xin chào shop,OrderModifyIntent,sửa đơn này
1646,order_context,order_history,xem lịch sử đơn hàng,ComplaintIntent,tôi muốn khiếu nại đơn này,GreetingIntent,xin chào shop,RefundStatusIntent,hoàn tiền đơn này
1647,order_context,order_history,xem lịch sử đơn hàng,ComplaintIntent,tôi muốn khiếu nại đơn này,GreetingIntent,xin chào shop,ComplaintIntent,khiếu nại đơn này
1648,order_context,order_history,xem lịch sử đơn hàng,ComplaintIntent,tôi muốn khiếu nại đơn này,GreetingIntent,xin chào shop,OrderDetailIntent,đơn này bao nhiêu tiền
1649,order_context,order_history,xem lịch sử đơn hàng,ComplaintIntent,tôi muốn khiếu nại đơn này,GreetingIntent,xin chào shop,OrderStatusIntent,kiểm tra đơn này
1650,order_context,order_history,xem lịch sử đơn hàng,ComplaintIntent,tôi muốn khiếu nại đơn này,GreetingIntent,xin chào shop,ShippingTrackingIntent,shipper tới chưa
1651,order_context,order_history,xem lịch sử đơn hàng,ComplaintIntent,tôi muốn khiếu nại đơn này,FallbackIntent,kể cho tôi chuyện cổ tích,OrderDetailIntent,xem chi tiết đơn này
1652,order_context,order_history,xem lịch sử đơn hàng,ComplaintIntent,tôi muốn khiếu nại đơn này,FallbackIntent,kể cho tôi chuyện cổ tích,OrderStatusIntent,đơn này đang ở đâu
1653,order_context,order_history,xem lịch sử đơn hàng,ComplaintIntent,tôi muốn khiếu nại đơn này,FallbackIntent,kể cho tôi chuyện cổ tích,ShippingTrackingIntent,đơn này giao tới đâu
1654,order_context,order_history,xem lịch sử đơn hàng,ComplaintIntent,tôi muốn khiếu nại đơn này,FallbackIntent,kể cho tôi chuyện cổ tích,OrderCancelIntent,hủy đơn này
1655,order_context,order_history,xem lịch sử đơn hàng,ComplaintIntent,tôi muốn khiếu nại đơn này,FallbackIntent,kể cho tôi chuyện cổ tích,OrderModifyIntent,sửa đơn này
1656,order_context,order_history,xem lịch sử đơn hàng,ComplaintIntent,tôi muốn khiếu nại đơn này,FallbackIntent,kể cho tôi chuyện cổ tích,RefundStatusIntent,hoàn tiền đơn này
1657,order_context,order_history,xem lịch sử đơn hàng,ComplaintIntent,tôi muốn khiếu nại đơn này,FallbackIntent,kể cho tôi chuyện cổ tích,ComplaintIntent,khiếu nại đơn này
1658,order_context,order_history,xem lịch sử đơn hàng,ComplaintIntent,tôi muốn khiếu nại đơn này,FallbackIntent,kể cho tôi chuyện cổ tích,OrderDetailIntent,đơn này bao nhiêu tiền
1659,order_context,order_history,xem lịch sử đơn hàng,ComplaintIntent,tôi muốn khiếu nại đơn này,FallbackIntent,kể cho tôi chuyện cổ tích,OrderStatusIntent,kiểm tra đơn này
1660,order_context,order_history,xem lịch sử đơn hàng,ComplaintIntent,tôi muốn khiếu nại đơn này,FallbackIntent,kể cho tôi chuyện cổ tích,ShippingTrackingIntent,shipper tới chưa
1661,order_context,order_history,xem lịch sử đơn hàng,ComplaintIntent,tôi muốn khiếu nại đơn này,ShippingPolicyIntent,phí ship bao nhiêu,OrderDetailIntent,xem chi tiết đơn này
1662,order_context,order_history,xem lịch sử đơn hàng,ComplaintIntent,tôi muốn khiếu nại đơn này,ShippingPolicyIntent,phí ship bao nhiêu,OrderStatusIntent,đơn này đang ở đâu
1663,order_context,order_history,xem lịch sử đơn hàng,ComplaintIntent,tôi muốn khiếu nại đơn này,ShippingPolicyIntent,phí ship bao nhiêu,ShippingTrackingIntent,đơn này giao tới đâu
1664,order_context,order_history,xem lịch sử đơn hàng,ComplaintIntent,tôi muốn khiếu nại đơn này,ShippingPolicyIntent,phí ship bao nhiêu,OrderCancelIntent,hủy đơn này
1665,order_context,order_history,xem lịch sử đơn hàng,ComplaintIntent,tôi muốn khiếu nại đơn này,ShippingPolicyIntent,phí ship bao nhiêu,OrderModifyIntent,sửa đơn này
1666,order_context,order_history,xem lịch sử đơn hàng,ComplaintIntent,tôi muốn khiếu nại đơn này,ShippingPolicyIntent,phí ship bao nhiêu,RefundStatusIntent,hoàn tiền đơn này
1667,order_context,order_history,xem lịch sử đơn hàng,ComplaintIntent,tôi muốn khiếu nại đơn này,ShippingPolicyIntent,phí ship bao nhiêu,ComplaintIntent,khiếu nại đơn này
1668,order_context,order_history,xem lịch sử đơn hàng,ComplaintIntent,tôi muốn khiếu nại đơn này,ShippingPolicyIntent,phí ship bao nhiêu,OrderDetailIntent,đơn này bao nhiêu tiền
1669,order_context,order_history,xem lịch sử đơn hàng,ComplaintIntent,tôi muốn khiếu nại đơn này,ShippingPolicyIntent,phí ship bao nhiêu,OrderStatusIntent,kiểm tra đơn này
1670,order_context,order_history,xem lịch sử đơn hàng,ComplaintIntent,tôi muốn khiếu nại đơn này,ShippingPolicyIntent,phí ship bao nhiêu,ShippingTrackingIntent,shipper tới chưa
1671,order_context,order_history,xem lịch sử đơn hàng,ComplaintIntent,tôi muốn khiếu nại đơn này,PaymentMethodIntent,shop có nhận momo không,OrderDetailIntent,xem chi tiết đơn này
1672,order_context,order_history,xem lịch sử đơn hàng,ComplaintIntent,tôi muốn khiếu nại đơn này,PaymentMethodIntent,shop có nhận momo không,OrderStatusIntent,đơn này đang ở đâu
1673,order_context,order_history,xem lịch sử đơn hàng,ComplaintIntent,tôi muốn khiếu nại đơn này,PaymentMethodIntent,shop có nhận momo không,ShippingTrackingIntent,đơn này giao tới đâu
1674,order_context,order_history,xem lịch sử đơn hàng,ComplaintIntent,tôi muốn khiếu nại đơn này,PaymentMethodIntent,shop có nhận momo không,OrderCancelIntent,hủy đơn này
1675,order_context,order_history,xem lịch sử đơn hàng,ComplaintIntent,tôi muốn khiếu nại đơn này,PaymentMethodIntent,shop có nhận momo không,OrderModifyIntent,sửa đơn này
1676,order_context,order_history,xem lịch sử đơn hàng,ComplaintIntent,tôi muốn khiếu nại đơn này,PaymentMethodIntent,shop có nhận momo không,RefundStatusIntent,hoàn tiền đơn này
1677,order_context,order_history,xem lịch sử đơn hàng,ComplaintIntent,tôi muốn khiếu nại đơn này,PaymentMethodIntent,shop có nhận momo không,ComplaintIntent,khiếu nại đơn này
1678,order_context,order_history,xem lịch sử đơn hàng,ComplaintIntent,tôi muốn khiếu nại đơn này,PaymentMethodIntent,shop có nhận momo không,OrderDetailIntent,đơn này bao nhiêu tiền
1679,order_context,order_history,xem lịch sử đơn hàng,ComplaintIntent,tôi muốn khiếu nại đơn này,PaymentMethodIntent,shop có nhận momo không,OrderStatusIntent,kiểm tra đơn này
1680,order_context,order_history,xem lịch sử đơn hàng,ComplaintIntent,tôi muốn khiếu nại đơn này,PaymentMethodIntent,shop có nhận momo không,ShippingTrackingIntent,shipper tới chưa
1681,order_context,order_history,xem lịch sử đơn hàng,ComplaintIntent,tôi muốn khiếu nại đơn này,CartViewIntent,xem giỏ hàng,OrderDetailIntent,xem chi tiết đơn này
1682,order_context,order_history,xem lịch sử đơn hàng,ComplaintIntent,tôi muốn khiếu nại đơn này,CartViewIntent,xem giỏ hàng,OrderStatusIntent,đơn này đang ở đâu
1683,order_context,order_history,xem lịch sử đơn hàng,ComplaintIntent,tôi muốn khiếu nại đơn này,CartViewIntent,xem giỏ hàng,ShippingTrackingIntent,đơn này giao tới đâu
1684,order_context,order_history,xem lịch sử đơn hàng,ComplaintIntent,tôi muốn khiếu nại đơn này,CartViewIntent,xem giỏ hàng,OrderCancelIntent,hủy đơn này
1685,order_context,order_history,xem lịch sử đơn hàng,ComplaintIntent,tôi muốn khiếu nại đơn này,CartViewIntent,xem giỏ hàng,OrderModifyIntent,sửa đơn này
1686,order_context,order_history,xem lịch sử đơn hàng,ComplaintIntent,tôi muốn khiếu nại đơn này,CartViewIntent,xem giỏ hàng,RefundStatusIntent,hoàn tiền đơn này
1687,order_context,order_history,xem lịch sử đơn hàng,ComplaintIntent,tôi muốn khiếu nại đơn này,CartViewIntent,xem giỏ hàng,ComplaintIntent,khiếu nại đơn này
1688,order_context,order_history,xem lịch sử đơn hàng,ComplaintIntent,tôi muốn khiếu nại đơn này,CartViewIntent,xem giỏ hàng,OrderDetailIntent,đơn này bao nhiêu tiền
1689,order_context,order_history,xem lịch sử đơn hàng,ComplaintIntent,tôi muốn khiếu nại đơn này,CartViewIntent,xem giỏ hàng,OrderStatusIntent,kiểm tra đơn này
1690,order_context,order_history,xem lịch sử đơn hàng,ComplaintIntent,tôi muốn khiếu nại đơn này,CartViewIntent,xem giỏ hàng,ShippingTrackingIntent,shipper tới chưa
1691,order_context,order_history,xem lịch sử đơn hàng,ComplaintIntent,tôi muốn khiếu nại đơn này,WarrantyPolicyIntent,chính sách bảo hành thế nào,OrderDetailIntent,xem chi tiết đơn này
1692,order_context,order_history,xem lịch sử đơn hàng,ComplaintIntent,tôi muốn khiếu nại đơn này,WarrantyPolicyIntent,chính sách bảo hành thế nào,OrderStatusIntent,đơn này đang ở đâu
1693,order_context,order_history,xem lịch sử đơn hàng,ComplaintIntent,tôi muốn khiếu nại đơn này,WarrantyPolicyIntent,chính sách bảo hành thế nào,ShippingTrackingIntent,đơn này giao tới đâu
1694,order_context,order_history,xem lịch sử đơn hàng,ComplaintIntent,tôi muốn khiếu nại đơn này,WarrantyPolicyIntent,chính sách bảo hành thế nào,OrderCancelIntent,hủy đơn này
1695,order_context,order_history,xem lịch sử đơn hàng,ComplaintIntent,tôi muốn khiếu nại đơn này,WarrantyPolicyIntent,chính sách bảo hành thế nào,OrderModifyIntent,sửa đơn này
1696,order_context,order_history,xem lịch sử đơn hàng,ComplaintIntent,tôi muốn khiếu nại đơn này,WarrantyPolicyIntent,chính sách bảo hành thế nào,RefundStatusIntent,hoàn tiền đơn này
1697,order_context,order_history,xem lịch sử đơn hàng,ComplaintIntent,tôi muốn khiếu nại đơn này,WarrantyPolicyIntent,chính sách bảo hành thế nào,ComplaintIntent,khiếu nại đơn này
1698,order_context,order_history,xem lịch sử đơn hàng,ComplaintIntent,tôi muốn khiếu nại đơn này,WarrantyPolicyIntent,chính sách bảo hành thế nào,OrderDetailIntent,đơn này bao nhiêu tiền
1699,order_context,order_history,xem lịch sử đơn hàng,ComplaintIntent,tôi muốn khiếu nại đơn này,WarrantyPolicyIntent,chính sách bảo hành thế nào,OrderStatusIntent,kiểm tra đơn này
1700,order_context,order_history,xem lịch sử đơn hàng,ComplaintIntent,tôi muốn khiếu nại đơn này,WarrantyPolicyIntent,chính sách bảo hành thế nào,ShippingTrackingIntent,shipper tới chưa
1701,order_context,order_history,xem lịch sử đơn hàng,OrderDetailIntent,đơn này tổng tiền bao nhiêu,ProductPriceIntent,iPhone 16 giá bao nhiêu,OrderDetailIntent,xem chi tiết đơn này
1702,order_context,order_history,xem lịch sử đơn hàng,OrderDetailIntent,đơn này tổng tiền bao nhiêu,ProductPriceIntent,iPhone 16 giá bao nhiêu,OrderStatusIntent,đơn này đang ở đâu
1703,order_context,order_history,xem lịch sử đơn hàng,OrderDetailIntent,đơn này tổng tiền bao nhiêu,ProductPriceIntent,iPhone 16 giá bao nhiêu,ShippingTrackingIntent,đơn này giao tới đâu
1704,order_context,order_history,xem lịch sử đơn hàng,OrderDetailIntent,đơn này tổng tiền bao nhiêu,ProductPriceIntent,iPhone 16 giá bao nhiêu,OrderCancelIntent,hủy đơn này
1705,order_context,order_history,xem lịch sử đơn hàng,OrderDetailIntent,đơn này tổng tiền bao nhiêu,ProductPriceIntent,iPhone 16 giá bao nhiêu,OrderModifyIntent,sửa đơn này
1706,order_context,order_history,xem lịch sử đơn hàng,OrderDetailIntent,đơn này tổng tiền bao nhiêu,ProductPriceIntent,iPhone 16 giá bao nhiêu,RefundStatusIntent,hoàn tiền đơn này
1707,order_context,order_history,xem lịch sử đơn hàng,OrderDetailIntent,đơn này tổng tiền bao nhiêu,ProductPriceIntent,iPhone 16 giá bao nhiêu,ComplaintIntent,khiếu nại đơn này
1708,order_context,order_history,xem lịch sử đơn hàng,OrderDetailIntent,đơn này tổng tiền bao nhiêu,ProductPriceIntent,iPhone 16 giá bao nhiêu,OrderDetailIntent,đơn này bao nhiêu tiền
1709,order_context,order_history,xem lịch sử đơn hàng,OrderDetailIntent,đơn này tổng tiền bao nhiêu,ProductPriceIntent,iPhone 16 giá bao nhiêu,OrderStatusIntent,kiểm tra đơn này
1710,order_context,order_history,xem lịch sử đơn hàng,OrderDetailIntent,đơn này tổng tiền bao nhiêu,ProductPriceIntent,iPhone 16 giá bao nhiêu,ShippingTrackingIntent,shipper tới chưa
1711,order_context,order_history,xem lịch sử đơn hàng,OrderDetailIntent,đơn này tổng tiền bao nhiêu,ProductSearchIntent,tìm Samsung Galaxy S26 Ultra,OrderDetailIntent,xem chi tiết đơn này
1712,order_context,order_history,xem lịch sử đơn hàng,OrderDetailIntent,đơn này tổng tiền bao nhiêu,ProductSearchIntent,tìm Samsung Galaxy S26 Ultra,OrderStatusIntent,đơn này đang ở đâu
1713,order_context,order_history,xem lịch sử đơn hàng,OrderDetailIntent,đơn này tổng tiền bao nhiêu,ProductSearchIntent,tìm Samsung Galaxy S26 Ultra,ShippingTrackingIntent,đơn này giao tới đâu
1714,order_context,order_history,xem lịch sử đơn hàng,OrderDetailIntent,đơn này tổng tiền bao nhiêu,ProductSearchIntent,tìm Samsung Galaxy S26 Ultra,OrderCancelIntent,hủy đơn này
1715,order_context,order_history,xem lịch sử đơn hàng,OrderDetailIntent,đơn này tổng tiền bao nhiêu,ProductSearchIntent,tìm Samsung Galaxy S26 Ultra,OrderModifyIntent,sửa đơn này
1716,order_context,order_history,xem lịch sử đơn hàng,OrderDetailIntent,đơn này tổng tiền bao nhiêu,ProductSearchIntent,tìm Samsung Galaxy S26 Ultra,RefundStatusIntent,hoàn tiền đơn này
1717,order_context,order_history,xem lịch sử đơn hàng,OrderDetailIntent,đơn này tổng tiền bao nhiêu,ProductSearchIntent,tìm Samsung Galaxy S26 Ultra,ComplaintIntent,khiếu nại đơn này
1718,order_context,order_history,xem lịch sử đơn hàng,OrderDetailIntent,đơn này tổng tiền bao nhiêu,ProductSearchIntent,tìm Samsung Galaxy S26 Ultra,OrderDetailIntent,đơn này bao nhiêu tiền
1719,order_context,order_history,xem lịch sử đơn hàng,OrderDetailIntent,đơn này tổng tiền bao nhiêu,ProductSearchIntent,tìm Samsung Galaxy S26 Ultra,OrderStatusIntent,kiểm tra đơn này
1720,order_context,order_history,xem lịch sử đơn hàng,OrderDetailIntent,đơn này tổng tiền bao nhiêu,ProductSearchIntent,tìm Samsung Galaxy S26 Ultra,ShippingTrackingIntent,shipper tới chưa
1721,order_context,order_history,xem lịch sử đơn hàng,OrderDetailIntent,đơn này tổng tiền bao nhiêu,ProductRecommendationIntent,tư vấn điện thoại chụp ảnh,OrderDetailIntent,xem chi tiết đơn này
1722,order_context,order_history,xem lịch sử đơn hàng,OrderDetailIntent,đơn này tổng tiền bao nhiêu,ProductRecommendationIntent,tư vấn điện thoại chụp ảnh,OrderStatusIntent,đơn này đang ở đâu
1723,order_context,order_history,xem lịch sử đơn hàng,OrderDetailIntent,đơn này tổng tiền bao nhiêu,ProductRecommendationIntent,tư vấn điện thoại chụp ảnh,ShippingTrackingIntent,đơn này giao tới đâu
1724,order_context,order_history,xem lịch sử đơn hàng,OrderDetailIntent,đơn này tổng tiền bao nhiêu,ProductRecommendationIntent,tư vấn điện thoại chụp ảnh,OrderCancelIntent,hủy đơn này
1725,order_context,order_history,xem lịch sử đơn hàng,OrderDetailIntent,đơn này tổng tiền bao nhiêu,ProductRecommendationIntent,tư vấn điện thoại chụp ảnh,OrderModifyIntent,sửa đơn này
1726,order_context,order_history,xem lịch sử đơn hàng,OrderDetailIntent,đơn này tổng tiền bao nhiêu,ProductRecommendationIntent,tư vấn điện thoại chụp ảnh,RefundStatusIntent,hoàn tiền đơn này
1727,order_context,order_history,xem lịch sử đơn hàng,OrderDetailIntent,đơn này tổng tiền bao nhiêu,ProductRecommendationIntent,tư vấn điện thoại chụp ảnh,ComplaintIntent,khiếu nại đơn này
1728,order_context,order_history,xem lịch sử đơn hàng,OrderDetailIntent,đơn này tổng tiền bao nhiêu,ProductRecommendationIntent,tư vấn điện thoại chụp ảnh,OrderDetailIntent,đơn này bao nhiêu tiền
1729,order_context,order_history,xem lịch sử đơn hàng,OrderDetailIntent,đơn này tổng tiền bao nhiêu,ProductRecommendationIntent,tư vấn điện thoại chụp ảnh,OrderStatusIntent,kiểm tra đơn này
1730,order_context,order_history,xem lịch sử đơn hàng,OrderDetailIntent,đơn này tổng tiền bao nhiêu,ProductRecommendationIntent,tư vấn điện thoại chụp ảnh,ShippingTrackingIntent,shipper tới chưa
1731,order_context,order_history,xem lịch sử đơn hàng,OrderDetailIntent,đơn này tổng tiền bao nhiêu,StoreInfoIntent,shop mở cửa lúc mấy giờ,OrderDetailIntent,xem chi tiết đơn này
1732,order_context,order_history,xem lịch sử đơn hàng,OrderDetailIntent,đơn này tổng tiền bao nhiêu,StoreInfoIntent,shop mở cửa lúc mấy giờ,OrderStatusIntent,đơn này đang ở đâu
1733,order_context,order_history,xem lịch sử đơn hàng,OrderDetailIntent,đơn này tổng tiền bao nhiêu,StoreInfoIntent,shop mở cửa lúc mấy giờ,ShippingTrackingIntent,đơn này giao tới đâu
1734,order_context,order_history,xem lịch sử đơn hàng,OrderDetailIntent,đơn này tổng tiền bao nhiêu,StoreInfoIntent,shop mở cửa lúc mấy giờ,OrderCancelIntent,hủy đơn này
1735,order_context,order_history,xem lịch sử đơn hàng,OrderDetailIntent,đơn này tổng tiền bao nhiêu,StoreInfoIntent,shop mở cửa lúc mấy giờ,OrderModifyIntent,sửa đơn này
1736,order_context,order_history,xem lịch sử đơn hàng,OrderDetailIntent,đơn này tổng tiền bao nhiêu,StoreInfoIntent,shop mở cửa lúc mấy giờ,RefundStatusIntent,hoàn tiền đơn này
1737,order_context,order_history,xem lịch sử đơn hàng,OrderDetailIntent,đơn này tổng tiền bao nhiêu,StoreInfoIntent,shop mở cửa lúc mấy giờ,ComplaintIntent,khiếu nại đơn này
1738,order_context,order_history,xem lịch sử đơn hàng,OrderDetailIntent,đơn này tổng tiền bao nhiêu,StoreInfoIntent,shop mở cửa lúc mấy giờ,OrderDetailIntent,đơn này bao nhiêu tiền
1739,order_context,order_history,xem lịch sử đơn hàng,OrderDetailIntent,đơn này tổng tiền bao nhiêu,StoreInfoIntent,shop mở cửa lúc mấy giờ,OrderStatusIntent,kiểm tra đơn này
1740,order_context,order_history,xem lịch sử đơn hàng,OrderDetailIntent,đơn này tổng tiền bao nhiêu,StoreInfoIntent,shop mở cửa lúc mấy giờ,ShippingTrackingIntent,shipper tới chưa
1741,order_context,order_history,xem lịch sử đơn hàng,OrderDetailIntent,đơn này tổng tiền bao nhiêu,GreetingIntent,xin chào shop,OrderDetailIntent,xem chi tiết đơn này
1742,order_context,order_history,xem lịch sử đơn hàng,OrderDetailIntent,đơn này tổng tiền bao nhiêu,GreetingIntent,xin chào shop,OrderStatusIntent,đơn này đang ở đâu
1743,order_context,order_history,xem lịch sử đơn hàng,OrderDetailIntent,đơn này tổng tiền bao nhiêu,GreetingIntent,xin chào shop,ShippingTrackingIntent,đơn này giao tới đâu
1744,order_context,order_history,xem lịch sử đơn hàng,OrderDetailIntent,đơn này tổng tiền bao nhiêu,GreetingIntent,xin chào shop,OrderCancelIntent,hủy đơn này
1745,order_context,order_history,xem lịch sử đơn hàng,OrderDetailIntent,đơn này tổng tiền bao nhiêu,GreetingIntent,xin chào shop,OrderModifyIntent,sửa đơn này
1746,order_context,order_history,xem lịch sử đơn hàng,OrderDetailIntent,đơn này tổng tiền bao nhiêu,GreetingIntent,xin chào shop,RefundStatusIntent,hoàn tiền đơn này
1747,order_context,order_history,xem lịch sử đơn hàng,OrderDetailIntent,đơn này tổng tiền bao nhiêu,GreetingIntent,xin chào shop,ComplaintIntent,khiếu nại đơn này
1748,order_context,order_history,xem lịch sử đơn hàng,OrderDetailIntent,đơn này tổng tiền bao nhiêu,GreetingIntent,xin chào shop,OrderDetailIntent,đơn này bao nhiêu tiền
1749,order_context,order_history,xem lịch sử đơn hàng,OrderDetailIntent,đơn này tổng tiền bao nhiêu,GreetingIntent,xin chào shop,OrderStatusIntent,kiểm tra đơn này
1750,order_context,order_history,xem lịch sử đơn hàng,OrderDetailIntent,đơn này tổng tiền bao nhiêu,GreetingIntent,xin chào shop,ShippingTrackingIntent,shipper tới chưa
1751,order_context,order_history,xem lịch sử đơn hàng,OrderDetailIntent,đơn này tổng tiền bao nhiêu,FallbackIntent,kể cho tôi chuyện cổ tích,OrderDetailIntent,xem chi tiết đơn này
1752,order_context,order_history,xem lịch sử đơn hàng,OrderDetailIntent,đơn này tổng tiền bao nhiêu,FallbackIntent,kể cho tôi chuyện cổ tích,OrderStatusIntent,đơn này đang ở đâu
1753,order_context,order_history,xem lịch sử đơn hàng,OrderDetailIntent,đơn này tổng tiền bao nhiêu,FallbackIntent,kể cho tôi chuyện cổ tích,ShippingTrackingIntent,đơn này giao tới đâu
1754,order_context,order_history,xem lịch sử đơn hàng,OrderDetailIntent,đơn này tổng tiền bao nhiêu,FallbackIntent,kể cho tôi chuyện cổ tích,OrderCancelIntent,hủy đơn này
1755,order_context,order_history,xem lịch sử đơn hàng,OrderDetailIntent,đơn này tổng tiền bao nhiêu,FallbackIntent,kể cho tôi chuyện cổ tích,OrderModifyIntent,sửa đơn này
1756,order_context,order_history,xem lịch sử đơn hàng,OrderDetailIntent,đơn này tổng tiền bao nhiêu,FallbackIntent,kể cho tôi chuyện cổ tích,RefundStatusIntent,hoàn tiền đơn này
1757,order_context,order_history,xem lịch sử đơn hàng,OrderDetailIntent,đơn này tổng tiền bao nhiêu,FallbackIntent,kể cho tôi chuyện cổ tích,ComplaintIntent,khiếu nại đơn này
1758,order_context,order_history,xem lịch sử đơn hàng,OrderDetailIntent,đơn này tổng tiền bao nhiêu,FallbackIntent,kể cho tôi chuyện cổ tích,OrderDetailIntent,đơn này bao nhiêu tiền
1759,order_context,order_history,xem lịch sử đơn hàng,OrderDetailIntent,đơn này tổng tiền bao nhiêu,FallbackIntent,kể cho tôi chuyện cổ tích,OrderStatusIntent,kiểm tra đơn này
1760,order_context,order_history,xem lịch sử đơn hàng,OrderDetailIntent,đơn này tổng tiền bao nhiêu,FallbackIntent,kể cho tôi chuyện cổ tích,ShippingTrackingIntent,shipper tới chưa
1761,order_context,order_history,xem lịch sử đơn hàng,OrderDetailIntent,đơn này tổng tiền bao nhiêu,ShippingPolicyIntent,phí ship bao nhiêu,OrderDetailIntent,xem chi tiết đơn này
1762,order_context,order_history,xem lịch sử đơn hàng,OrderDetailIntent,đơn này tổng tiền bao nhiêu,ShippingPolicyIntent,phí ship bao nhiêu,OrderStatusIntent,đơn này đang ở đâu
1763,order_context,order_history,xem lịch sử đơn hàng,OrderDetailIntent,đơn này tổng tiền bao nhiêu,ShippingPolicyIntent,phí ship bao nhiêu,ShippingTrackingIntent,đơn này giao tới đâu
1764,order_context,order_history,xem lịch sử đơn hàng,OrderDetailIntent,đơn này tổng tiền bao nhiêu,ShippingPolicyIntent,phí ship bao nhiêu,OrderCancelIntent,hủy đơn này
1765,order_context,order_history,xem lịch sử đơn hàng,OrderDetailIntent,đơn này tổng tiền bao nhiêu,ShippingPolicyIntent,phí ship bao nhiêu,OrderModifyIntent,sửa đơn này
1766,order_context,order_history,xem lịch sử đơn hàng,OrderDetailIntent,đơn này tổng tiền bao nhiêu,ShippingPolicyIntent,phí ship bao nhiêu,RefundStatusIntent,hoàn tiền đơn này
1767,order_context,order_history,xem lịch sử đơn hàng,OrderDetailIntent,đơn này tổng tiền bao nhiêu,ShippingPolicyIntent,phí ship bao nhiêu,ComplaintIntent,khiếu nại đơn này
1768,order_context,order_history,xem lịch sử đơn hàng,OrderDetailIntent,đơn này tổng tiền bao nhiêu,ShippingPolicyIntent,phí ship bao nhiêu,OrderDetailIntent,đơn này bao nhiêu tiền
1769,order_context,order_history,xem lịch sử đơn hàng,OrderDetailIntent,đơn này tổng tiền bao nhiêu,ShippingPolicyIntent,phí ship bao nhiêu,OrderStatusIntent,kiểm tra đơn này
1770,order_context,order_history,xem lịch sử đơn hàng,OrderDetailIntent,đơn này tổng tiền bao nhiêu,ShippingPolicyIntent,phí ship bao nhiêu,ShippingTrackingIntent,shipper tới chưa
1771,order_context,order_history,xem lịch sử đơn hàng,OrderDetailIntent,đơn này tổng tiền bao nhiêu,PaymentMethodIntent,shop có nhận momo không,OrderDetailIntent,xem chi tiết đơn này
1772,order_context,order_history,xem lịch sử đơn hàng,OrderDetailIntent,đơn này tổng tiền bao nhiêu,PaymentMethodIntent,shop có nhận momo không,OrderStatusIntent,đơn này đang ở đâu
1773,order_context,order_history,xem lịch sử đơn hàng,OrderDetailIntent,đơn này tổng tiền bao nhiêu,PaymentMethodIntent,shop có nhận momo không,ShippingTrackingIntent,đơn này giao tới đâu
1774,order_context,order_history,xem lịch sử đơn hàng,OrderDetailIntent,đơn này tổng tiền bao nhiêu,PaymentMethodIntent,shop có nhận momo không,OrderCancelIntent,hủy đơn này
1775,order_context,order_history,xem lịch sử đơn hàng,OrderDetailIntent,đơn này tổng tiền bao nhiêu,PaymentMethodIntent,shop có nhận momo không,OrderModifyIntent,sửa đơn này
1776,order_context,order_history,xem lịch sử đơn hàng,OrderDetailIntent,đơn này tổng tiền bao nhiêu,PaymentMethodIntent,shop có nhận momo không,RefundStatusIntent,hoàn tiền đơn này
1777,order_context,order_history,xem lịch sử đơn hàng,OrderDetailIntent,đơn này tổng tiền bao nhiêu,PaymentMethodIntent,shop có nhận momo không,ComplaintIntent,khiếu nại đơn này
1778,order_context,order_history,xem lịch sử đơn hàng,OrderDetailIntent,đơn này tổng tiền bao nhiêu,PaymentMethodIntent,shop có nhận momo không,OrderDetailIntent,đơn này bao nhiêu tiền
1779,order_context,order_history,xem lịch sử đơn hàng,OrderDetailIntent,đơn này tổng tiền bao nhiêu,PaymentMethodIntent,shop có nhận momo không,OrderStatusIntent,kiểm tra đơn này
1780,order_context,order_history,xem lịch sử đơn hàng,OrderDetailIntent,đơn này tổng tiền bao nhiêu,PaymentMethodIntent,shop có nhận momo không,ShippingTrackingIntent,shipper tới chưa
1781,order_context,order_history,xem lịch sử đơn hàng,OrderDetailIntent,đơn này tổng tiền bao nhiêu,CartViewIntent,xem giỏ hàng,OrderDetailIntent,xem chi tiết đơn này
1782,order_context,order_history,xem lịch sử đơn hàng,OrderDetailIntent,đơn này tổng tiền bao nhiêu,CartViewIntent,xem giỏ hàng,OrderStatusIntent,đơn này đang ở đâu
1783,order_context,order_history,xem lịch sử đơn hàng,OrderDetailIntent,đơn này tổng tiền bao nhiêu,CartViewIntent,xem giỏ hàng,ShippingTrackingIntent,đơn này giao tới đâu
1784,order_context,order_history,xem lịch sử đơn hàng,OrderDetailIntent,đơn này tổng tiền bao nhiêu,CartViewIntent,xem giỏ hàng,OrderCancelIntent,hủy đơn này
1785,order_context,order_history,xem lịch sử đơn hàng,OrderDetailIntent,đơn này tổng tiền bao nhiêu,CartViewIntent,xem giỏ hàng,OrderModifyIntent,sửa đơn này
1786,order_context,order_history,xem lịch sử đơn hàng,OrderDetailIntent,đơn này tổng tiền bao nhiêu,CartViewIntent,xem giỏ hàng,RefundStatusIntent,hoàn tiền đơn này
1787,order_context,order_history,xem lịch sử đơn hàng,OrderDetailIntent,đơn này tổng tiền bao nhiêu,CartViewIntent,xem giỏ hàng,ComplaintIntent,khiếu nại đơn này
1788,order_context,order_history,xem lịch sử đơn hàng,OrderDetailIntent,đơn này tổng tiền bao nhiêu,CartViewIntent,xem giỏ hàng,OrderDetailIntent,đơn này bao nhiêu tiền
1789,order_context,order_history,xem lịch sử đơn hàng,OrderDetailIntent,đơn này tổng tiền bao nhiêu,CartViewIntent,xem giỏ hàng,OrderStatusIntent,kiểm tra đơn này
1790,order_context,order_history,xem lịch sử đơn hàng,OrderDetailIntent,đơn này tổng tiền bao nhiêu,CartViewIntent,xem giỏ hàng,ShippingTrackingIntent,shipper tới chưa
1791,order_context,order_history,xem lịch sử đơn hàng,OrderDetailIntent,đơn này tổng tiền bao nhiêu,WarrantyPolicyIntent,chính sách bảo hành thế nào,OrderDetailIntent,xem chi tiết đơn này
1792,order_context,order_history,xem lịch sử đơn hàng,OrderDetailIntent,đơn này tổng tiền bao nhiêu,WarrantyPolicyIntent,chính sách bảo hành thế nào,OrderStatusIntent,đơn này đang ở đâu
1793,order_context,order_history,xem lịch sử đơn hàng,OrderDetailIntent,đơn này tổng tiền bao nhiêu,WarrantyPolicyIntent,chính sách bảo hành thế nào,ShippingTrackingIntent,đơn này giao tới đâu
1794,order_context,order_history,xem lịch sử đơn hàng,OrderDetailIntent,đơn này tổng tiền bao nhiêu,WarrantyPolicyIntent,chính sách bảo hành thế nào,OrderCancelIntent,hủy đơn này
1795,order_context,order_history,xem lịch sử đơn hàng,OrderDetailIntent,đơn này tổng tiền bao nhiêu,WarrantyPolicyIntent,chính sách bảo hành thế nào,OrderModifyIntent,sửa đơn này
1796,order_context,order_history,xem lịch sử đơn hàng,OrderDetailIntent,đơn này tổng tiền bao nhiêu,WarrantyPolicyIntent,chính sách bảo hành thế nào,RefundStatusIntent,hoàn tiền đơn này
1797,order_context,order_history,xem lịch sử đơn hàng,OrderDetailIntent,đơn này tổng tiền bao nhiêu,WarrantyPolicyIntent,chính sách bảo hành thế nào,ComplaintIntent,khiếu nại đơn này
1798,order_context,order_history,xem lịch sử đơn hàng,OrderDetailIntent,đơn này tổng tiền bao nhiêu,WarrantyPolicyIntent,chính sách bảo hành thế nào,OrderDetailIntent,đơn này bao nhiêu tiền
1799,order_context,order_history,xem lịch sử đơn hàng,OrderDetailIntent,đơn này tổng tiền bao nhiêu,WarrantyPolicyIntent,chính sách bảo hành thế nào,OrderStatusIntent,kiểm tra đơn này
1800,order_context,order_history,xem lịch sử đơn hàng,OrderDetailIntent,đơn này tổng tiền bao nhiêu,WarrantyPolicyIntent,chính sách bảo hành thế nào,ShippingTrackingIntent,shipper tới chưa
1801,order_context,order_history,xem lịch sử đơn hàng,OrderStatusIntent,kiểm tra lại đơn này,ProductPriceIntent,iPhone 16 giá bao nhiêu,OrderDetailIntent,xem chi tiết đơn này
1802,order_context,order_history,xem lịch sử đơn hàng,OrderStatusIntent,kiểm tra lại đơn này,ProductPriceIntent,iPhone 16 giá bao nhiêu,OrderStatusIntent,đơn này đang ở đâu
1803,order_context,order_history,xem lịch sử đơn hàng,OrderStatusIntent,kiểm tra lại đơn này,ProductPriceIntent,iPhone 16 giá bao nhiêu,ShippingTrackingIntent,đơn này giao tới đâu
1804,order_context,order_history,xem lịch sử đơn hàng,OrderStatusIntent,kiểm tra lại đơn này,ProductPriceIntent,iPhone 16 giá bao nhiêu,OrderCancelIntent,hủy đơn này
1805,order_context,order_history,xem lịch sử đơn hàng,OrderStatusIntent,kiểm tra lại đơn này,ProductPriceIntent,iPhone 16 giá bao nhiêu,OrderModifyIntent,sửa đơn này
1806,order_context,order_history,xem lịch sử đơn hàng,OrderStatusIntent,kiểm tra lại đơn này,ProductPriceIntent,iPhone 16 giá bao nhiêu,RefundStatusIntent,hoàn tiền đơn này
1807,order_context,order_history,xem lịch sử đơn hàng,OrderStatusIntent,kiểm tra lại đơn này,ProductPriceIntent,iPhone 16 giá bao nhiêu,ComplaintIntent,khiếu nại đơn này
1808,order_context,order_history,xem lịch sử đơn hàng,OrderStatusIntent,kiểm tra lại đơn này,ProductPriceIntent,iPhone 16 giá bao nhiêu,OrderDetailIntent,đơn này bao nhiêu tiền
1809,order_context,order_history,xem lịch sử đơn hàng,OrderStatusIntent,kiểm tra lại đơn này,ProductPriceIntent,iPhone 16 giá bao nhiêu,OrderStatusIntent,kiểm tra đơn này
1810,order_context,order_history,xem lịch sử đơn hàng,OrderStatusIntent,kiểm tra lại đơn này,ProductPriceIntent,iPhone 16 giá bao nhiêu,ShippingTrackingIntent,shipper tới chưa
1811,order_context,order_history,xem lịch sử đơn hàng,OrderStatusIntent,kiểm tra lại đơn này,ProductSearchIntent,tìm Samsung Galaxy S26 Ultra,OrderDetailIntent,xem chi tiết đơn này
1812,order_context,order_history,xem lịch sử đơn hàng,OrderStatusIntent,kiểm tra lại đơn này,ProductSearchIntent,tìm Samsung Galaxy S26 Ultra,OrderStatusIntent,đơn này đang ở đâu
1813,order_context,order_history,xem lịch sử đơn hàng,OrderStatusIntent,kiểm tra lại đơn này,ProductSearchIntent,tìm Samsung Galaxy S26 Ultra,ShippingTrackingIntent,đơn này giao tới đâu
1814,order_context,order_history,xem lịch sử đơn hàng,OrderStatusIntent,kiểm tra lại đơn này,ProductSearchIntent,tìm Samsung Galaxy S26 Ultra,OrderCancelIntent,hủy đơn này
1815,order_context,order_history,xem lịch sử đơn hàng,OrderStatusIntent,kiểm tra lại đơn này,ProductSearchIntent,tìm Samsung Galaxy S26 Ultra,OrderModifyIntent,sửa đơn này
1816,order_context,order_history,xem lịch sử đơn hàng,OrderStatusIntent,kiểm tra lại đơn này,ProductSearchIntent,tìm Samsung Galaxy S26 Ultra,RefundStatusIntent,hoàn tiền đơn này
1817,order_context,order_history,xem lịch sử đơn hàng,OrderStatusIntent,kiểm tra lại đơn này,ProductSearchIntent,tìm Samsung Galaxy S26 Ultra,ComplaintIntent,khiếu nại đơn này
1818,order_context,order_history,xem lịch sử đơn hàng,OrderStatusIntent,kiểm tra lại đơn này,ProductSearchIntent,tìm Samsung Galaxy S26 Ultra,OrderDetailIntent,đơn này bao nhiêu tiền
1819,order_context,order_history,xem lịch sử đơn hàng,OrderStatusIntent,kiểm tra lại đơn này,ProductSearchIntent,tìm Samsung Galaxy S26 Ultra,OrderStatusIntent,kiểm tra đơn này
1820,order_context,order_history,xem lịch sử đơn hàng,OrderStatusIntent,kiểm tra lại đơn này,ProductSearchIntent,tìm Samsung Galaxy S26 Ultra,ShippingTrackingIntent,shipper tới chưa
1821,order_context,order_history,xem lịch sử đơn hàng,OrderStatusIntent,kiểm tra lại đơn này,ProductRecommendationIntent,tư vấn điện thoại chụp ảnh,OrderDetailIntent,xem chi tiết đơn này
1822,order_context,order_history,xem lịch sử đơn hàng,OrderStatusIntent,kiểm tra lại đơn này,ProductRecommendationIntent,tư vấn điện thoại chụp ảnh,OrderStatusIntent,đơn này đang ở đâu
1823,order_context,order_history,xem lịch sử đơn hàng,OrderStatusIntent,kiểm tra lại đơn này,ProductRecommendationIntent,tư vấn điện thoại chụp ảnh,ShippingTrackingIntent,đơn này giao tới đâu
1824,order_context,order_history,xem lịch sử đơn hàng,OrderStatusIntent,kiểm tra lại đơn này,ProductRecommendationIntent,tư vấn điện thoại chụp ảnh,OrderCancelIntent,hủy đơn này
1825,order_context,order_history,xem lịch sử đơn hàng,OrderStatusIntent,kiểm tra lại đơn này,ProductRecommendationIntent,tư vấn điện thoại chụp ảnh,OrderModifyIntent,sửa đơn này
1826,order_context,order_history,xem lịch sử đơn hàng,OrderStatusIntent,kiểm tra lại đơn này,ProductRecommendationIntent,tư vấn điện thoại chụp ảnh,RefundStatusIntent,hoàn tiền đơn này
1827,order_context,order_history,xem lịch sử đơn hàng,OrderStatusIntent,kiểm tra lại đơn này,ProductRecommendationIntent,tư vấn điện thoại chụp ảnh,ComplaintIntent,khiếu nại đơn này
1828,order_context,order_history,xem lịch sử đơn hàng,OrderStatusIntent,kiểm tra lại đơn này,ProductRecommendationIntent,tư vấn điện thoại chụp ảnh,OrderDetailIntent,đơn này bao nhiêu tiền
1829,order_context,order_history,xem lịch sử đơn hàng,OrderStatusIntent,kiểm tra lại đơn này,ProductRecommendationIntent,tư vấn điện thoại chụp ảnh,OrderStatusIntent,kiểm tra đơn này
1830,order_context,order_history,xem lịch sử đơn hàng,OrderStatusIntent,kiểm tra lại đơn này,ProductRecommendationIntent,tư vấn điện thoại chụp ảnh,ShippingTrackingIntent,shipper tới chưa
1831,order_context,order_history,xem lịch sử đơn hàng,OrderStatusIntent,kiểm tra lại đơn này,StoreInfoIntent,shop mở cửa lúc mấy giờ,OrderDetailIntent,xem chi tiết đơn này
1832,order_context,order_history,xem lịch sử đơn hàng,OrderStatusIntent,kiểm tra lại đơn này,StoreInfoIntent,shop mở cửa lúc mấy giờ,OrderStatusIntent,đơn này đang ở đâu
1833,order_context,order_history,xem lịch sử đơn hàng,OrderStatusIntent,kiểm tra lại đơn này,StoreInfoIntent,shop mở cửa lúc mấy giờ,ShippingTrackingIntent,đơn này giao tới đâu
1834,order_context,order_history,xem lịch sử đơn hàng,OrderStatusIntent,kiểm tra lại đơn này,StoreInfoIntent,shop mở cửa lúc mấy giờ,OrderCancelIntent,hủy đơn này
1835,order_context,order_history,xem lịch sử đơn hàng,OrderStatusIntent,kiểm tra lại đơn này,StoreInfoIntent,shop mở cửa lúc mấy giờ,OrderModifyIntent,sửa đơn này
1836,order_context,order_history,xem lịch sử đơn hàng,OrderStatusIntent,kiểm tra lại đơn này,StoreInfoIntent,shop mở cửa lúc mấy giờ,RefundStatusIntent,hoàn tiền đơn này
1837,order_context,order_history,xem lịch sử đơn hàng,OrderStatusIntent,kiểm tra lại đơn này,StoreInfoIntent,shop mở cửa lúc mấy giờ,ComplaintIntent,khiếu nại đơn này
1838,order_context,order_history,xem lịch sử đơn hàng,OrderStatusIntent,kiểm tra lại đơn này,StoreInfoIntent,shop mở cửa lúc mấy giờ,OrderDetailIntent,đơn này bao nhiêu tiền
1839,order_context,order_history,xem lịch sử đơn hàng,OrderStatusIntent,kiểm tra lại đơn này,StoreInfoIntent,shop mở cửa lúc mấy giờ,OrderStatusIntent,kiểm tra đơn này
1840,order_context,order_history,xem lịch sử đơn hàng,OrderStatusIntent,kiểm tra lại đơn này,StoreInfoIntent,shop mở cửa lúc mấy giờ,ShippingTrackingIntent,shipper tới chưa
1841,order_context,order_history,xem lịch sử đơn hàng,OrderStatusIntent,kiểm tra lại đơn này,GreetingIntent,xin chào shop,OrderDetailIntent,xem chi tiết đơn này
1842,order_context,order_history,xem lịch sử đơn hàng,OrderStatusIntent,kiểm tra lại đơn này,GreetingIntent,xin chào shop,OrderStatusIntent,đơn này đang ở đâu
1843,order_context,order_history,xem lịch sử đơn hàng,OrderStatusIntent,kiểm tra lại đơn này,GreetingIntent,xin chào shop,ShippingTrackingIntent,đơn này giao tới đâu
1844,order_context,order_history,xem lịch sử đơn hàng,OrderStatusIntent,kiểm tra lại đơn này,GreetingIntent,xin chào shop,OrderCancelIntent,hủy đơn này
1845,order_context,order_history,xem lịch sử đơn hàng,OrderStatusIntent,kiểm tra lại đơn này,GreetingIntent,xin chào shop,OrderModifyIntent,sửa đơn này
1846,order_context,order_history,xem lịch sử đơn hàng,OrderStatusIntent,kiểm tra lại đơn này,GreetingIntent,xin chào shop,RefundStatusIntent,hoàn tiền đơn này
1847,order_context,order_history,xem lịch sử đơn hàng,OrderStatusIntent,kiểm tra lại đơn này,GreetingIntent,xin chào shop,ComplaintIntent,khiếu nại đơn này
1848,order_context,order_history,xem lịch sử đơn hàng,OrderStatusIntent,kiểm tra lại đơn này,GreetingIntent,xin chào shop,OrderDetailIntent,đơn này bao nhiêu tiền
1849,order_context,order_history,xem lịch sử đơn hàng,OrderStatusIntent,kiểm tra lại đơn này,GreetingIntent,xin chào shop,OrderStatusIntent,kiểm tra đơn này
1850,order_context,order_history,xem lịch sử đơn hàng,OrderStatusIntent,kiểm tra lại đơn này,GreetingIntent,xin chào shop,ShippingTrackingIntent,shipper tới chưa
1851,order_context,order_history,xem lịch sử đơn hàng,OrderStatusIntent,kiểm tra lại đơn này,FallbackIntent,kể cho tôi chuyện cổ tích,OrderDetailIntent,xem chi tiết đơn này
1852,order_context,order_history,xem lịch sử đơn hàng,OrderStatusIntent,kiểm tra lại đơn này,FallbackIntent,kể cho tôi chuyện cổ tích,OrderStatusIntent,đơn này đang ở đâu
1853,order_context,order_history,xem lịch sử đơn hàng,OrderStatusIntent,kiểm tra lại đơn này,FallbackIntent,kể cho tôi chuyện cổ tích,ShippingTrackingIntent,đơn này giao tới đâu
1854,order_context,order_history,xem lịch sử đơn hàng,OrderStatusIntent,kiểm tra lại đơn này,FallbackIntent,kể cho tôi chuyện cổ tích,OrderCancelIntent,hủy đơn này
1855,order_context,order_history,xem lịch sử đơn hàng,OrderStatusIntent,kiểm tra lại đơn này,FallbackIntent,kể cho tôi chuyện cổ tích,OrderModifyIntent,sửa đơn này
1856,order_context,order_history,xem lịch sử đơn hàng,OrderStatusIntent,kiểm tra lại đơn này,FallbackIntent,kể cho tôi chuyện cổ tích,RefundStatusIntent,hoàn tiền đơn này
1857,order_context,order_history,xem lịch sử đơn hàng,OrderStatusIntent,kiểm tra lại đơn này,FallbackIntent,kể cho tôi chuyện cổ tích,ComplaintIntent,khiếu nại đơn này
1858,order_context,order_history,xem lịch sử đơn hàng,OrderStatusIntent,kiểm tra lại đơn này,FallbackIntent,kể cho tôi chuyện cổ tích,OrderDetailIntent,đơn này bao nhiêu tiền
1859,order_context,order_history,xem lịch sử đơn hàng,OrderStatusIntent,kiểm tra lại đơn này,FallbackIntent,kể cho tôi chuyện cổ tích,OrderStatusIntent,kiểm tra đơn này
1860,order_context,order_history,xem lịch sử đơn hàng,OrderStatusIntent,kiểm tra lại đơn này,FallbackIntent,kể cho tôi chuyện cổ tích,ShippingTrackingIntent,shipper tới chưa
1861,order_context,order_history,xem lịch sử đơn hàng,OrderStatusIntent,kiểm tra lại đơn này,ShippingPolicyIntent,phí ship bao nhiêu,OrderDetailIntent,xem chi tiết đơn này
1862,order_context,order_history,xem lịch sử đơn hàng,OrderStatusIntent,kiểm tra lại đơn này,ShippingPolicyIntent,phí ship bao nhiêu,OrderStatusIntent,đơn này đang ở đâu
1863,order_context,order_history,xem lịch sử đơn hàng,OrderStatusIntent,kiểm tra lại đơn này,ShippingPolicyIntent,phí ship bao nhiêu,ShippingTrackingIntent,đơn này giao tới đâu
1864,order_context,order_history,xem lịch sử đơn hàng,OrderStatusIntent,kiểm tra lại đơn này,ShippingPolicyIntent,phí ship bao nhiêu,OrderCancelIntent,hủy đơn này
1865,order_context,order_history,xem lịch sử đơn hàng,OrderStatusIntent,kiểm tra lại đơn này,ShippingPolicyIntent,phí ship bao nhiêu,OrderModifyIntent,sửa đơn này
1866,order_context,order_history,xem lịch sử đơn hàng,OrderStatusIntent,kiểm tra lại đơn này,ShippingPolicyIntent,phí ship bao nhiêu,RefundStatusIntent,hoàn tiền đơn này
1867,order_context,order_history,xem lịch sử đơn hàng,OrderStatusIntent,kiểm tra lại đơn này,ShippingPolicyIntent,phí ship bao nhiêu,ComplaintIntent,khiếu nại đơn này
1868,order_context,order_history,xem lịch sử đơn hàng,OrderStatusIntent,kiểm tra lại đơn này,ShippingPolicyIntent,phí ship bao nhiêu,OrderDetailIntent,đơn này bao nhiêu tiền
1869,order_context,order_history,xem lịch sử đơn hàng,OrderStatusIntent,kiểm tra lại đơn này,ShippingPolicyIntent,phí ship bao nhiêu,OrderStatusIntent,kiểm tra đơn này
1870,order_context,order_history,xem lịch sử đơn hàng,OrderStatusIntent,kiểm tra lại đơn này,ShippingPolicyIntent,phí ship bao nhiêu,ShippingTrackingIntent,shipper tới chưa
1871,order_context,order_history,xem lịch sử đơn hàng,OrderStatusIntent,kiểm tra lại đơn này,PaymentMethodIntent,shop có nhận momo không,OrderDetailIntent,xem chi tiết đơn này
1872,order_context,order_history,xem lịch sử đơn hàng,OrderStatusIntent,kiểm tra lại đơn này,PaymentMethodIntent,shop có nhận momo không,OrderStatusIntent,đơn này đang ở đâu
1873,order_context,order_history,xem lịch sử đơn hàng,OrderStatusIntent,kiểm tra lại đơn này,PaymentMethodIntent,shop có nhận momo không,ShippingTrackingIntent,đơn này giao tới đâu
1874,order_context,order_history,xem lịch sử đơn hàng,OrderStatusIntent,kiểm tra lại đơn này,PaymentMethodIntent,shop có nhận momo không,OrderCancelIntent,hủy đơn này
1875,order_context,order_history,xem lịch sử đơn hàng,OrderStatusIntent,kiểm tra lại đơn này,PaymentMethodIntent,shop có nhận momo không,OrderModifyIntent,sửa đơn này
1876,order_context,order_history,xem lịch sử đơn hàng,OrderStatusIntent,kiểm tra lại đơn này,PaymentMethodIntent,shop có nhận momo không,RefundStatusIntent,hoàn tiền đơn này
1877,order_context,order_history,xem lịch sử đơn hàng,OrderStatusIntent,kiểm tra lại đơn này,PaymentMethodIntent,shop có nhận momo không,ComplaintIntent,khiếu nại đơn này
1878,order_context,order_history,xem lịch sử đơn hàng,OrderStatusIntent,kiểm tra lại đơn này,PaymentMethodIntent,shop có nhận momo không,OrderDetailIntent,đơn này bao nhiêu tiền
1879,order_context,order_history,xem lịch sử đơn hàng,OrderStatusIntent,kiểm tra lại đơn này,PaymentMethodIntent,shop có nhận momo không,OrderStatusIntent,kiểm tra đơn này
1880,order_context,order_history,xem lịch sử đơn hàng,OrderStatusIntent,kiểm tra lại đơn này,PaymentMethodIntent,shop có nhận momo không,ShippingTrackingIntent,shipper tới chưa
1881,order_context,order_history,xem lịch sử đơn hàng,OrderStatusIntent,kiểm tra lại đơn này,CartViewIntent,xem giỏ hàng,OrderDetailIntent,xem chi tiết đơn này
1882,order_context,order_history,xem lịch sử đơn hàng,OrderStatusIntent,kiểm tra lại đơn này,CartViewIntent,xem giỏ hàng,OrderStatusIntent,đơn này đang ở đâu
1883,order_context,order_history,xem lịch sử đơn hàng,OrderStatusIntent,kiểm tra lại đơn này,CartViewIntent,xem giỏ hàng,ShippingTrackingIntent,đơn này giao tới đâu
1884,order_context,order_history,xem lịch sử đơn hàng,OrderStatusIntent,kiểm tra lại đơn này,CartViewIntent,xem giỏ hàng,OrderCancelIntent,hủy đơn này
1885,order_context,order_history,xem lịch sử đơn hàng,OrderStatusIntent,kiểm tra lại đơn này,CartViewIntent,xem giỏ hàng,OrderModifyIntent,sửa đơn này
1886,order_context,order_history,xem lịch sử đơn hàng,OrderStatusIntent,kiểm tra lại đơn này,CartViewIntent,xem giỏ hàng,RefundStatusIntent,hoàn tiền đơn này
1887,order_context,order_history,xem lịch sử đơn hàng,OrderStatusIntent,kiểm tra lại đơn này,CartViewIntent,xem giỏ hàng,ComplaintIntent,khiếu nại đơn này
1888,order_context,order_history,xem lịch sử đơn hàng,OrderStatusIntent,kiểm tra lại đơn này,CartViewIntent,xem giỏ hàng,OrderDetailIntent,đơn này bao nhiêu tiền
1889,order_context,order_history,xem lịch sử đơn hàng,OrderStatusIntent,kiểm tra lại đơn này,CartViewIntent,xem giỏ hàng,OrderStatusIntent,kiểm tra đơn này
1890,order_context,order_history,xem lịch sử đơn hàng,OrderStatusIntent,kiểm tra lại đơn này,CartViewIntent,xem giỏ hàng,ShippingTrackingIntent,shipper tới chưa
1891,order_context,order_history,xem lịch sử đơn hàng,OrderStatusIntent,kiểm tra lại đơn này,WarrantyPolicyIntent,chính sách bảo hành thế nào,OrderDetailIntent,xem chi tiết đơn này
1892,order_context,order_history,xem lịch sử đơn hàng,OrderStatusIntent,kiểm tra lại đơn này,WarrantyPolicyIntent,chính sách bảo hành thế nào,OrderStatusIntent,đơn này đang ở đâu
1893,order_context,order_history,xem lịch sử đơn hàng,OrderStatusIntent,kiểm tra lại đơn này,WarrantyPolicyIntent,chính sách bảo hành thế nào,ShippingTrackingIntent,đơn này giao tới đâu
1894,order_context,order_history,xem lịch sử đơn hàng,OrderStatusIntent,kiểm tra lại đơn này,WarrantyPolicyIntent,chính sách bảo hành thế nào,OrderCancelIntent,hủy đơn này
1895,order_context,order_history,xem lịch sử đơn hàng,OrderStatusIntent,kiểm tra lại đơn này,WarrantyPolicyIntent,chính sách bảo hành thế nào,OrderModifyIntent,sửa đơn này
1896,order_context,order_history,xem lịch sử đơn hàng,OrderStatusIntent,kiểm tra lại đơn này,WarrantyPolicyIntent,chính sách bảo hành thế nào,RefundStatusIntent,hoàn tiền đơn này
1897,order_context,order_history,xem lịch sử đơn hàng,OrderStatusIntent,kiểm tra lại đơn này,WarrantyPolicyIntent,chính sách bảo hành thế nào,ComplaintIntent,khiếu nại đơn này
1898,order_context,order_history,xem lịch sử đơn hàng,OrderStatusIntent,kiểm tra lại đơn này,WarrantyPolicyIntent,chính sách bảo hành thế nào,OrderDetailIntent,đơn này bao nhiêu tiền
1899,order_context,order_history,xem lịch sử đơn hàng,OrderStatusIntent,kiểm tra lại đơn này,WarrantyPolicyIntent,chính sách bảo hành thế nào,OrderStatusIntent,kiểm tra đơn này
1900,order_context,order_history,xem lịch sử đơn hàng,OrderStatusIntent,kiểm tra lại đơn này,WarrantyPolicyIntent,chính sách bảo hành thế nào,ShippingTrackingIntent,shipper tới chưa
1901,order_context,order_history,xem lịch sử đơn hàng,ShippingTrackingIntent,shipper của đơn này tới chưa,ProductPriceIntent,iPhone 16 giá bao nhiêu,OrderDetailIntent,xem chi tiết đơn này
1902,order_context,order_history,xem lịch sử đơn hàng,ShippingTrackingIntent,shipper của đơn này tới chưa,ProductPriceIntent,iPhone 16 giá bao nhiêu,OrderStatusIntent,đơn này đang ở đâu
1903,order_context,order_history,xem lịch sử đơn hàng,ShippingTrackingIntent,shipper của đơn này tới chưa,ProductPriceIntent,iPhone 16 giá bao nhiêu,ShippingTrackingIntent,đơn này giao tới đâu
1904,order_context,order_history,xem lịch sử đơn hàng,ShippingTrackingIntent,shipper của đơn này tới chưa,ProductPriceIntent,iPhone 16 giá bao nhiêu,OrderCancelIntent,hủy đơn này
1905,order_context,order_history,xem lịch sử đơn hàng,ShippingTrackingIntent,shipper của đơn này tới chưa,ProductPriceIntent,iPhone 16 giá bao nhiêu,OrderModifyIntent,sửa đơn này
1906,order_context,order_history,xem lịch sử đơn hàng,ShippingTrackingIntent,shipper của đơn này tới chưa,ProductPriceIntent,iPhone 16 giá bao nhiêu,RefundStatusIntent,hoàn tiền đơn này
1907,order_context,order_history,xem lịch sử đơn hàng,ShippingTrackingIntent,shipper của đơn này tới chưa,ProductPriceIntent,iPhone 16 giá bao nhiêu,ComplaintIntent,khiếu nại đơn này
1908,order_context,order_history,xem lịch sử đơn hàng,ShippingTrackingIntent,shipper của đơn này tới chưa,ProductPriceIntent,iPhone 16 giá bao nhiêu,OrderDetailIntent,đơn này bao nhiêu tiền
1909,order_context,order_history,xem lịch sử đơn hàng,ShippingTrackingIntent,shipper của đơn này tới chưa,ProductPriceIntent,iPhone 16 giá bao nhiêu,OrderStatusIntent,kiểm tra đơn này
1910,order_context,order_history,xem lịch sử đơn hàng,ShippingTrackingIntent,shipper của đơn này tới chưa,ProductPriceIntent,iPhone 16 giá bao nhiêu,ShippingTrackingIntent,shipper tới chưa
1911,order_context,order_history,xem lịch sử đơn hàng,ShippingTrackingIntent,shipper của đơn này tới chưa,ProductSearchIntent,tìm Samsung Galaxy S26 Ultra,OrderDetailIntent,xem chi tiết đơn này
1912,order_context,order_history,xem lịch sử đơn hàng,ShippingTrackingIntent,shipper của đơn này tới chưa,ProductSearchIntent,tìm Samsung Galaxy S26 Ultra,OrderStatusIntent,đơn này đang ở đâu
1913,order_context,order_history,xem lịch sử đơn hàng,ShippingTrackingIntent,shipper của đơn này tới chưa,ProductSearchIntent,tìm Samsung Galaxy S26 Ultra,ShippingTrackingIntent,đơn này giao tới đâu
1914,order_context,order_history,xem lịch sử đơn hàng,ShippingTrackingIntent,shipper của đơn này tới chưa,ProductSearchIntent,tìm Samsung Galaxy S26 Ultra,OrderCancelIntent,hủy đơn này
1915,order_context,order_history,xem lịch sử đơn hàng,ShippingTrackingIntent,shipper của đơn này tới chưa,ProductSearchIntent,tìm Samsung Galaxy S26 Ultra,OrderModifyIntent,sửa đơn này
1916,order_context,order_history,xem lịch sử đơn hàng,ShippingTrackingIntent,shipper của đơn này tới chưa,ProductSearchIntent,tìm Samsung Galaxy S26 Ultra,RefundStatusIntent,hoàn tiền đơn này
1917,order_context,order_history,xem lịch sử đơn hàng,ShippingTrackingIntent,shipper của đơn này tới chưa,ProductSearchIntent,tìm Samsung Galaxy S26 Ultra,ComplaintIntent,khiếu nại đơn này
1918,order_context,order_history,xem lịch sử đơn hàng,ShippingTrackingIntent,shipper của đơn này tới chưa,ProductSearchIntent,tìm Samsung Galaxy S26 Ultra,OrderDetailIntent,đơn này bao nhiêu tiền
1919,order_context,order_history,xem lịch sử đơn hàng,ShippingTrackingIntent,shipper của đơn này tới chưa,ProductSearchIntent,tìm Samsung Galaxy S26 Ultra,OrderStatusIntent,kiểm tra đơn này
1920,order_context,order_history,xem lịch sử đơn hàng,ShippingTrackingIntent,shipper của đơn này tới chưa,ProductSearchIntent,tìm Samsung Galaxy S26 Ultra,ShippingTrackingIntent,shipper tới chưa
1921,order_context,order_history,xem lịch sử đơn hàng,ShippingTrackingIntent,shipper của đơn này tới chưa,ProductRecommendationIntent,tư vấn điện thoại chụp ảnh,OrderDetailIntent,xem chi tiết đơn này
1922,order_context,order_history,xem lịch sử đơn hàng,ShippingTrackingIntent,shipper của đơn này tới chưa,ProductRecommendationIntent,tư vấn điện thoại chụp ảnh,OrderStatusIntent,đơn này đang ở đâu
1923,order_context,order_history,xem lịch sử đơn hàng,ShippingTrackingIntent,shipper của đơn này tới chưa,ProductRecommendationIntent,tư vấn điện thoại chụp ảnh,ShippingTrackingIntent,đơn này giao tới đâu
1924,order_context,order_history,xem lịch sử đơn hàng,ShippingTrackingIntent,shipper của đơn này tới chưa,ProductRecommendationIntent,tư vấn điện thoại chụp ảnh,OrderCancelIntent,hủy đơn này
1925,order_context,order_history,xem lịch sử đơn hàng,ShippingTrackingIntent,shipper của đơn này tới chưa,ProductRecommendationIntent,tư vấn điện thoại chụp ảnh,OrderModifyIntent,sửa đơn này
1926,order_context,order_history,xem lịch sử đơn hàng,ShippingTrackingIntent,shipper của đơn này tới chưa,ProductRecommendationIntent,tư vấn điện thoại chụp ảnh,RefundStatusIntent,hoàn tiền đơn này
1927,order_context,order_history,xem lịch sử đơn hàng,ShippingTrackingIntent,shipper của đơn này tới chưa,ProductRecommendationIntent,tư vấn điện thoại chụp ảnh,ComplaintIntent,khiếu nại đơn này
1928,order_context,order_history,xem lịch sử đơn hàng,ShippingTrackingIntent,shipper của đơn này tới chưa,ProductRecommendationIntent,tư vấn điện thoại chụp ảnh,OrderDetailIntent,đơn này bao nhiêu tiền
1929,order_context,order_history,xem lịch sử đơn hàng,ShippingTrackingIntent,shipper của đơn này tới chưa,ProductRecommendationIntent,tư vấn điện thoại chụp ảnh,OrderStatusIntent,kiểm tra đơn này
1930,order_context,order_history,xem lịch sử đơn hàng,ShippingTrackingIntent,shipper của đơn này tới chưa,ProductRecommendationIntent,tư vấn điện thoại chụp ảnh,ShippingTrackingIntent,shipper tới chưa
1931,order_context,order_history,xem lịch sử đơn hàng,ShippingTrackingIntent,shipper của đơn này tới chưa,StoreInfoIntent,shop mở cửa lúc mấy giờ,OrderDetailIntent,xem chi tiết đơn này
1932,order_context,order_history,xem lịch sử đơn hàng,ShippingTrackingIntent,shipper của đơn này tới chưa,StoreInfoIntent,shop mở cửa lúc mấy giờ,OrderStatusIntent,đơn này đang ở đâu
1933,order_context,order_history,xem lịch sử đơn hàng,ShippingTrackingIntent,shipper của đơn này tới chưa,StoreInfoIntent,shop mở cửa lúc mấy giờ,ShippingTrackingIntent,đơn này giao tới đâu
1934,order_context,order_history,xem lịch sử đơn hàng,ShippingTrackingIntent,shipper của đơn này tới chưa,StoreInfoIntent,shop mở cửa lúc mấy giờ,OrderCancelIntent,hủy đơn này
1935,order_context,order_history,xem lịch sử đơn hàng,ShippingTrackingIntent,shipper của đơn này tới chưa,StoreInfoIntent,shop mở cửa lúc mấy giờ,OrderModifyIntent,sửa đơn này
1936,order_context,order_history,xem lịch sử đơn hàng,ShippingTrackingIntent,shipper của đơn này tới chưa,StoreInfoIntent,shop mở cửa lúc mấy giờ,RefundStatusIntent,hoàn tiền đơn này
1937,order_context,order_history,xem lịch sử đơn hàng,ShippingTrackingIntent,shipper của đơn này tới chưa,StoreInfoIntent,shop mở cửa lúc mấy giờ,ComplaintIntent,khiếu nại đơn này
1938,order_context,order_history,xem lịch sử đơn hàng,ShippingTrackingIntent,shipper của đơn này tới chưa,StoreInfoIntent,shop mở cửa lúc mấy giờ,OrderDetailIntent,đơn này bao nhiêu tiền
1939,order_context,order_history,xem lịch sử đơn hàng,ShippingTrackingIntent,shipper của đơn này tới chưa,StoreInfoIntent,shop mở cửa lúc mấy giờ,OrderStatusIntent,kiểm tra đơn này
1940,order_context,order_history,xem lịch sử đơn hàng,ShippingTrackingIntent,shipper của đơn này tới chưa,StoreInfoIntent,shop mở cửa lúc mấy giờ,ShippingTrackingIntent,shipper tới chưa
1941,order_context,order_history,xem lịch sử đơn hàng,ShippingTrackingIntent,shipper của đơn này tới chưa,GreetingIntent,xin chào shop,OrderDetailIntent,xem chi tiết đơn này
1942,order_context,order_history,xem lịch sử đơn hàng,ShippingTrackingIntent,shipper của đơn này tới chưa,GreetingIntent,xin chào shop,OrderStatusIntent,đơn này đang ở đâu
1943,order_context,order_history,xem lịch sử đơn hàng,ShippingTrackingIntent,shipper của đơn này tới chưa,GreetingIntent,xin chào shop,ShippingTrackingIntent,đơn này giao tới đâu
1944,order_context,order_history,xem lịch sử đơn hàng,ShippingTrackingIntent,shipper của đơn này tới chưa,GreetingIntent,xin chào shop,OrderCancelIntent,hủy đơn này
1945,order_context,order_history,xem lịch sử đơn hàng,ShippingTrackingIntent,shipper của đơn này tới chưa,GreetingIntent,xin chào shop,OrderModifyIntent,sửa đơn này
1946,order_context,order_history,xem lịch sử đơn hàng,ShippingTrackingIntent,shipper của đơn này tới chưa,GreetingIntent,xin chào shop,RefundStatusIntent,hoàn tiền đơn này
1947,order_context,order_history,xem lịch sử đơn hàng,ShippingTrackingIntent,shipper của đơn này tới chưa,GreetingIntent,xin chào shop,ComplaintIntent,khiếu nại đơn này
1948,order_context,order_history,xem lịch sử đơn hàng,ShippingTrackingIntent,shipper của đơn này tới chưa,GreetingIntent,xin chào shop,OrderDetailIntent,đơn này bao nhiêu tiền
1949,order_context,order_history,xem lịch sử đơn hàng,ShippingTrackingIntent,shipper của đơn này tới chưa,GreetingIntent,xin chào shop,OrderStatusIntent,kiểm tra đơn này
1950,order_context,order_history,xem lịch sử đơn hàng,ShippingTrackingIntent,shipper của đơn này tới chưa,GreetingIntent,xin chào shop,ShippingTrackingIntent,shipper tới chưa
1951,order_context,order_history,xem lịch sử đơn hàng,ShippingTrackingIntent,shipper của đơn này tới chưa,FallbackIntent,kể cho tôi chuyện cổ tích,OrderDetailIntent,xem chi tiết đơn này
1952,order_context,order_history,xem lịch sử đơn hàng,ShippingTrackingIntent,shipper của đơn này tới chưa,FallbackIntent,kể cho tôi chuyện cổ tích,OrderStatusIntent,đơn này đang ở đâu
1953,order_context,order_history,xem lịch sử đơn hàng,ShippingTrackingIntent,shipper của đơn này tới chưa,FallbackIntent,kể cho tôi chuyện cổ tích,ShippingTrackingIntent,đơn này giao tới đâu
1954,order_context,order_history,xem lịch sử đơn hàng,ShippingTrackingIntent,shipper của đơn này tới chưa,FallbackIntent,kể cho tôi chuyện cổ tích,OrderCancelIntent,hủy đơn này
1955,order_context,order_history,xem lịch sử đơn hàng,ShippingTrackingIntent,shipper của đơn này tới chưa,FallbackIntent,kể cho tôi chuyện cổ tích,OrderModifyIntent,sửa đơn này
1956,order_context,order_history,xem lịch sử đơn hàng,ShippingTrackingIntent,shipper của đơn này tới chưa,FallbackIntent,kể cho tôi chuyện cổ tích,RefundStatusIntent,hoàn tiền đơn này
1957,order_context,order_history,xem lịch sử đơn hàng,ShippingTrackingIntent,shipper của đơn này tới chưa,FallbackIntent,kể cho tôi chuyện cổ tích,ComplaintIntent,khiếu nại đơn này
1958,order_context,order_history,xem lịch sử đơn hàng,ShippingTrackingIntent,shipper của đơn này tới chưa,FallbackIntent,kể cho tôi chuyện cổ tích,OrderDetailIntent,đơn này bao nhiêu tiền
1959,order_context,order_history,xem lịch sử đơn hàng,ShippingTrackingIntent,shipper của đơn này tới chưa,FallbackIntent,kể cho tôi chuyện cổ tích,OrderStatusIntent,kiểm tra đơn này
1960,order_context,order_history,xem lịch sử đơn hàng,ShippingTrackingIntent,shipper của đơn này tới chưa,FallbackIntent,kể cho tôi chuyện cổ tích,ShippingTrackingIntent,shipper tới chưa
1961,order_context,order_history,xem lịch sử đơn hàng,ShippingTrackingIntent,shipper của đơn này tới chưa,ShippingPolicyIntent,phí ship bao nhiêu,OrderDetailIntent,xem chi tiết đơn này
1962,order_context,order_history,xem lịch sử đơn hàng,ShippingTrackingIntent,shipper của đơn này tới chưa,ShippingPolicyIntent,phí ship bao nhiêu,OrderStatusIntent,đơn này đang ở đâu
1963,order_context,order_history,xem lịch sử đơn hàng,ShippingTrackingIntent,shipper của đơn này tới chưa,ShippingPolicyIntent,phí ship bao nhiêu,ShippingTrackingIntent,đơn này giao tới đâu
1964,order_context,order_history,xem lịch sử đơn hàng,ShippingTrackingIntent,shipper của đơn này tới chưa,ShippingPolicyIntent,phí ship bao nhiêu,OrderCancelIntent,hủy đơn này
1965,order_context,order_history,xem lịch sử đơn hàng,ShippingTrackingIntent,shipper của đơn này tới chưa,ShippingPolicyIntent,phí ship bao nhiêu,OrderModifyIntent,sửa đơn này
1966,order_context,order_history,xem lịch sử đơn hàng,ShippingTrackingIntent,shipper của đơn này tới chưa,ShippingPolicyIntent,phí ship bao nhiêu,RefundStatusIntent,hoàn tiền đơn này
1967,order_context,order_history,xem lịch sử đơn hàng,ShippingTrackingIntent,shipper của đơn này tới chưa,ShippingPolicyIntent,phí ship bao nhiêu,ComplaintIntent,khiếu nại đơn này
1968,order_context,order_history,xem lịch sử đơn hàng,ShippingTrackingIntent,shipper của đơn này tới chưa,ShippingPolicyIntent,phí ship bao nhiêu,OrderDetailIntent,đơn này bao nhiêu tiền
1969,order_context,order_history,xem lịch sử đơn hàng,ShippingTrackingIntent,shipper của đơn này tới chưa,ShippingPolicyIntent,phí ship bao nhiêu,OrderStatusIntent,kiểm tra đơn này
1970,order_context,order_history,xem lịch sử đơn hàng,ShippingTrackingIntent,shipper của đơn này tới chưa,ShippingPolicyIntent,phí ship bao nhiêu,ShippingTrackingIntent,shipper tới chưa
1971,order_context,order_history,xem lịch sử đơn hàng,ShippingTrackingIntent,shipper của đơn này tới chưa,PaymentMethodIntent,shop có nhận momo không,OrderDetailIntent,xem chi tiết đơn này
1972,order_context,order_history,xem lịch sử đơn hàng,ShippingTrackingIntent,shipper của đơn này tới chưa,PaymentMethodIntent,shop có nhận momo không,OrderStatusIntent,đơn này đang ở đâu
1973,order_context,order_history,xem lịch sử đơn hàng,ShippingTrackingIntent,shipper của đơn này tới chưa,PaymentMethodIntent,shop có nhận momo không,ShippingTrackingIntent,đơn này giao tới đâu
1974,order_context,order_history,xem lịch sử đơn hàng,ShippingTrackingIntent,shipper của đơn này tới chưa,PaymentMethodIntent,shop có nhận momo không,OrderCancelIntent,hủy đơn này
1975,order_context,order_history,xem lịch sử đơn hàng,ShippingTrackingIntent,shipper của đơn này tới chưa,PaymentMethodIntent,shop có nhận momo không,OrderModifyIntent,sửa đơn này
1976,order_context,order_history,xem lịch sử đơn hàng,ShippingTrackingIntent,shipper của đơn này tới chưa,PaymentMethodIntent,shop có nhận momo không,RefundStatusIntent,hoàn tiền đơn này
1977,order_context,order_history,xem lịch sử đơn hàng,ShippingTrackingIntent,shipper của đơn này tới chưa,PaymentMethodIntent,shop có nhận momo không,ComplaintIntent,khiếu nại đơn này
1978,order_context,order_history,xem lịch sử đơn hàng,ShippingTrackingIntent,shipper của đơn này tới chưa,PaymentMethodIntent,shop có nhận momo không,OrderDetailIntent,đơn này bao nhiêu tiền
1979,order_context,order_history,xem lịch sử đơn hàng,ShippingTrackingIntent,shipper của đơn này tới chưa,PaymentMethodIntent,shop có nhận momo không,OrderStatusIntent,kiểm tra đơn này
1980,order_context,order_history,xem lịch sử đơn hàng,ShippingTrackingIntent,shipper của đơn này tới chưa,PaymentMethodIntent,shop có nhận momo không,ShippingTrackingIntent,shipper tới chưa
1981,order_context,order_history,xem lịch sử đơn hàng,ShippingTrackingIntent,shipper của đơn này tới chưa,CartViewIntent,xem giỏ hàng,OrderDetailIntent,xem chi tiết đơn này
1982,order_context,order_history,xem lịch sử đơn hàng,ShippingTrackingIntent,shipper của đơn này tới chưa,CartViewIntent,xem giỏ hàng,OrderStatusIntent,đơn này đang ở đâu
1983,order_context,order_history,xem lịch sử đơn hàng,ShippingTrackingIntent,shipper của đơn này tới chưa,CartViewIntent,xem giỏ hàng,ShippingTrackingIntent,đơn này giao tới đâu
1984,order_context,order_history,xem lịch sử đơn hàng,ShippingTrackingIntent,shipper của đơn này tới chưa,CartViewIntent,xem giỏ hàng,OrderCancelIntent,hủy đơn này
1985,order_context,order_history,xem lịch sử đơn hàng,ShippingTrackingIntent,shipper của đơn này tới chưa,CartViewIntent,xem giỏ hàng,OrderModifyIntent,sửa đơn này
1986,order_context,order_history,xem lịch sử đơn hàng,ShippingTrackingIntent,shipper của đơn này tới chưa,CartViewIntent,xem giỏ hàng,RefundStatusIntent,hoàn tiền đơn này
1987,order_context,order_history,xem lịch sử đơn hàng,ShippingTrackingIntent,shipper của đơn này tới chưa,CartViewIntent,xem giỏ hàng,ComplaintIntent,khiếu nại đơn này
1988,order_context,order_history,xem lịch sử đơn hàng,ShippingTrackingIntent,shipper của đơn này tới chưa,CartViewIntent,xem giỏ hàng,OrderDetailIntent,đơn này bao nhiêu tiền
1989,order_context,order_history,xem lịch sử đơn hàng,ShippingTrackingIntent,shipper của đơn này tới chưa,CartViewIntent,xem giỏ hàng,OrderStatusIntent,kiểm tra đơn này
1990,order_context,order_history,xem lịch sử đơn hàng,ShippingTrackingIntent,shipper của đơn này tới chưa,CartViewIntent,xem giỏ hàng,ShippingTrackingIntent,shipper tới chưa
1991,order_context,order_history,xem lịch sử đơn hàng,ShippingTrackingIntent,shipper của đơn này tới chưa,WarrantyPolicyIntent,chính sách bảo hành thế nào,OrderDetailIntent,xem chi tiết đơn này
1992,order_context,order_history,xem lịch sử đơn hàng,ShippingTrackingIntent,shipper của đơn này tới chưa,WarrantyPolicyIntent,chính sách bảo hành thế nào,OrderStatusIntent,đơn này đang ở đâu
1993,order_context,order_history,xem lịch sử đơn hàng,ShippingTrackingIntent,shipper của đơn này tới chưa,WarrantyPolicyIntent,chính sách bảo hành thế nào,ShippingTrackingIntent,đơn này giao tới đâu
1994,order_context,order_history,xem lịch sử đơn hàng,ShippingTrackingIntent,shipper của đơn này tới chưa,WarrantyPolicyIntent,chính sách bảo hành thế nào,OrderCancelIntent,hủy đơn này
1995,order_context,order_history,xem lịch sử đơn hàng,ShippingTrackingIntent,shipper của đơn này tới chưa,WarrantyPolicyIntent,chính sách bảo hành thế nào,OrderModifyIntent,sửa đơn này
1996,order_context,order_history,xem lịch sử đơn hàng,ShippingTrackingIntent,shipper của đơn này tới chưa,WarrantyPolicyIntent,chính sách bảo hành thế nào,RefundStatusIntent,hoàn tiền đơn này
1997,order_context,order_history,xem lịch sử đơn hàng,ShippingTrackingIntent,shipper của đơn này tới chưa,WarrantyPolicyIntent,chính sách bảo hành thế nào,ComplaintIntent,khiếu nại đơn này
1998,order_context,order_history,xem lịch sử đơn hàng,ShippingTrackingIntent,shipper của đơn này tới chưa,WarrantyPolicyIntent,chính sách bảo hành thế nào,OrderDetailIntent,đơn này bao nhiêu tiền
1999,order_context,order_history,xem lịch sử đơn hàng,ShippingTrackingIntent,shipper của đơn này tới chưa,WarrantyPolicyIntent,chính sách bảo hành thế nào,OrderStatusIntent,kiểm tra đơn này
2000,order_context,order_history,xem lịch sử đơn hàng,ShippingTrackingIntent,shipper của đơn này tới chưa,WarrantyPolicyIntent,chính sách bảo hành thế nào,ShippingTrackingIntent,shipper tới chưa
