Product Id,Product Handle,Product Title,Product Subtitle,Product Description,Product Status,Product Thumbnail,Product Weight,Product Length,Product Width,Product Height,Product HS Code,Product Origin Country,Product MID Code,Product Material,Shipping Profile Id,Product Sales Channel 1,Product Collection Id,Product Type Id,Product Tag 1,Product Discountable,Product External Id,Variant Id,Variant Title,Variant SKU,Variant Barcode,Variant Allow Backorder,Variant Manage Inventory,Variant Weight,Variant Length,Variant Width,Variant Height,Variant HS Code,Variant Origin Country,Variant MID Code,Variant Material,Variant Price EUR,Variant Price USD,Variant Option 1 Name,Variant Option 1 Value,Product Image 1 Url,Product Image 2 Url
,black-essential-tee-001,Black Essential Tee,Black / Cotton,Everyday cotton T-shirt with a clean regular fit. Color: Black. Made from cotton. Designed for modern everyday outfits.,published,https://medusa-public-images.s3.eu-west-1.amazonaws.com/tee-black-front.png,320,31,25,4,6109,VN,,Cotton,,,,,clothing,TRUE,EXT-0001,,S,BLAESSTEE001-S,8930000000010,FALSE,TRUE,320,31,25,4,6109,VN,,Cotton,24.0,29,Size,S,https://medusa-public-images.s3.eu-west-1.amazonaws.com/tee-black-front.png,https://medusa-public-images.s3.eu-west-1.amazonaws.com/tee-black-back.png
,black-essential-tee-001,Black Essential Tee,Black / Cotton,Everyday cotton T-shirt with a clean regular fit. Color: Black. Made from cotton. Designed for modern everyday outfits.,published,https://medusa-public-images.s3.eu-west-1.amazonaws.com/tee-black-front.png,320,31,25,4,6109,VN,,Cotton,,,,,clothing,TRUE,EXT-0001,,M,BLAESSTEE001-M,8930000000011,FALSE,TRUE,332,31,25,4,6109,VN,,Cotton,25.5,31,Size,M,https://medusa-public-images.s3.eu-west-1.amazonaws.com/tee-black-front.png,https://medusa-public-images.s3.eu-west-1.amazonaws.com/tee-black-back.png
,black-essential-tee-001,Black Essential Tee,Black / Cotton,Everyday cotton T-shirt with a clean regular fit. Color: Black. Made from cotton. Designed for modern everyday outfits.,published,https://medusa-public-images.s3.eu-west-1.amazonaws.com/tee-black-front.png,320,31,25,4,6109,VN,,Cotton,,,,,clothing,TRUE,EXT-0001,,L,BLAESSTEE001-L,8930000000012,FALSE,TRUE,344,31,25,4,6109,VN,,Cotton,27.0,33,Size,L,https://medusa-public-images.s3.eu-west-1.amazonaws.com/tee-black-front.png,https://medusa-public-images.s3.eu-west-1.amazonaws.com/tee-black-back.png
,black-essential-tee-001,Black Essential Tee,Black / Cotton,Everyday cotton T-shirt with a clean regular fit. Color: Black. Made from cotton. Designed for modern everyday outfits.,published,https://medusa-public-images.s3.eu-west-1.amazonaws.com/tee-black-front.png,320,31,25,4,6109,VN,,Cotton,,,,,clothing,TRUE,EXT-0001,,XL,BLAESSTEE001-XL,8930000000013,FALSE,TRUE,356,31,25,4,6109,VN,,Cotton,28.5,35,Size,XL,https://medusa-public-images.s3.eu-west-1.amazonaws.com/tee-black-front.png,https://medusa-public-images.s3.eu-west-1.amazonaws.com/tee-black-back.png
,white-classic-tee-002,White Classic Tee,White / Cotton jersey,Soft jersey T-shirt designed for daily wear. Color: White. Made from cotton jersey. Designed for modern everyday outfits.,published,https://medusa-public-images.s3.eu-west-1.amazonaws.com/tee-white-front.png,330,32,26,5,6109,PT,,Cotton jersey,,,,,clothing,TRUE,EXT-0002,,S,WHICLATEE002-S,8930000000020,FALSE,TRUE,330,32,26,5,6109,PT,,Cotton jersey,22.0,27,Size,S,https://medusa-public-images.s3.eu-west-1.amazonaws.com/tee-white-front.png,https://medusa-public-images.s3.eu-west-1.amazonaws.com/tee-white-back.png
,white-classic-tee-002,White Classic Tee,White / Cotton jersey,Soft jersey T-shirt designed for daily wear. Color: White. Made from cotton jersey. Designed for modern everyday outfits.,published,https://medusa-public-images.s3.eu-west-1.amazonaws.com/tee-white-front.png,330,32,26,5,6109,PT,,Cotton jersey,,,,,clothing,TRUE,EXT-0002,,M,WHICLATEE002-M,8930000000021,FALSE,TRUE,342,32,26,5,6109,PT,,Cotton jersey,23.5,29,Size,M,https://medusa-public-images.s3.eu-west-1.amazonaws.com/tee-white-front.png,https://medusa-public-images.s3.eu-west-1.amazonaws.com/tee-white-back.png
,white-classic-tee-002,White Classic Tee,White / Cotton jersey,Soft jersey T-shirt designed for daily wear. Color: White. Made from cotton jersey. Designed for modern everyday outfits.,published,https://medusa-public-images.s3.eu-west-1.amazonaws.com/tee-white-front.png,330,32,26,5,6109,PT,,Cotton jersey,,,,,clothing,TRUE,EXT-0002,,L,WHICLATEE002-L,8930000000022,FALSE,TRUE,354,32,26,5,6109,PT,,Cotton jersey,25.0,31,Size,L,https://medusa-public-images.s3.eu-west-1.amazonaws.com/tee-white-front.png,https://medusa-public-images.s3.eu-west-1.amazonaws.com/tee-white-back.png
,white-classic-tee-002,White Classic Tee,White / Cotton jersey,Soft jersey T-shirt designed for daily wear. Color: White. Made from cotton jersey. Designed for modern everyday outfits.,published,https://medusa-public-images.s3.eu-west-1.amazonaws.com/tee-white-front.png,330,32,26,5,6109,PT,,Cotton jersey,,,,,clothing,TRUE,EXT-0002,,XL,WHICLATEE002-XL,8930000000023,FALSE,TRUE,366,32,26,5,6109,PT,,Cotton jersey,26.5,33,Size,XL,https://medusa-public-images.s3.eu-west-1.amazonaws.com/tee-white-front.png,https://medusa-public-images.s3.eu-west-1.amazonaws.com/tee-white-back.png
,navy-oversized-tee-003,Navy Oversized Tee,Navy / Cotton,Relaxed oversized T-shirt with a streetwear silhouette. Color: Navy. Made from cotton. Designed for modern everyday outfits.,published,https://medusa-public-images.s3.eu-west-1.amazonaws.com/sweatshirt-vintage-front.png,360,33,27,6,6109,TR,,Cotton,,,,,clothing,TRUE,EXT-0003,,S,NAVOVETEE003-S,8930000000030,FALSE,TRUE,360,33,27,6,6109,TR,,Cotton,26.0,31,Size,S,https://medusa-public-images.s3.eu-west-1.amazonaws.com/sweatshirt-vintage-front.png,https://medusa-public-images.s3.eu-west-1.amazonaws.com/sweatshirt-vintage-back.png
,navy-oversized-tee-003,Navy Oversized Tee,Navy / Cotton,Relaxed oversized T-shirt with a streetwear silhouette. Color: Navy. Made from cotton. Designed for modern everyday outfits.,published,https://medusa-public-images.s3.eu-west-1.amazonaws.com/sweatshirt-vintage-front.png,360,33,27,6,6109,TR,,Cotton,,,,,clothing,TRUE,EXT-0003,,M,NAVOVETEE003-M,8930000000031,FALSE,TRUE,372,33,27,6,6109,TR,,Cotton,27.5,33,Size,M,https://medusa-public-images.s3.eu-west-1.amazonaws.com/sweatshirt-vintage-front.png,https://medusa-public-images.s3.eu-west-1.amazonaws.com/sweatshirt-vintage-back.png
,navy-oversized-tee-003,Navy Oversized Tee,Navy / Cotton,Relaxed oversized T-shirt with a streetwear silhouette. Color: Navy. Made from cotton. Designed for modern everyday outfits.,published,https://medusa-public-images.s3.eu-west-1.amazonaws.com/sweatshirt-vintage-front.png,360,33,27,6,6109,TR,,Cotton,,,,,clothing,TRUE,EXT-0003,,L,NAVOVETEE003-L,8930000000032,FALSE,TRUE,384,33,27,6,6109,TR,,Cotton,29.0,35,Size,L,https://medusa-public-images.s3.eu-west-1.amazonaws.com/sweatshirt-vintage-front.png,https://medusa-public-images.s3.eu-west-1.amazonaws.com/sweatshirt-vintage-back.png
,navy-oversized-tee-003,Navy Oversized Tee,Navy / Cotton,Relaxed oversized T-shirt with a streetwear silhouette. Color: Navy. Made from cotton. Designed for modern everyday outfits.,published,https://medusa-public-images.s3.eu-west-1.amazonaws.com/sweatshirt-vintage-front.png,360,33,27,6,6109,TR,,Cotton,,,,,clothing,TRUE,EXT-0003,,XL,NAVOVETEE003-XL,8930000000033,FALSE,TRUE,396,33,27,6,6109,TR,,Cotton,30.5,37,Size,XL,https://medusa-public-images.s3.eu-west-1.amazonaws.com/sweatshirt-vintage-front.png,https://medusa-public-images.s3.eu-west-1.amazonaws.com/sweatshirt-vintage-back.png
,gray-pocket-tee-004,Gray Pocket Tee,Gray / Cotton,Casual T-shirt with a chest pocket and soft hand feel. Color: Gray. Made from cotton. Designed for modern everyday outfits.,published,https://medusa-public-images.s3.eu-west-1.amazonaws.com/sweatpants-gray-front.png,340,34,28,3,6109,IT,,Cotton,,,,,clothing,TRUE,EXT-0004,,S,GRAPOCTEE004-S,8930000000040,FALSE,TRUE,340,34,28,3,6109,IT,,Cotton,25.0,30,Size,S,https://medusa-public-images.s3.eu-west-1.amazonaws.com/sweatpants-gray-front.png,https://medusa-public-images.s3.eu-west-1.amazonaws.com/sweatpants-gray-back.png
,gray-pocket-tee-004,Gray Pocket Tee,Gray / Cotton,Casual T-shirt with a chest pocket and soft hand feel. Color: Gray. Made from cotton. Designed for modern everyday outfits.,published,https://medusa-public-images.s3.eu-west-1.amazonaws.com/sweatpants-gray-front.png,340,34,28,3,6109,IT,,Cotton,,,,,clothing,TRUE,EXT-0004,,M,GRAPOCTEE004-M,8930000000041,FALSE,TRUE,352,34,28,3,6109,IT,,Cotton,26.5,32,Size,M,https://medusa-public-images.s3.eu-west-1.amazonaws.com/sweatpants-gray-front.png,https://medusa-public-images.s3.eu-west-1.amazonaws.com/sweatpants-gray-back.png
,gray-pocket-tee-004,Gray Pocket Tee,Gray / Cotton,Casual T-shirt with a chest pocket and soft hand feel. Color: Gray. Made from cotton. Designed for modern everyday outfits.,published,https://medusa-public-images.s3.eu-west-1.amazonaws.com/sweatpants-gray-front.png,340,34,28,3,6109,IT,,Cotton,,,,,clothing,TRUE,EXT-0004,,L,GRAPOCTEE004-L,8930000000042,FALSE,TRUE,364,34,28,3,6109,IT,,Cotton,28.0,34,Size,L,https://medusa-public-images.s3.eu-west-1.amazonaws.com/sweatpants-gray-front.png,https://medusa-public-images.s3.eu-west-1.amazonaws.com/sweatpants-gray-back.png
,gray-pocket-tee-004,Gray Pocket Tee,Gray / Cotton,Casual T-shirt with a chest pocket and soft hand feel. Color: Gray. Made from cotton. Designed for modern everyday outfits.,published,https://medusa-public-images.s3.eu-west-1.amazonaws.com/sweatpants-gray-front.png,340,34,28,3,6109,IT,,Cotton,,,,,clothing,TRUE,EXT-0004,,XL,GRAPOCTEE004-XL,8930000000043,FALSE,TRUE,376,34,28,3,6109,IT,,Cotton,29.5,36,Size,XL,https://medusa-public-images.s3.eu-west-1.amazonaws.com/sweatpants-gray-front.png,https://medusa-public-images.s3.eu-west-1.amazonaws.com/sweatpants-gray-back.png
,olive-training-tee-005,Olive Training Tee,Olive / Cotton blend,Breathable T-shirt for workouts and active days. Color: Olive. Made from cotton blend. Designed for modern everyday outfits.,published,https://medusa-public-images.s3.eu-west-1.amazonaws.com/shorts-vintage-front.png,310,35,29,4,6109,DK,,Cotton blend,,,,,clothing,TRUE,EXT-0005,,S,OLITRATEE005-S,8930000000050,FALSE,TRUE,310,35,29,4,6109,DK,,Cotton blend,28.0,34,Size,S,https://medusa-public-images.s3.eu-west-1.amazonaws.com/shorts-vintage-front.png,https://medusa-public-images.s3.eu-west-1.amazonaws.com/shorts-vintage-back.png
,olive-training-tee-005,Olive Training Tee,Olive / Cotton blend,Breathable T-shirt for workouts and active days. Color: Olive. Made from cotton blend. Designed for modern everyday outfits.,published,https://medusa-public-images.s3.eu-west-1.amazonaws.com/shorts-vintage-front.png,310,35,29,4,6109,DK,,Cotton blend,,,,,clothing,TRUE,EXT-0005,,M,OLITRATEE005-M,8930000000051,FALSE,TRUE,322,35,29,4,6109,DK,,Cotton blend,29.5,36,Size,M,https://medusa-public-images.s3.eu-west-1.amazonaws.com/shorts-vintage-front.png,https://medusa-public-images.s3.eu-west-1.amazonaws.com/shorts-vintage-back.png
,olive-training-tee-005,Olive Training Tee,Olive / Cotton blend,Breathable T-shirt for workouts and active days. Color: Olive. Made from cotton blend. Designed for modern everyday outfits.,published,https://medusa-public-images.s3.eu-west-1.amazonaws.com/shorts-vintage-front.png,310,35,29,4,6109,DK,,Cotton blend,,,,,clothing,TRUE,EXT-0005,,L,OLITRATEE005-L,8930000000052,FALSE,TRUE,334,35,29,4,6109,DK,,Cotton blend,31.0,38,Size,L,https://medusa-public-images.s3.eu-west-1.amazonaws.com/shorts-vintage-front.png,https://medusa-public-images.s3.eu-west-1.amazonaws.com/shorts-vintage-back.png
,olive-training-tee-005,Olive Training Tee,Olive / Cotton blend,Breathable T-shirt for workouts and active days. Color: Olive. Made from cotton blend. Designed for modern everyday outfits.,published,https://medusa-public-images.s3.eu-west-1.amazonaws.com/shorts-vintage-front.png,310,35,29,4,6109,DK,,Cotton blend,,,,,clothing,TRUE,EXT-0005,,XL,OLITRATEE005-XL,8930000000053,FALSE,TRUE,346,35,29,4,6109,DK,,Cotton blend,32.5,40,Size,XL,https://medusa-public-images.s3.eu-west-1.amazonaws.com/shorts-vintage-front.png,https://medusa-public-images.s3.eu-west-1.amazonaws.com/shorts-vintage-back.png
,stone-long-sleeve-tee-006,Stone Long Sleeve Tee,Stone / Cotton,Light long-sleeve tee for layering in cooler weather. Color: Stone. Made from cotton. Designed for modern everyday outfits.,published,https://medusa-public-images.s3.eu-west-1.amazonaws.com/tee-black-front.png,380,36,30,5,6109,VN,,Cotton,,,,,clothing,TRUE,EXT-0006,,S,STOLONSLETEE006-S,8930000000060,FALSE,TRUE,380,36,30,5,6109,VN,,Cotton,30.0,36,Size,S,https://medusa-public-images.s3.eu-west-1.amazonaws.com/tee-black-front.png,https://medusa-public-images.s3.eu-west-1.amazonaws.com/tee-black-back.png
,stone-long-sleeve-tee-006,Stone Long Sleeve Tee,Stone / Cotton,Light long-sleeve tee for layering in cooler weather. Color: Stone. Made from cotton. Designed for modern everyday outfits.,published,https://medusa-public-images.s3.eu-west-1.amazonaws.com/tee-black-front.png,380,36,30,5,6109,VN,,Cotton,,,,,clothing,TRUE,EXT-0006,,M,STOLONSLETEE006-M,8930000000061,FALSE,TRUE,392,36,30,5,6109,VN,,Cotton,31.5,38,Size,M,https://medusa-public-images.s3.eu-west-1.amazonaws.com/tee-black-front.png,https://medusa-public-images.s3.eu-west-1.amazonaws.com/tee-black-back.png
,stone-long-sleeve-tee-006,Stone Long Sleeve Tee,Stone / Cotton,Light long-sleeve tee for layering in cooler weather. Color: Stone. Made from cotton. Designed for modern everyday outfits.,published,https://medusa-public-images.s3.eu-west-1.amazonaws.com/tee-black-front.png,380,36,30,5,6109,VN,,Cotton,,,,,clothing,TRUE,EXT-0006,,L,STOLONSLETEE006-L,8930000000062,FALSE,TRUE,404,36,30,5,6109,VN,,Cotton,33.0,40,Size,L,https://medusa-public-images.s3.eu-west-1.amazonaws.com/tee-black-front.png,https://medusa-public-images.s3.eu-west-1.amazonaws.com/tee-black-back.png
,stone-long-sleeve-tee-006,Stone Long Sleeve Tee,Stone / Cotton,Light long-sleeve tee for layering in cooler weather. Color: Stone. Made from cotton. Designed for modern everyday outfits.,published,https://medusa-public-images.s3.eu-west-1.amazonaws.com/tee-black-front.png,380,36,30,5,6109,VN,,Cotton,,,,,clothing,TRUE,EXT-0006,,XL,STOLONSLETEE006-XL,8930000000063,FALSE,TRUE,416,36,30,5,6109,VN,,Cotton,34.5,42,Size,XL,https://medusa-public-images.s3.eu-west-1.amazonaws.com/tee-black-front.png,https://medusa-public-images.s3.eu-west-1.amazonaws.com/tee-black-back.png
,burgundy-crewneck-sweatshirt-007,Burgundy Crewneck Sweatshirt,Burgundy / Fleece cotton,Warm crewneck sweatshirt with ribbed cuffs. Color: Burgundy. Made from fleece cotton. Designed for modern everyday outfits.,published,https://medusa-public-images.s3.eu-west-1.amazonaws.com/tee-white-front.png,560,37,31,6,6109,PT,,Fleece cotton,,,,,clothing,TRUE,EXT-0007,,S,BURCRESWE007-S,8930000000070,FALSE,TRUE,560,37,31,6,6109,PT,,Fleece cotton,45.0,54,Size,S,https://medusa-public-images.s3.eu-west-1.amazonaws.com/tee-white-front.png,https://medusa-public-images.s3.eu-west-1.amazonaws.com/tee-white-back.png
,burgundy-crewneck-sweatshirt-007,Burgundy Crewneck Sweatshirt,Burgundy / Fleece cotton,Warm crewneck sweatshirt with ribbed cuffs. Color: Burgundy. Made from fleece cotton. Designed for modern everyday outfits.,published,https://medusa-public-images.s3.eu-west-1.amazonaws.com/tee-white-front.png,560,37,31,6,6109,PT,,Fleece cotton,,,,,clothing,TRUE,EXT-0007,,M,BURCRESWE007-M,8930000000071,FALSE,TRUE,572,37,31,6,6109,PT,,Fleece cotton,46.5,56,Size,M,https://medusa-public-images.s3.eu-west-1.amazonaws.com/tee-white-front.png,https://medusa-public-images.s3.eu-west-1.amazonaws.com/tee-white-back.png
,burgundy-crewneck-sweatshirt-007,Burgundy Crewneck Sweatshirt,Burgundy / Fleece cotton,Warm crewneck sweatshirt with ribbed cuffs. Color: Burgundy. Made from fleece cotton. Designed for modern everyday outfits.,published,https://medusa-public-images.s3.eu-west-1.amazonaws.com/tee-white-front.png,560,37,31,6,6109,PT,,Fleece cotton,,,,,clothing,TRUE,EXT-0007,,L,BURCRESWE007-L,8930000000072,FALSE,TRUE,584,37,31,6,6109,PT,,Fleece cotton,48.0,58,Size,L,https://medusa-public-images.s3.eu-west-1.amazonaws.com/tee-white-front.png,https://medusa-public-images.s3.eu-west-1.amazonaws.com/tee-white-back.png
,burgundy-crewneck-sweatshirt-007,Burgundy Crewneck Sweatshirt,Burgundy / Fleece cotton,Warm crewneck sweatshirt with ribbed cuffs. Color: Burgundy. Made from fleece cotton. Designed for modern everyday outfits.,published,https://medusa-public-images.s3.eu-west-1.amazonaws.com/tee-white-front.png,560,37,31,6,6109,PT,,Fleece cotton,,,,,clothing,TRUE,EXT-0007,,XL,BURCRESWE007-XL,8930000000073,FALSE,TRUE,596,37,31,6,6109,PT,,Fleece cotton,49.5,60,Size,XL,https://medusa-public-images.s3.eu-west-1.amazonaws.com/tee-white-front.png,https://medusa-public-images.s3.eu-west-1.amazonaws.com/tee-white-back.png
,forest-vintage-sweatshirt-008,Forest Vintage Sweatshirt,Forest / Cotton fleece,Washed sweatshirt with a soft vintage finish. Color: Forest. Made from cotton fleece. Designed for modern everyday outfits.,published,https://medusa-public-images.s3.eu-west-1.amazonaws.com/sweatshirt-vintage-front.png,540,38,32,3,6109,TR,,Cotton fleece,,,,,clothing,TRUE,EXT-0008,,S,FORVINSWE008-S,8930000000080,FALSE,TRUE,540,38,32,3,6109,TR,,Cotton fleece,48.0,58,Size,S,https://medusa-public-images.s3.eu-west-1.amazonaws.com/sweatshirt-vintage-front.png,https://medusa-public-images.s3.eu-west-1.amazonaws.com/sweatshirt-vintage-back.png
,forest-vintage-sweatshirt-008,Forest Vintage Sweatshirt,Forest / Cotton fleece,Washed sweatshirt with a soft vintage finish. Color: Forest. Made from cotton fleece. Designed for modern everyday outfits.,published,https://medusa-public-images.s3.eu-west-1.amazonaws.com/sweatshirt-vintage-front.png,540,38,32,3,6109,TR,,Cotton fleece,,,,,clothing,TRUE,EXT-0008,,M,FORVINSWE008-M,8930000000081,FALSE,TRUE,552,38,32,3,6109,TR,,Cotton fleece,49.5,60,Size,M,https://medusa-public-images.s3.eu-west-1.amazonaws.com/sweatshirt-vintage-front.png,https://medusa-public-images.s3.eu-west-1.amazonaws.com/sweatshirt-vintage-back.png
,forest-vintage-sweatshirt-008,Forest Vintage Sweatshirt,Forest / Cotton fleece,Washed sweatshirt with a soft vintage finish. Color: Forest. Made from cotton fleece. Designed for modern everyday outfits.,published,https://medusa-public-images.s3.eu-west-1.amazonaws.com/sweatshirt-vintage-front.png,540,38,32,3,6109,TR,,Cotton fleece,,,,,clothing,TRUE,EXT-0008,,L,FORVINSWE008-L,8930000000082,FALSE,TRUE,564,38,32,3,6109,TR,,Cotton fleece,51.0,62,Size,L,https://medusa-public-images.s3.eu-west-1.amazonaws.com/sweatshirt-vintage-front.png,https://medusa-public-images.s3.eu-west-1.amazonaws.com/sweatshirt-vintage-back.png
,forest-vintage-sweatshirt-008,Forest Vintage Sweatshirt,Forest / Cotton fleece,Washed sweatshirt with a soft vintage finish. Color: Forest. Made from cotton fleece. Designed for modern everyday outfits.,published,https://medusa-public-images.s3.eu-west-1.amazonaws.com/sweatshirt-vintage-front.png,540,38,32,3,6109,TR,,Cotton fleece,,,,,clothing,TRUE,EXT-0008,,XL,FORVINSWE008-XL,8930000000083,FALSE,TRUE,576,38,32,3,6109,TR,,Cotton fleece,52.5,64,Size,XL,https://medusa-public-images.s3.eu-west-1.amazonaws.com/sweatshirt-vintage-front.png,https://medusa-public-images.s3.eu-west-1.amazonaws.com/sweatshirt-vintage-back.png
,charcoal-pullover-hoodie-009,Charcoal Pullover Hoodie,Charcoal / Cotton fleece,Comfortable pullover hoodie with kangaroo pocket. Color: Charcoal. Made from cotton fleece. Designed for modern everyday outfits.,published,https://medusa-public-images.s3.eu-west-1.amazonaws.com/sweatpants-gray-front.png,680,39,33,4,6109,IT,,Cotton fleece,,,,,clothing,TRUE,EXT-0009,,S,CHAPULHOO009-S,8930000000090,FALSE,TRUE,680,39,33,4,6109,IT,,Cotton fleece,55.0,65,Size,S,https://medusa-public-images.s3.eu-west-1.amazonaws.com/sweatpants-gray-front.png,https://medusa-public-images.s3.eu-west-1.amazonaws.com/sweatpants-gray-back.png
,charcoal-pullover-hoodie-009,Charcoal Pullover Hoodie,Charcoal / Cotton fleece,Comfortable pullover hoodie with kangaroo pocket. Color: Charcoal. Made from cotton fleece. Designed for modern everyday outfits.,published,https://medusa-public-images.s3.eu-west-1.amazonaws.com/sweatpants-gray-front.png,680,39,33,4,6109,IT,,Cotton fleece,,,,,clothing,TRUE,EXT-0009,,M,CHAPULHOO009-M,8930000000091,FALSE,TRUE,692,39,33,4,6109,IT,,Cotton fleece,56.5,67,Size,M,https://medusa-public-images.s3.eu-west-1.amazonaws.com/sweatpants-gray-front.png,https://medusa-public-images.s3.eu-west-1.amazonaws.com/sweatpants-gray-back.png
,charcoal-pullover-hoodie-009,Charcoal Pullover Hoodie,Charcoal / Cotton fleece,Comfortable pullover hoodie with kangaroo pocket. Color: Charcoal. Made from cotton fleece. Designed for modern everyday outfits.,published,https://medusa-public-images.s3.eu-west-1.amazonaws.com/sweatpants-gray-front.png,680,39,33,4,6109,IT,,Cotton fleece,,,,,clothing,TRUE,EXT-0009,,L,CHAPULHOO009-L,8930000000092,FALSE,TRUE,704,39,33,4,6109,IT,,Cotton fleece,58.0,69,Size,L,https://medusa-public-images.s3.eu-west-1.amazonaws.com/sweatpants-gray-front.png,https://medusa-public-images.s3.eu-west-1.amazonaws.com/sweatpants-gray-back.png
,charcoal-pullover-hoodie-009,Charcoal Pullover Hoodie,Charcoal / Cotton fleece,Comfortable pullover hoodie with kangaroo pocket. Color: Charcoal. Made from cotton fleece. Designed for modern everyday outfits.,published,https://medusa-public-images.s3.eu-west-1.amazonaws.com/sweatpants-gray-front.png,680,39,33,4,6109,IT,,Cotton fleece,,,,,clothing,TRUE,EXT-0009,,XL,CHAPULHOO009-XL,8930000000093,FALSE,TRUE,716,39,33,4,6109,IT,,Cotton fleece,59.5,71,Size,XL,https://medusa-public-images.s3.eu-west-1.amazonaws.com/sweatpants-gray-front.png,https://medusa-public-images.s3.eu-west-1.amazonaws.com/sweatpants-gray-back.png
,cream-zip-hoodie-010,Cream Zip Hoodie,Cream / Cotton fleece,Full-zip hoodie built for layering and travel. Color: Cream. Made from cotton fleece. Designed for modern everyday outfits.,published,https://medusa-public-images.s3.eu-west-1.amazonaws.com/shorts-vintage-front.png,700,40,24,5,6109,DK,,Cotton fleece,,,,,clothing,TRUE,EXT-0010,,S,CREZIPHOO010-S,8930000000100,FALSE,TRUE,700,40,24,5,6109,DK,,Cotton fleece,59.0,70,Size,S,https://medusa-public-images.s3.eu-west-1.amazonaws.com/shorts-vintage-front.png,https://medusa-public-images.s3.eu-west-1.amazonaws.com/shorts-vintage-back.png
,cream-zip-hoodie-010,Cream Zip Hoodie,Cream / Cotton fleece,Full-zip hoodie built for layering and travel. Color: Cream. Made from cotton fleece. Designed for modern everyday outfits.,published,https://medusa-public-images.s3.eu-west-1.amazonaws.com/shorts-vintage-front.png,700,40,24,5,6109,DK,,Cotton fleece,,,,,clothing,TRUE,EXT-0010,,M,CREZIPHOO010-M,8930000000101,FALSE,TRUE,712,40,24,5,6109,DK,,Cotton fleece,60.5,72,Size,M,https://medusa-public-images.s3.eu-west-1.amazonaws.com/shorts-vintage-front.png,https://medusa-public-images.s3.eu-west-1.amazonaws.com/shorts-vintage-back.png
,cream-zip-hoodie-010,Cream Zip Hoodie,Cream / Cotton fleece,Full-zip hoodie built for layering and travel. Color: Cream. Made from cotton fleece. Designed for modern everyday outfits.,published,https://medusa-public-images.s3.eu-west-1.amazonaws.com/shorts-vintage-front.png,700,40,24,5,6109,DK,,Cotton fleece,,,,,clothing,TRUE,EXT-0010,,L,CREZIPHOO010-L,8930000000102,FALSE,TRUE,724,40,24,5,6109,DK,,Cotton fleece,62.0,74,Size,L,https://medusa-public-images.s3.eu-west-1.amazonaws.com/shorts-vintage-front.png,https://medusa-public-images.s3.eu-west-1.amazonaws.com/shorts-vintage-back.png
,cream-zip-hoodie-010,Cream Zip Hoodie,Cream / Cotton fleece,Full-zip hoodie built for layering and travel. Color: Cream. Made from cotton fleece. Designed for modern everyday outfits.,published,https://medusa-public-images.s3.eu-west-1.amazonaws.com/shorts-vintage-front.png,700,40,24,5,6109,DK,,Cotton fleece,,,,,clothing,TRUE,EXT-0010,,XL,CREZIPHOO010-XL,8930000000103,FALSE,TRUE,736,40,24,5,6109,DK,,Cotton fleece,63.5,76,Size,XL,https://medusa-public-images.s3.eu-west-1.amazonaws.com/shorts-vintage-front.png,https://medusa-public-images.s3.eu-west-1.amazonaws.com/shorts-vintage-back.png
,black-lightweight-hoodie-011,Black Lightweight Hoodie,Black / French terry,Light hoodie for transitional weather. Color: Black. Made from french terry. Designed for modern everyday outfits.,published,https://medusa-public-images.s3.eu-west-1.amazonaws.com/tee-black-front.png,580,41,25,6,6109,VN,,French terry,,,,,clothing,TRUE,EXT-0011,,S,BLALIGHOO011-S,8930000000110,FALSE,TRUE,580,41,25,6,6109,VN,,French terry,50.0,60,Size,S,https://medusa-public-images.s3.eu-west-1.amazonaws.com/tee-black-front.png,https://medusa-public-images.s3.eu-west-1.amazonaws.com/tee-black-back.png
,black-lightweight-hoodie-011,Black Lightweight Hoodie,Black / French terry,Light hoodie for transitional weather. Color: Black. Made from french terry. Designed for modern everyday outfits.,published,https://medusa-public-images.s3.eu-west-1.amazonaws.com/tee-black-front.png,580,41,25,6,6109,VN,,French terry,,,,,clothing,TRUE,EXT-0011,,M,BLALIGHOO011-M,8930000000111,FALSE,TRUE,592,41,25,6,6109,VN,,French terry,51.5,62,Size,M,https://medusa-public-images.s3.eu-west-1.amazonaws.com/tee-black-front.png,https://medusa-public-images.s3.eu-west-1.amazonaws.com/tee-black-back.png
,black-lightweight-hoodie-011,Black Lightweight Hoodie,Black / French terry,Light hoodie for transitional weather. Color: Black. Made from french terry. Designed for modern everyday outfits.,published,https://medusa-public-images.s3.eu-west-1.amazonaws.com/tee-black-front.png,580,41,25,6,6109,VN,,French terry,,,,,clothing,TRUE,EXT-0011,,L,BLALIGHOO011-L,8930000000112,FALSE,TRUE,604,41,25,6,6109,VN,,French terry,53.0,64,Size,L,https://medusa-public-images.s3.eu-west-1.amazonaws.com/tee-black-front.png,https://medusa-public-images.s3.eu-west-1.amazonaws.com/tee-black-back.png
,black-lightweight-hoodie-011,Black Lightweight Hoodie,Black / French terry,Light hoodie for transitional weather. Color: Black. Made from french terry. Designed for modern everyday outfits.,published,https://medusa-public-images.s3.eu-west-1.amazonaws.com/tee-black-front.png,580,41,25,6,6109,VN,,French terry,,,,,clothing,TRUE,EXT-0011,,XL,BLALIGHOO011-XL,8930000000113,FALSE,TRUE,616,41,25,6,6109,VN,,French terry,54.5,66,Size,XL,https://medusa-public-images.s3.eu-west-1.amazonaws.com/tee-black-front.png,https://medusa-public-images.s3.eu-west-1.amazonaws.com/tee-black-back.png
,white-joggers-012,White Joggers,White / Cotton fleece,Relaxed joggers with elastic waistband and cuffs. Color: White. Made from cotton fleece. Designed for modern everyday outfits.,published,https://medusa-public-images.s3.eu-west-1.amazonaws.com/tee-white-front.png,520,30,26,3,6109,PT,,Cotton fleece,,,,,clothing,TRUE,EXT-0012,,S,WHIJOG012-S,8930000000120,FALSE,TRUE,520,30,26,3,6109,PT,,Cotton fleece,42.0,50,Size,S,https://medusa-public-images.s3.eu-west-1.amazonaws.com/tee-white-front.png,https://medusa-public-images.s3.eu-west-1.amazonaws.com/tee-white-back.png
,white-joggers-012,White Joggers,White / Cotton fleece,Relaxed joggers with elastic waistband and cuffs. Color: White. Made from cotton fleece. Designed for modern everyday outfits.,published,https://medusa-public-images.s3.eu-west-1.amazonaws.com/tee-white-front.png,520,30,26,3,6109,PT,,Cotton fleece,,,,,clothing,TRUE,EXT-0012,,M,WHIJOG012-M,8930000000121,FALSE,TRUE,532,30,26,3,6109,PT,,Cotton fleece,43.5,52,Size,M,https://medusa-public-images.s3.eu-west-1.amazonaws.com/tee-white-front.png,https://medusa-public-images.s3.eu-west-1.amazonaws.com/tee-white-back.png
,white-joggers-012,White Joggers,White / Cotton fleece,Relaxed joggers with elastic waistband and cuffs. Color: White. Made from cotton fleece. Designed for modern everyday outfits.,published,https://medusa-public-images.s3.eu-west-1.amazonaws.com/tee-white-front.png,520,30,26,3,6109,PT,,Cotton fleece,,,,,clothing,TRUE,EXT-0012,,L,WHIJOG012-L,8930000000122,FALSE,TRUE,544,30,26,3,6109,PT,,Cotton fleece,45.0,54,Size,L,https://medusa-public-images.s3.eu-west-1.amazonaws.com/tee-white-front.png,https://medusa-public-images.s3.eu-west-1.amazonaws.com/tee-white-back.png
,white-joggers-012,White Joggers,White / Cotton fleece,Relaxed joggers with elastic waistband and cuffs. Color: White. Made from cotton fleece. Designed for modern everyday outfits.,published,https://medusa-public-images.s3.eu-west-1.amazonaws.com/tee-white-front.png,520,30,26,3,6109,PT,,Cotton fleece,,,,,clothing,TRUE,EXT-0012,,XL,WHIJOG012-XL,8930000000123,FALSE,TRUE,556,30,26,3,6109,PT,,Cotton fleece,46.5,56,Size,XL,https://medusa-public-images.s3.eu-west-1.amazonaws.com/tee-white-front.png,https://medusa-public-images.s3.eu-west-1.amazonaws.com/tee-white-back.png
,navy-sweatpants-013,Navy Sweatpants,Navy / Cotton fleece,Classic sweatpants with a soft brushed interior. Color: Navy. Made from cotton fleece. Designed for modern everyday outfits.,published,https://medusa-public-images.s3.eu-west-1.amazonaws.com/sweatshirt-vintage-front.png,540,31,27,4,6109,TR,,Cotton fleece,,,,,clothing,TRUE,EXT-0013,,S,NAVSWE013-S,8930000000130,FALSE,TRUE,540,31,27,4,6109,TR,,Cotton fleece,40.0,48,Size,S,https://medusa-public-images.s3.eu-west-1.amazonaws.com/sweatshirt-vintage-front.png,https://medusa-public-images.s3.eu-west-1.amazonaws.com/sweatshirt-vintage-back.png
,navy-sweatpants-013,Navy Sweatpants,Navy / Cotton fleece,Classic sweatpants with a soft brushed interior. Color: Navy. Made from cotton fleece. Designed for modern everyday outfits.,published,https://medusa-public-images.s3.eu-west-1.amazonaws.com/sweatshirt-vintage-front.png,540,31,27,4,6109,TR,,Cotton fleece,,,,,clothing,TRUE,EXT-0013,,M,NAVSWE013-M,8930000000131,FALSE,TRUE,552,31,27,4,6109,TR,,Cotton fleece,41.5,50,Size,M,https://medusa-public-images.s3.eu-west-1.amazonaws.com/sweatshirt-vintage-front.png,https://medusa-public-images.s3.eu-west-1.amazonaws.com/sweatshirt-vintage-back.png
,navy-sweatpants-013,Navy Sweatpants,Navy / Cotton fleece,Classic sweatpants with a soft brushed interior. Color: Navy. Made from cotton fleece. Designed for modern everyday outfits.,published,https://medusa-public-images.s3.eu-west-1.amazonaws.com/sweatshirt-vintage-front.png,540,31,27,4,6109,TR,,Cotton fleece,,,,,clothing,TRUE,EXT-0013,,L,NAVSWE013-L,8930000000132,FALSE,TRUE,564,31,27,4,6109,TR,,Cotton fleece,43.0,52,Size,L,https://medusa-public-images.s3.eu-west-1.amazonaws.com/sweatshirt-vintage-front.png,https://medusa-public-images.s3.eu-west-1.amazonaws.com/sweatshirt-vintage-back.png
,navy-sweatpants-013,Navy Sweatpants,Navy / Cotton fleece,Classic sweatpants with a soft brushed interior. Color: Navy. Made from cotton fleece. Designed for modern everyday outfits.,published,https://medusa-public-images.s3.eu-west-1.amazonaws.com/sweatshirt-vintage-front.png,540,31,27,4,6109,TR,,Cotton fleece,,,,,clothing,TRUE,EXT-0013,,XL,NAVSWE013-XL,8930000000133,FALSE,TRUE,576,31,27,4,6109,TR,,Cotton fleece,44.5,54,Size,XL,https://medusa-public-images.s3.eu-west-1.amazonaws.com/sweatshirt-vintage-front.png,https://medusa-public-images.s3.eu-west-1.amazonaws.com/sweatshirt-vintage-back.png
,gray-relaxed-pants-014,Gray Relaxed Pants,Gray / Cotton twill,Tapered cotton pants for everyday styling. Color: Gray. Made from cotton twill. Designed for modern everyday outfits.,published,https://medusa-public-images.s3.eu-west-1.amazonaws.com/sweatpants-gray-front.png,500,32,28,5,6109,IT,,Cotton twill,,,,,clothing,TRUE,EXT-0014,,S,GRARELPAN014-S,8930000000140,FALSE,TRUE,500,32,28,5,6109,IT,,Cotton twill,49.0,58,Size,S,https://medusa-public-images.s3.eu-west-1.amazonaws.com/sweatpants-gray-front.png,https://medusa-public-images.s3.eu-west-1.amazonaws.com/sweatpants-gray-back.png
,gray-relaxed-pants-014,Gray Relaxed Pants,Gray / Cotton twill,Tapered cotton pants for everyday styling. Color: Gray. Made from cotton twill. Designed for modern everyday outfits.,published,https://medusa-public-images.s3.eu-west-1.amazonaws.com/sweatpants-gray-front.png,500,32,28,5,6109,IT,,Cotton twill,,,,,clothing,TRUE,EXT-0014,,M,GRARELPAN014-M,8930000000141,FALSE,TRUE,512,32,28,5,6109,IT,,Cotton twill,50.5,60,Size,M,https://medusa-public-images.s3.eu-west-1.amazonaws.com/sweatpants-gray-front.png,https://medusa-public-images.s3.eu-west-1.amazonaws.com/sweatpants-gray-back.png
,gray-relaxed-pants-014,Gray Relaxed Pants,Gray / Cotton twill,Tapered cotton pants for everyday styling. Color: Gray. Made from cotton twill. Designed for modern everyday outfits.,published,https://medusa-public-images.s3.eu-west-1.amazonaws.com/sweatpants-gray-front.png,500,32,28,5,6109,IT,,Cotton twill,,,,,clothing,TRUE,EXT-0014,,L,GRARELPAN014-L,8930000000142,FALSE,TRUE,524,32,28,5,6109,IT,,Cotton twill,52.0,62,Size,L,https://medusa-public-images.s3.eu-west-1.amazonaws.com/sweatpants-gray-front.png,https://medusa-public-images.s3.eu-west-1.amazonaws.com/sweatpants-gray-back.png
,gray-relaxed-pants-014,Gray Relaxed Pants,Gray / Cotton twill,Tapered cotton pants for everyday styling. Color: Gray. Made from cotton twill. Designed for modern everyday outfits.,published,https://medusa-public-images.s3.eu-west-1.amazonaws.com/sweatpants-gray-front.png,500,32,28,5,6109,IT,,Cotton twill,,,,,clothing,TRUE,EXT-0014,,XL,GRARELPAN014-XL,8930000000143,FALSE,TRUE,536,32,28,5,6109,IT,,Cotton twill,53.5,64,Size,XL,https://medusa-public-images.s3.eu-west-1.amazonaws.com/sweatpants-gray-front.png,https://medusa-public-images.s3.eu-west-1.amazonaws.com/sweatpants-gray-back.png
,olive-lounge-pants-015,Olive Lounge Pants,Olive / Cotton blend,Soft lounge pants made for comfort at home or travel. Color: Olive. Made from cotton blend. Designed for modern everyday outfits.,published,https://medusa-public-images.s3.eu-west-1.amazonaws.com/shorts-vintage-front.png,470,33,29,6,6109,DK,,Cotton blend,,,,,clothing,TRUE,EXT-0015,,S,OLILOUPAN015-S,8930000000150,FALSE,TRUE,470,33,29,6,6109,DK,,Cotton blend,38.0,46,Size,S,https://medusa-public-images.s3.eu-west-1.amazonaws.com/shorts-vintage-front.png,https://medusa-public-images.s3.eu-west-1.amazonaws.com/shorts-vintage-back.png
,olive-lounge-pants-015,Olive Lounge Pants,Olive / Cotton blend,Soft lounge pants made for comfort at home or travel. Color: Olive. Made from cotton blend. Designed for modern everyday outfits.,published,https://medusa-public-images.s3.eu-west-1.amazonaws.com/shorts-vintage-front.png,470,33,29,6,6109,DK,,Cotton blend,,,,,clothing,TRUE,EXT-0015,,M,OLILOUPAN015-M,8930000000151,FALSE,TRUE,482,33,29,6,6109,DK,,Cotton blend,39.5,48,Size,M,https://medusa-public-images.s3.eu-west-1.amazonaws.com/shorts-vintage-front.png,https://medusa-public-images.s3.eu-west-1.amazonaws.com/shorts-vintage-back.png
,olive-lounge-pants-015,Olive Lounge Pants,Olive / Cotton blend,Soft lounge pants made for comfort at home or travel. Color: Olive. Made from cotton blend. Designed for modern everyday outfits.,published,https://medusa-public-images.s3.eu-west-1.amazonaws.com/shorts-vintage-front.png,470,33,29,6,6109,DK,,Cotton blend,,,,,clothing,TRUE,EXT-0015,,L,OLILOUPAN015-L,8930000000152,FALSE,TRUE,494,33,29,6,6109,DK,,Cotton blend,41.0,50,Size,L,https://medusa-public-images.s3.eu-west-1.amazonaws.com/shorts-vintage-front.png,https://medusa-public-images.s3.eu-west-1.amazonaws.com/shorts-vintage-back.png
,olive-lounge-pants-015,Olive Lounge Pants,Olive / Cotton blend,Soft lounge pants made for comfort at home or travel. Color: Olive. Made from cotton blend. Designed for modern everyday outfits.,published,https://medusa-public-images.s3.eu-west-1.amazonaws.com/shorts-vintage-front.png,470,33,29,6,6109,DK,,Cotton blend,,,,,clothing,TRUE,EXT-0015,,XL,OLILOUPAN015-XL,8930000000153,FALSE,TRUE,506,33,29,6,6109,DK,,Cotton blend,42.5,52,Size,XL,https://medusa-public-images.s3.eu-west-1.amazonaws.com/shorts-vintage-front.png,https://medusa-public-images.s3.eu-west-1.amazonaws.com/shorts-vintage-back.png
,stone-training-shorts-016,Stone Training Shorts,Stone / Cotton blend,Lightweight shorts with an easy elastic waist. Color: Stone. Made from cotton blend. Designed for modern everyday outfits.,published,https://medusa-public-images.s3.eu-west-1.amazonaws.com/tee-black-front.png,280,34,30,3,6109,VN,,Cotton blend,,,,,clothing,TRUE,EXT-0016,,S,STOTRASHO016-S,8930000000160,FALSE,TRUE,280,34,30,3,6109,VN,,Cotton blend,24.0,30,Size,S,https://medusa-public-images.s3.eu-west-1.amazonaws.com/tee-black-front.png,https://medusa-public-images.s3.eu-west-1.amazonaws.com/tee-black-back.png
,stone-training-shorts-016,Stone Training Shorts,Stone / Cotton blend,Lightweight shorts with an easy elastic waist. Color: Stone. Made from cotton blend. Designed for modern everyday outfits.,published,https://medusa-public-images.s3.eu-west-1.amazonaws.com/tee-black-front.png,280,34,30,3,6109,VN,,Cotton blend,,,,,clothing,TRUE,EXT-0016,,M,STOTRASHO016-M,8930000000161,FALSE,TRUE,292,34,30,3,6109,VN,,Cotton blend,25.5,32,Size,M,https://medusa-public-images.s3.eu-west-1.amazonaws.com/tee-black-front.png,https://medusa-public-images.s3.eu-west-1.amazonaws.com/tee-black-back.png
,stone-training-shorts-016,Stone Training Shorts,Stone / Cotton blend,Lightweight shorts with an easy elastic waist. Color: Stone. Made from cotton blend. Designed for modern everyday outfits.,published,https://medusa-public-images.s3.eu-west-1.amazonaws.com/tee-black-front.png,280,34,30,3,6109,VN,,Cotton blend,,,,,clothing,TRUE,EXT-0016,,L,STOTRASHO016-L,8930000000162,FALSE,TRUE,304,34,30,3,6109,VN,,Cotton blend,27.0,34,Size,L,https://medusa-public-images.s3.eu-west-1.amazonaws.com/tee-black-front.png,https://medusa-public-images.s3.eu-west-1.amazonaws.com/tee-black-back.png
,stone-training-shorts-016,Stone Training Shorts,Stone / Cotton blend,Lightweight shorts with an easy elastic waist. Color: Stone. Made from cotton blend. Designed for modern everyday outfits.,published,https://medusa-public-images.s3.eu-west-1.amazonaws.com/tee-black-front.png,280,34,30,3,6109,VN,,Cotton blend,,,,,clothing,TRUE,EXT-0016,,XL,STOTRASHO016-XL,8930000000163,FALSE,TRUE,316,34,30,3,6109,VN,,Cotton blend,28.5,36,Size,XL,https://medusa-public-images.s3.eu-west-1.amazonaws.com/tee-black-front.png,https://medusa-public-images.s3.eu-west-1.amazonaws.com/tee-black-back.png
,burgundy-lounge-shorts-017,Burgundy Lounge Shorts,Burgundy / Cotton,Casual pull-on shorts for weekends and warm days. Color: Burgundy. Made from cotton. Designed for modern everyday outfits.,published,https://medusa-public-images.s3.eu-west-1.amazonaws.com/tee-white-front.png,260,35,31,4,6109,PT,,Cotton,,,,,clothing,TRUE,EXT-0017,,S,BURLOUSHO017-S,8930000000170,FALSE,TRUE,260,35,31,4,6109,PT,,Cotton,22.0,28,Size,S,https://medusa-public-images.s3.eu-west-1.amazonaws.com/tee-white-front.png,https://medusa-public-images.s3.eu-west-1.amazonaws.com/tee-white-back.png
,burgundy-lounge-shorts-017,Burgundy Lounge Shorts,Burgundy / Cotton,Casual pull-on shorts for weekends and warm days. Color: Burgundy. Made from cotton. Designed for modern everyday outfits.,published,https://medusa-public-images.s3.eu-west-1.amazonaws.com/tee-white-front.png,260,35,31,4,6109,PT,,Cotton,,,,,clothing,TRUE,EXT-0017,,M,BURLOUSHO017-M,8930000000171,FALSE,TRUE,272,35,31,4,6109,PT,,Cotton,23.5,30,Size,M,https://medusa-public-images.s3.eu-west-1.amazonaws.com/tee-white-front.png,https://medusa-public-images.s3.eu-west-1.amazonaws.com/tee-white-back.png
,burgundy-lounge-shorts-017,Burgundy Lounge Shorts,Burgundy / Cotton,Casual pull-on shorts for weekends and warm days. Color: Burgundy. Made from cotton. Designed for modern everyday outfits.,published,https://medusa-public-images.s3.eu-west-1.amazonaws.com/tee-white-front.png,260,35,31,4,6109,PT,,Cotton,,,,,clothing,TRUE,EXT-0017,,L,BURLOUSHO017-L,8930000000172,FALSE,TRUE,284,35,31,4,6109,PT,,Cotton,25.0,32,Size,L,https://medusa-public-images.s3.eu-west-1.amazonaws.com/tee-white-front.png,https://medusa-public-images.s3.eu-west-1.amazonaws.com/tee-white-back.png
,burgundy-lounge-shorts-017,Burgundy Lounge Shorts,Burgundy / Cotton,Casual pull-on shorts for weekends and warm days. Color: Burgundy. Made from cotton. Designed for modern everyday outfits.,published,https://medusa-public-images.s3.eu-west-1.amazonaws.com/tee-white-front.png,260,35,31,4,6109,PT,,Cotton,,,,,clothing,TRUE,EXT-0017,,XL,BURLOUSHO017-XL,8930000000173,FALSE,TRUE,296,35,31,4,6109,PT,,Cotton,26.5,34,Size,XL,https://medusa-public-images.s3.eu-west-1.amazonaws.com/tee-white-front.png,https://medusa-public-images.s3.eu-west-1.amazonaws.com/tee-white-back.png
,forest-chino-shorts-018,Forest Chino Shorts,Forest / Cotton twill,Clean cotton shorts with a simple tailored shape. Color: Forest. Made from cotton twill. Designed for modern everyday outfits.,published,https://medusa-public-images.s3.eu-west-1.amazonaws.com/sweatshirt-vintage-front.png,300,36,32,5,6109,TR,,Cotton twill,,,,,clothing,TRUE,EXT-0018,,S,FORCHISHO018-S,8930000000180,FALSE,TRUE,300,36,32,5,6109,TR,,Cotton twill,32.0,38,Size,S,https://medusa-public-images.s3.eu-west-1.amazonaws.com/sweatshirt-vintage-front.png,https://medusa-public-images.s3.eu-west-1.amazonaws.com/sweatshirt-vintage-back.png
,forest-chino-shorts-018,Forest Chino Shorts,Forest / Cotton twill,Clean cotton shorts with a simple tailored shape. Color: Forest. Made from cotton twill. Designed for modern everyday outfits.,published,https://medusa-public-images.s3.eu-west-1.amazonaws.com/sweatshirt-vintage-front.png,300,36,32,5,6109,TR,,Cotton twill,,,,,clothing,TRUE,EXT-0018,,M,FORCHISHO018-M,8930000000181,FALSE,TRUE,312,36,32,5,6109,TR,,Cotton twill,33.5,40,Size,M,https://medusa-public-images.s3.eu-west-1.amazonaws.com/sweatshirt-vintage-front.png,https://medusa-public-images.s3.eu-west-1.amazonaws.com/sweatshirt-vintage-back.png
,forest-chino-shorts-018,Forest Chino Shorts,Forest / Cotton twill,Clean cotton shorts with a simple tailored shape. Color: Forest. Made from cotton twill. Designed for modern everyday outfits.,published,https://medusa-public-images.s3.eu-west-1.amazonaws.com/sweatshirt-vintage-front.png,300,36,32,5,6109,TR,,Cotton twill,,,,,clothing,TRUE,EXT-0018,,L,FORCHISHO018-L,8930000000182,FALSE,TRUE,324,36,32,5,6109,TR,,Cotton twill,35.0,42,Size,L,https://medusa-public-images.s3.eu-west-1.amazonaws.com/sweatshirt-vintage-front.png,https://medusa-public-images.s3.eu-west-1.amazonaws.com/sweatshirt-vintage-back.png
,forest-chino-shorts-018,Forest Chino Shorts,Forest / Cotton twill,Clean cotton shorts with a simple tailored shape. Color: Forest. Made from cotton twill. Designed for modern everyday outfits.,published,https://medusa-public-images.s3.eu-west-1.amazonaws.com/sweatshirt-vintage-front.png,300,36,32,5,6109,TR,,Cotton twill,,,,,clothing,TRUE,EXT-0018,,XL,FORCHISHO018-XL,8930000000183,FALSE,TRUE,336,36,32,5,6109,TR,,Cotton twill,36.5,44,Size,XL,https://medusa-public-images.s3.eu-west-1.amazonaws.com/sweatshirt-vintage-front.png,https://medusa-public-images.s3.eu-west-1.amazonaws.com/sweatshirt-vintage-back.png
,charcoal-rib-tank-019,Charcoal Rib Tank,Charcoal / Rib cotton,Sleeveless rib tank for warm weather layering. Color: Charcoal. Made from rib cotton. Designed for modern everyday outfits.,published,https://medusa-public-images.s3.eu-west-1.amazonaws.com/sweatpants-gray-front.png,220,37,33,6,6109,IT,,Rib cotton,,,,,clothing,TRUE,EXT-0019,,S,CHARIBTAN019-S,8930000000190,FALSE,TRUE,220,37,33,6,6109,IT,,Rib cotton,18.0,24,Size,S,https://medusa-public-images.s3.eu-west-1.amazonaws.com/sweatpants-gray-front.png,https://medusa-public-images.s3.eu-west-1.amazonaws.com/sweatpants-gray-back.png
,charcoal-rib-tank-019,Charcoal Rib Tank,Charcoal / Rib cotton,Sleeveless rib tank for warm weather layering. Color: Charcoal. Made from rib cotton. Designed for modern everyday outfits.,published,https://medusa-public-images.s3.eu-west-1.amazonaws.com/sweatpants-gray-front.png,220,37,33,6,6109,IT,,Rib cotton,,,,,clothing,TRUE,EXT-0019,,M,CHARIBTAN019-M,8930000000191,FALSE,TRUE,232,37,33,6,6109,IT,,Rib cotton,19.5,26,Size,M,https://medusa-public-images.s3.eu-west-1.amazonaws.com/sweatpants-gray-front.png,https://medusa-public-images.s3.eu-west-1.amazonaws.com/sweatpants-gray-back.png
,charcoal-rib-tank-019,Charcoal Rib Tank,Charcoal / Rib cotton,Sleeveless rib tank for warm weather layering. Color: Charcoal. Made from rib cotton. Designed for modern everyday outfits.,published,https://medusa-public-images.s3.eu-west-1.amazonaws.com/sweatpants-gray-front.png,220,37,33,6,6109,IT,,Rib cotton,,,,,clothing,TRUE,EXT-0019,,L,CHARIBTAN019-L,8930000000192,FALSE,TRUE,244,37,33,6,6109,IT,,Rib cotton,21.0,28,Size,L,https://medusa-public-images.s3.eu-west-1.amazonaws.com/sweatpants-gray-front.png,https://medusa-public-images.s3.eu-west-1.amazonaws.com/sweatpants-gray-back.png
,charcoal-rib-tank-019,Charcoal Rib Tank,Charcoal / Rib cotton,Sleeveless rib tank for warm weather layering. Color: Charcoal. Made from rib cotton. Designed for modern everyday outfits.,published,https://medusa-public-images.s3.eu-west-1.amazonaws.com/sweatpants-gray-front.png,220,37,33,6,6109,IT,,Rib cotton,,,,,clothing,TRUE,EXT-0019,,XL,CHARIBTAN019-XL,8930000000193,FALSE,TRUE,256,37,33,6,6109,IT,,Rib cotton,22.5,30,Size,XL,https://medusa-public-images.s3.eu-west-1.amazonaws.com/sweatpants-gray-front.png,https://medusa-public-images.s3.eu-west-1.amazonaws.com/sweatpants-gray-back.png
,cream-polo-shirt-020,Cream Polo Shirt,Cream / Pique cotton,Soft polo shirt with a structured collar. Color: Cream. Made from pique cotton. Designed for modern everyday outfits.,published,https://medusa-public-images.s3.eu-west-1.amazonaws.com/shorts-vintage-front.png,360,38,24,3,6109,DK,,Pique cotton,,,,,clothing,TRUE,EXT-0020,,S,CREPOLSHI020-S,8930000000200,FALSE,TRUE,360,38,24,3,6109,DK,,Pique cotton,35.0,42,Size,S,https://medusa-public-images.s3.eu-west-1.amazonaws.com/shorts-vintage-front.png,https://medusa-public-images.s3.eu-west-1.amazonaws.com/shorts-vintage-back.png
,cream-polo-shirt-020,Cream Polo Shirt,Cream / Pique cotton,Soft polo shirt with a structured collar. Color: Cream. Made from pique cotton. Designed for modern everyday outfits.,published,https://medusa-public-images.s3.eu-west-1.amazonaws.com/shorts-vintage-front.png,360,38,24,3,6109,DK,,Pique cotton,,,,,clothing,TRUE,EXT-0020,,M,CREPOLSHI020-M,8930000000201,FALSE,TRUE,372,38,24,3,6109,DK,,Pique cotton,36.5,44,Size,M,https://medusa-public-images.s3.eu-west-1.amazonaws.com/shorts-vintage-front.png,https://medusa-public-images.s3.eu-west-1.amazonaws.com/shorts-vintage-back.png
,cream-polo-shirt-020,Cream Polo Shirt,Cream / Pique cotton,Soft polo shirt with a structured collar. Color: Cream. Made from pique cotton. Designed for modern everyday outfits.,published,https://medusa-public-images.s3.eu-west-1.amazonaws.com/shorts-vintage-front.png,360,38,24,3,6109,DK,,Pique cotton,,,,,clothing,TRUE,EXT-0020,,L,CREPOLSHI020-L,8930000000202,FALSE,TRUE,384,38,24,3,6109,DK,,Pique cotton,38.0,46,Size,L,https://medusa-public-images.s3.eu-west-1.amazonaws.com/shorts-vintage-front.png,https://medusa-public-images.s3.eu-west-1.amazonaws.com/shorts-vintage-back.png
,cream-polo-shirt-020,Cream Polo Shirt,Cream / Pique cotton,Soft polo shirt with a structured collar. Color: Cream. Made from pique cotton. Designed for modern everyday outfits.,published,https://medusa-public-images.s3.eu-west-1.amazonaws.com/shorts-vintage-front.png,360,38,24,3,6109,DK,,Pique cotton,,,,,clothing,TRUE,EXT-0020,,XL,CREPOLSHI020-XL,8930000000203,FALSE,TRUE,396,38,24,3,6109,DK,,Pique cotton,39.5,48,Size,XL,https://medusa-public-images.s3.eu-west-1.amazonaws.com/shorts-vintage-front.png,https://medusa-public-images.s3.eu-west-1.amazonaws.com/shorts-vintage-back.png
,black-essential-tee-021,Black Essential Tee,Black / Cotton,Everyday cotton T-shirt with a clean regular fit. Color: Black. Made from cotton. Designed for modern everyday outfits.,published,https://medusa-public-images.s3.eu-west-1.amazonaws.com/tee-black-front.png,320,39,25,4,6109,VN,,Cotton,,,,,clothing,TRUE,EXT-0021,,S,BLAESSTEE021-S,8930000000210,FALSE,TRUE,320,39,25,4,6109,VN,,Cotton,24.0,29,Size,S,https://medusa-public-images.s3.eu-west-1.amazonaws.com/tee-black-front.png,https://medusa-public-images.s3.eu-west-1.amazonaws.com/tee-black-back.png
,black-essential-tee-021,Black Essential Tee,Black / Cotton,Everyday cotton T-shirt with a clean regular fit. Color: Black. Made from cotton. Designed for modern everyday outfits.,published,https://medusa-public-images.s3.eu-west-1.amazonaws.com/tee-black-front.png,320,39,25,4,6109,VN,,Cotton,,,,,clothing,TRUE,EXT-0021,,M,BLAESSTEE021-M,8930000000211,FALSE,TRUE,332,39,25,4,6109,VN,,Cotton,25.5,31,Size,M,https://medusa-public-images.s3.eu-west-1.amazonaws.com/tee-black-front.png,https://medusa-public-images.s3.eu-west-1.amazonaws.com/tee-black-back.png
,black-essential-tee-021,Black Essential Tee,Black / Cotton,Everyday cotton T-shirt with a clean regular fit. Color: Black. Made from cotton. Designed for modern everyday outfits.,published,https://medusa-public-images.s3.eu-west-1.amazonaws.com/tee-black-front.png,320,39,25,4,6109,VN,,Cotton,,,,,clothing,TRUE,EXT-0021,,L,BLAESSTEE021-L,8930000000212,FALSE,TRUE,344,39,25,4,6109,VN,,Cotton,27.0,33,Size,L,https://medusa-public-images.s3.eu-west-1.amazonaws.com/tee-black-front.png,https://medusa-public-images.s3.eu-west-1.amazonaws.com/tee-black-back.png
,black-essential-tee-021,Black Essential Tee,Black / Cotton,Everyday cotton T-shirt with a clean regular fit. Color: Black. Made from cotton. Designed for modern everyday outfits.,published,https://medusa-public-images.s3.eu-west-1.amazonaws.com/tee-black-front.png,320,39,25,4,6109,VN,,Cotton,,,,,clothing,TRUE,EXT-0021,,XL,BLAESSTEE021-XL,8930000000213,FALSE,TRUE,356,39,25,4,6109,VN,,Cotton,28.5,35,Size,XL,https://medusa-public-images.s3.eu-west-1.amazonaws.com/tee-black-front.png,https://medusa-public-images.s3.eu-west-1.amazonaws.com/tee-black-back.png
,white-classic-tee-022,White Classic Tee,White / Cotton jersey,Soft jersey T-shirt designed for daily wear. Color: White. Made from cotton jersey. Designed for modern everyday outfits.,published,https://medusa-public-images.s3.eu-west-1.amazonaws.com/tee-white-front.png,330,40,26,5,6109,PT,,Cotton jersey,,,,,clothing,TRUE,EXT-0022,,S,WHICLATEE022-S,8930000000220,FALSE,TRUE,330,40,26,5,6109,PT,,Cotton jersey,22.0,27,Size,S,https://medusa-public-images.s3.eu-west-1.amazonaws.com/tee-white-front.png,https://medusa-public-images.s3.eu-west-1.amazonaws.com/tee-white-back.png
,white-classic-tee-022,White Classic Tee,White / Cotton jersey,Soft jersey T-shirt designed for daily wear. Color: White. Made from cotton jersey. Designed for modern everyday outfits.,published,https://medusa-public-images.s3.eu-west-1.amazonaws.com/tee-white-front.png,330,40,26,5,6109,PT,,Cotton jersey,,,,,clothing,TRUE,EXT-0022,,M,WHICLATEE022-M,8930000000221,FALSE,TRUE,342,40,26,5,6109,PT,,Cotton jersey,23.5,29,Size,M,https://medusa-public-images.s3.eu-west-1.amazonaws.com/tee-white-front.png,https://medusa-public-images.s3.eu-west-1.amazonaws.com/tee-white-back.png
,white-classic-tee-022,White Classic Tee,White / Cotton jersey,Soft jersey T-shirt designed for daily wear. Color: White. Made from cotton jersey. Designed for modern everyday outfits.,published,https://medusa-public-images.s3.eu-west-1.amazonaws.com/tee-white-front.png,330,40,26,5,6109,PT,,Cotton jersey,,,,,clothing,TRUE,EXT-0022,,L,WHICLATEE022-L,8930000000222,FALSE,TRUE,354,40,26,5,6109,PT,,Cotton jersey,25.0,31,Size,L,https://medusa-public-images.s3.eu-west-1.amazonaws.com/tee-white-front.png,https://medusa-public-images.s3.eu-west-1.amazonaws.com/tee-white-back.png
,white-classic-tee-022,White Classic Tee,White / Cotton jersey,Soft jersey T-shirt designed for daily wear. Color: White. Made from cotton jersey. Designed for modern everyday outfits.,published,https://medusa-public-images.s3.eu-west-1.amazonaws.com/tee-white-front.png,330,40,26,5,6109,PT,,Cotton jersey,,,,,clothing,TRUE,EXT-0022,,XL,WHICLATEE022-XL,8930000000223,FALSE,TRUE,366,40,26,5,6109,PT,,Cotton jersey,26.5,33,Size,XL,https://medusa-public-images.s3.eu-west-1.amazonaws.com/tee-white-front.png,https://medusa-public-images.s3.eu-west-1.amazonaws.com/tee-white-back.png
,navy-oversized-tee-023,Navy Oversized Tee,Navy / Cotton,Relaxed oversized T-shirt with a streetwear silhouette. Color: Navy. Made from cotton. Designed for modern everyday outfits.,published,https://medusa-public-images.s3.eu-west-1.amazonaws.com/sweatshirt-vintage-front.png,360,41,27,6,6109,TR,,Cotton,,,,,clothing,TRUE,EXT-0023,,S,NAVOVETEE023-S,8930000000230,FALSE,TRUE,360,41,27,6,6109,TR,,Cotton,26.0,31,Size,S,https://medusa-public-images.s3.eu-west-1.amazonaws.com/sweatshirt-vintage-front.png,https://medusa-public-images.s3.eu-west-1.amazonaws.com/sweatshirt-vintage-back.png
,navy-oversized-tee-023,Navy Oversized Tee,Navy / Cotton,Relaxed oversized T-shirt with a streetwear silhouette. Color: Navy. Made from cotton. Designed for modern everyday outfits.,published,https://medusa-public-images.s3.eu-west-1.amazonaws.com/sweatshirt-vintage-front.png,360,41,27,6,6109,TR,,Cotton,,,,,clothing,TRUE,EXT-0023,,M,NAVOVETEE023-M,8930000000231,FALSE,TRUE,372,41,27,6,6109,TR,,Cotton,27.5,33,Size,M,https://medusa-public-images.s3.eu-west-1.amazonaws.com/sweatshirt-vintage-front.png,https://medusa-public-images.s3.eu-west-1.amazonaws.com/sweatshirt-vintage-back.png
,navy-oversized-tee-023,Navy Oversized Tee,Navy / Cotton,Relaxed oversized T-shirt with a streetwear silhouette. Color: Navy. Made from cotton. Designed for modern everyday outfits.,published,https://medusa-public-images.s3.eu-west-1.amazonaws.com/sweatshirt-vintage-front.png,360,41,27,6,6109,TR,,Cotton,,,,,clothing,TRUE,EXT-0023,,L,NAVOVETEE023-L,8930000000232,FALSE,TRUE,384,41,27,6,6109,TR,,Cotton,29.0,35,Size,L,https://medusa-public-images.s3.eu-west-1.amazonaws.com/sweatshirt-vintage-front.png,https://medusa-public-images.s3.eu-west-1.amazonaws.com/sweatshirt-vintage-back.png
,navy-oversized-tee-023,Navy Oversized Tee,Navy / Cotton,Relaxed oversized T-shirt with a streetwear silhouette. Color: Navy. Made from cotton. Designed for modern everyday outfits.,published,https://medusa-public-images.s3.eu-west-1.amazonaws.com/sweatshirt-vintage-front.png,360,41,27,6,6109,TR,,Cotton,,,,,clothing,TRUE,EXT-0023,,XL,NAVOVETEE023-XL,8930000000233,FALSE,TRUE,396,41,27,6,6109,TR,,Cotton,30.5,37,Size,XL,https://medusa-public-images.s3.eu-west-1.amazonaws.com/sweatshirt-vintage-front.png,https://medusa-public-images.s3.eu-west-1.amazonaws.com/sweatshirt-vintage-back.png
,gray-pocket-tee-024,Gray Pocket Tee,Gray / Cotton,Casual T-shirt with a chest pocket and soft hand feel. Color: Gray. Made from cotton. Designed for modern everyday outfits.,published,https://medusa-public-images.s3.eu-west-1.amazonaws.com/sweatpants-gray-front.png,340,30,28,3,6109,IT,,Cotton,,,,,clothing,TRUE,EXT-0024,,S,GRAPOCTEE024-S,8930000000240,FALSE,TRUE,340,30,28,3,6109,IT,,Cotton,25.0,30,Size,S,https://medusa-public-images.s3.eu-west-1.amazonaws.com/sweatpants-gray-front.png,https://medusa-public-images.s3.eu-west-1.amazonaws.com/sweatpants-gray-back.png
,gray-pocket-tee-024,Gray Pocket Tee,Gray / Cotton,Casual T-shirt with a chest pocket and soft hand feel. Color: Gray. Made from cotton. Designed for modern everyday outfits.,published,https://medusa-public-images.s3.eu-west-1.amazonaws.com/sweatpants-gray-front.png,340,30,28,3,6109,IT,,Cotton,,,,,clothing,TRUE,EXT-0024,,M,GRAPOCTEE024-M,8930000000241,FALSE,TRUE,352,30,28,3,6109,IT,,Cotton,26.5,32,Size,M,https://medusa-public-images.s3.eu-west-1.amazonaws.com/sweatpants-gray-front.png,https://medusa-public-images.s3.eu-west-1.amazonaws.com/sweatpants-gray-back.png
,gray-pocket-tee-024,Gray Pocket Tee,Gray / Cotton,Casual T-shirt with a chest pocket and soft hand feel. Color: Gray. Made from cotton. Designed for modern everyday outfits.,published,https://medusa-public-images.s3.eu-west-1.amazonaws.com/sweatpants-gray-front.png,340,30,28,3,6109,IT,,Cotton,,,,,clothing,TRUE,EXT-0024,,L,GRAPOCTEE024-L,8930000000242,FALSE,TRUE,364,30,28,3,6109,IT,,Cotton,28.0,34,Size,L,https://medusa-public-images.s3.eu-west-1.amazonaws.com/sweatpants-gray-front.png,https://medusa-public-images.s3.eu-west-1.amazonaws.com/sweatpants-gray-back.png
,gray-pocket-tee-024,Gray Pocket Tee,Gray / Cotton,Casual T-shirt with a chest pocket and soft hand feel. Color: Gray. Made from cotton. Designed for modern everyday outfits.,published,https://medusa-public-images.s3.eu-west-1.amazonaws.com/sweatpants-gray-front.png,340,30,28,3,6109,IT,,Cotton,,,,,clothing,TRUE,EXT-0024,,XL,GRAPOCTEE024-XL,8930000000243,FALSE,TRUE,376,30,28,3,6109,IT,,Cotton,29.5,36,Size,XL,https://medusa-public-images.s3.eu-west-1.amazonaws.com/sweatpants-gray-front.png,https://medusa-public-images.s3.eu-west-1.amazonaws.com/sweatpants-gray-back.png
,olive-training-tee-025,Olive Training Tee,Olive / Cotton blend,Breathable T-shirt for workouts and active days. Color: Olive. Made from cotton blend. Designed for modern everyday outfits.,published,https://medusa-public-images.s3.eu-west-1.amazonaws.com/shorts-vintage-front.png,310,31,29,4,6109,DK,,Cotton blend,,,,,clothing,TRUE,EXT-0025,,S,OLITRATEE025-S,8930000000250,FALSE,TRUE,310,31,29,4,6109,DK,,Cotton blend,28.0,34,Size,S,https://medusa-public-images.s3.eu-west-1.amazonaws.com/shorts-vintage-front.png,https://medusa-public-images.s3.eu-west-1.amazonaws.com/shorts-vintage-back.png
,olive-training-tee-025,Olive Training Tee,Olive / Cotton blend,Breathable T-shirt for workouts and active days. Color: Olive. Made from cotton blend. Designed for modern everyday outfits.,published,https://medusa-public-images.s3.eu-west-1.amazonaws.com/shorts-vintage-front.png,310,31,29,4,6109,DK,,Cotton blend,,,,,clothing,TRUE,EXT-0025,,M,OLITRATEE025-M,8930000000251,FALSE,TRUE,322,31,29,4,6109,DK,,Cotton blend,29.5,36,Size,M,https://medusa-public-images.s3.eu-west-1.amazonaws.com/shorts-vintage-front.png,https://medusa-public-images.s3.eu-west-1.amazonaws.com/shorts-vintage-back.png
,olive-training-tee-025,Olive Training Tee,Olive / Cotton blend,Breathable T-shirt for workouts and active days. Color: Olive. Made from cotton blend. Designed for modern everyday outfits.,published,https://medusa-public-images.s3.eu-west-1.amazonaws.com/shorts-vintage-front.png,310,31,29,4,6109,DK,,Cotton blend,,,,,clothing,TRUE,EXT-0025,,L,OLITRATEE025-L,8930000000252,FALSE,TRUE,334,31,29,4,6109,DK,,Cotton blend,31.0,38,Size,L,https://medusa-public-images.s3.eu-west-1.amazonaws.com/shorts-vintage-front.png,https://medusa-public-images.s3.eu-west-1.amazonaws.com/shorts-vintage-back.png
,olive-training-tee-025,Olive Training Tee,Olive / Cotton blend,Breathable T-shirt for workouts and active days. Color: Olive. Made from cotton blend. Designed for modern everyday outfits.,published,https://medusa-public-images.s3.eu-west-1.amazonaws.com/shorts-vintage-front.png,310,31,29,4,6109,DK,,Cotton blend,,,,,clothing,TRUE,EXT-0025,,XL,OLITRATEE025-XL,8930000000253,FALSE,TRUE,346,31,29,4,6109,DK,,Cotton blend,32.5,40,Size,XL,https://medusa-public-images.s3.eu-west-1.amazonaws.com/shorts-vintage-front.png,https://medusa-public-images.s3.eu-west-1.amazonaws.com/shorts-vintage-back.png
,stone-long-sleeve-tee-026,Stone Long Sleeve Tee,Stone / Cotton,Light long-sleeve tee for layering in cooler weather. Color: Stone. Made from cotton. Designed for modern everyday outfits.,published,https://medusa-public-images.s3.eu-west-1.amazonaws.com/tee-black-front.png,380,32,30,5,6109,VN,,Cotton,,,,,clothing,TRUE,EXT-0026,,S,STOLONSLETEE026-S,8930000000260,FALSE,TRUE,380,32,30,5,6109,VN,,Cotton,30.0,36,Size,S,https://medusa-public-images.s3.eu-west-1.amazonaws.com/tee-black-front.png,https://medusa-public-images.s3.eu-west-1.amazonaws.com/tee-black-back.png
,stone-long-sleeve-tee-026,Stone Long Sleeve Tee,Stone / Cotton,Light long-sleeve tee for layering in cooler weather. Color: Stone. Made from cotton. Designed for modern everyday outfits.,published,https://medusa-public-images.s3.eu-west-1.amazonaws.com/tee-black-front.png,380,32,30,5,6109,VN,,Cotton,,,,,clothing,TRUE,EXT-0026,,M,STOLONSLETEE026-M,8930000000261,FALSE,TRUE,392,32,30,5,6109,VN,,Cotton,31.5,38,Size,M,https://medusa-public-images.s3.eu-west-1.amazonaws.com/tee-black-front.png,https://medusa-public-images.s3.eu-west-1.amazonaws.com/tee-black-back.png
,stone-long-sleeve-tee-026,Stone Long Sleeve Tee,Stone / Cotton,Light long-sleeve tee for layering in cooler weather. Color: Stone. Made from cotton. Designed for modern everyday outfits.,published,https://medusa-public-images.s3.eu-west-1.amazonaws.com/tee-black-front.png,380,32,30,5,6109,VN,,Cotton,,,,,clothing,TRUE,EXT-0026,,L,STOLONSLETEE026-L,8930000000262,FALSE,TRUE,404,32,30,5,6109,VN,,Cotton,33.0,40,Size,L,https://medusa-public-images.s3.eu-west-1.amazonaws.com/tee-black-front.png,https://medusa-public-images.s3.eu-west-1.amazonaws.com/tee-black-back.png
,stone-long-sleeve-tee-026,Stone Long Sleeve Tee,Stone / Cotton,Light long-sleeve tee for layering in cooler weather. Color: Stone. Made from cotton. Designed for modern everyday outfits.,published,https://medusa-public-images.s3.eu-west-1.amazonaws.com/tee-black-front.png,380,32,30,5,6109,VN,,Cotton,,,,,clothing,TRUE,EXT-0026,,XL,STOLONSLETEE026-XL,8930000000263,FALSE,TRUE,416,32,30,5,6109,VN,,Cotton,34.5,42,Size,XL,https://medusa-public-images.s3.eu-west-1.amazonaws.com/tee-black-front.png,https://medusa-public-images.s3.eu-west-1.amazonaws.com/tee-black-back.png
,burgundy-crewneck-sweatshirt-027,Burgundy Crewneck Sweatshirt,Burgundy / Fleece cotton,Warm crewneck sweatshirt with ribbed cuffs. Color: Burgundy. Made from fleece cotton. Designed for modern everyday outfits.,published,https://medusa-public-images.s3.eu-west-1.amazonaws.com/tee-white-front.png,560,33,31,6,6109,PT,,Fleece cotton,,,,,clothing,TRUE,EXT-0027,,S,BURCRESWE027-S,8930000000270,FALSE,TRUE,560,33,31,6,6109,PT,,Fleece cotton,45.0,54,Size,S,https://medusa-public-images.s3.eu-west-1.amazonaws.com/tee-white-front.png,https://medusa-public-images.s3.eu-west-1.amazonaws.com/tee-white-back.png
,burgundy-crewneck-sweatshirt-027,Burgundy Crewneck Sweatshirt,Burgundy / Fleece cotton,Warm crewneck sweatshirt with ribbed cuffs. Color: Burgundy. Made from fleece cotton. Designed for modern everyday outfits.,published,https://medusa-public-images.s3.eu-west-1.amazonaws.com/tee-white-front.png,560,33,31,6,6109,PT,,Fleece cotton,,,,,clothing,TRUE,EXT-0027,,M,BURCRESWE027-M,8930000000271,FALSE,TRUE,572,33,31,6,6109,PT,,Fleece cotton,46.5,56,Size,M,https://medusa-public-images.s3.eu-west-1.amazonaws.com/tee-white-front.png,https://medusa-public-images.s3.eu-west-1.amazonaws.com/tee-white-back.png
,burgundy-crewneck-sweatshirt-027,Burgundy Crewneck Sweatshirt,Burgundy / Fleece cotton,Warm crewneck sweatshirt with ribbed cuffs. Color: Burgundy. Made from fleece cotton. Designed for modern everyday outfits.,published,https://medusa-public-images.s3.eu-west-1.amazonaws.com/tee-white-front.png,560,33,31,6,6109,PT,,Fleece cotton,,,,,clothing,TRUE,EXT-0027,,L,BURCRESWE027-L,8930000000272,FALSE,TRUE,584,33,31,6,6109,PT,,Fleece cotton,48.0,58,Size,L,https://medusa-public-images.s3.eu-west-1.amazonaws.com/tee-white-front.png,https://medusa-public-images.s3.eu-west-1.amazonaws.com/tee-white-back.png
,burgundy-crewneck-sweatshirt-027,Burgundy Crewneck Sweatshirt,Burgundy / Fleece cotton,Warm crewneck sweatshirt with ribbed cuffs. Color: Burgundy. Made from fleece cotton. Designed for modern everyday outfits.,published,https://medusa-public-images.s3.eu-west-1.amazonaws.com/tee-white-front.png,560,33,31,6,6109,PT,,Fleece cotton,,,,,clothing,TRUE,EXT-0027,,XL,BURCRESWE027-XL,8930000000273,FALSE,TRUE,596,33,31,6,6109,PT,,Fleece cotton,49.5,60,Size,XL,https://medusa-public-images.s3.eu-west-1.amazonaws.com/tee-white-front.png,https://medusa-public-images.s3.eu-west-1.amazonaws.com/tee-white-back.png
,forest-vintage-sweatshirt-028,Forest Vintage Sweatshirt,Forest / Cotton fleece,Washed sweatshirt with a soft vintage finish. Color: Forest. Made from cotton fleece. Designed for modern everyday outfits.,published,https://medusa-public-images.s3.eu-west-1.amazonaws.com/sweatshirt-vintage-front.png,540,34,32,3,6109,TR,,Cotton fleece,,,,,clothing,TRUE,EXT-0028,,S,FORVINSWE028-S,8930000000280,FALSE,TRUE,540,34,32,3,6109,TR,,Cotton fleece,48.0,58,Size,S,https://medusa-public-images.s3.eu-west-1.amazonaws.com/sweatshirt-vintage-front.png,https://medusa-public-images.s3.eu-west-1.amazonaws.com/sweatshirt-vintage-back.png
,forest-vintage-sweatshirt-028,Forest Vintage Sweatshirt,Forest / Cotton fleece,Washed sweatshirt with a soft vintage finish. Color: Forest. Made from cotton fleece. Designed for modern everyday outfits.,published,https://medusa-public-images.s3.eu-west-1.amazonaws.com/sweatshirt-vintage-front.png,540,34,32,3,6109,TR,,Cotton fleece,,,,,clothing,TRUE,EXT-0028,,M,FORVINSWE028-M,8930000000281,FALSE,TRUE,552,34,32,3,6109,TR,,Cotton fleece,49.5,60,Size,M,https://medusa-public-images.s3.eu-west-1.amazonaws.com/sweatshirt-vintage-front.png,https://medusa-public-images.s3.eu-west-1.amazonaws.com/sweatshirt-vintage-back.png
,forest-vintage-sweatshirt-028,Forest Vintage Sweatshirt,Forest / Cotton fleece,Washed sweatshirt with a soft vintage finish. Color: Forest. Made from cotton fleece. Designed for modern everyday outfits.,published,https://medusa-public-images.s3.eu-west-1.amazonaws.com/sweatshirt-vintage-front.png,540,34,32,3,6109,TR,,Cotton fleece,,,,,clothing,TRUE,EXT-0028,,L,FORVINSWE028-L,8930000000282,FALSE,TRUE,564,34,32,3,6109,TR,,Cotton fleece,51.0,62,Size,L,https://medusa-public-images.s3.eu-west-1.amazonaws.com/sweatshirt-vintage-front.png,https://medusa-public-images.s3.eu-west-1.amazonaws.com/sweatshirt-vintage-back.png
,forest-vintage-sweatshirt-028,Forest Vintage Sweatshirt,Forest / Cotton fleece,Washed sweatshirt with a soft vintage finish. Color: Forest. Made from cotton fleece. Designed for modern everyday outfits.,published,https://medusa-public-images.s3.eu-west-1.amazonaws.com/sweatshirt-vintage-front.png,540,34,32,3,6109,TR,,Cotton fleece,,,,,clothing,TRUE,EXT-0028,,XL,FORVINSWE028-XL,8930000000283,FALSE,TRUE,576,34,32,3,6109,TR,,Cotton fleece,52.5,64,Size,XL,https://medusa-public-images.s3.eu-west-1.amazonaws.com/sweatshirt-vintage-front.png,https://medusa-public-images.s3.eu-west-1.amazonaws.com/sweatshirt-vintage-back.png
,charcoal-pullover-hoodie-029,Charcoal Pullover Hoodie,Charcoal / Cotton fleece,Comfortable pullover hoodie with kangaroo pocket. Color: Charcoal. Made from cotton fleece. Designed for modern everyday outfits.,published,https://medusa-public-images.s3.eu-west-1.amazonaws.com/sweatpants-gray-front.png,680,35,33,4,6109,IT,,Cotton fleece,,,,,clothing,TRUE,EXT-0029,,S,CHAPULHOO029-S,8930000000290,FALSE,TRUE,680,35,33,4,6109,IT,,Cotton fleece,55.0,65,Size,S,https://medusa-public-images.s3.eu-west-1.amazonaws.com/sweatpants-gray-front.png,https://medusa-public-images.s3.eu-west-1.amazonaws.com/sweatpants-gray-back.png
,charcoal-pullover-hoodie-029,Charcoal Pullover Hoodie,Charcoal / Cotton fleece,Comfortable pullover hoodie with kangaroo pocket. Color: Charcoal. Made from cotton fleece. Designed for modern everyday outfits.,published,https://medusa-public-images.s3.eu-west-1.amazonaws.com/sweatpants-gray-front.png,680,35,33,4,6109,IT,,Cotton fleece,,,,,clothing,TRUE,EXT-0029,,M,CHAPULHOO029-M,8930000000291,FALSE,TRUE,692,35,33,4,6109,IT,,Cotton fleece,56.5,67,Size,M,https://medusa-public-images.s3.eu-west-1.amazonaws.com/sweatpants-gray-front.png,https://medusa-public-images.s3.eu-west-1.amazonaws.com/sweatpants-gray-back.png
,charcoal-pullover-hoodie-029,Charcoal Pullover Hoodie,Charcoal / Cotton fleece,Comfortable pullover hoodie with kangaroo pocket. Color: Charcoal. Made from cotton fleece. Designed for modern everyday outfits.,published,https://medusa-public-images.s3.eu-west-1.amazonaws.com/sweatpants-gray-front.png,680,35,33,4,6109,IT,,Cotton fleece,,,,,clothing,TRUE,EXT-0029,,L,CHAPULHOO029-L,8930000000292,FALSE,TRUE,704,35,33,4,6109,IT,,Cotton fleece,58.0,69,Size,L,https://medusa-public-images.s3.eu-west-1.amazonaws.com/sweatpants-gray-front.png,https://medusa-public-images.s3.eu-west-1.amazonaws.com/sweatpants-gray-back.png
,charcoal-pullover-hoodie-029,Charcoal Pullover Hoodie,Charcoal / Cotton fleece,Comfortable pullover hoodie with kangaroo pocket. Color: Charcoal. Made from cotton fleece. Designed for modern everyday outfits.,published,https://medusa-public-images.s3.eu-west-1.amazonaws.com/sweatpants-gray-front.png,680,35,33,4,6109,IT,,Cotton fleece,,,,,clothing,TRUE,EXT-0029,,XL,CHAPULHOO029-XL,8930000000293,FALSE,TRUE,716,35,33,4,6109,IT,,Cotton fleece,59.5,71,Size,XL,https://medusa-public-images.s3.eu-west-1.amazonaws.com/sweatpants-gray-front.png,https://medusa-public-images.s3.eu-west-1.amazonaws.com/sweatpants-gray-back.png
,cream-zip-hoodie-030,Cream Zip Hoodie,Cream / Cotton fleece,Full-zip hoodie built for layering and travel. Color: Cream. Made from cotton fleece. Designed for modern everyday outfits.,published,https://medusa-public-images.s3.eu-west-1.amazonaws.com/shorts-vintage-front.png,700,36,24,5,6109,DK,,Cotton fleece,,,,,clothing,TRUE,EXT-0030,,S,CREZIPHOO030-S,8930000000300,FALSE,TRUE,700,36,24,5,6109,DK,,Cotton fleece,59.0,70,Size,S,https://medusa-public-images.s3.eu-west-1.amazonaws.com/shorts-vintage-front.png,https://medusa-public-images.s3.eu-west-1.amazonaws.com/shorts-vintage-back.png
,cream-zip-hoodie-030,Cream Zip Hoodie,Cream / Cotton fleece,Full-zip hoodie built for layering and travel. Color: Cream. Made from cotton fleece. Designed for modern everyday outfits.,published,https://medusa-public-images.s3.eu-west-1.amazonaws.com/shorts-vintage-front.png,700,36,24,5,6109,DK,,Cotton fleece,,,,,clothing,TRUE,EXT-0030,,M,CREZIPHOO030-M,8930000000301,FALSE,TRUE,712,36,24,5,6109,DK,,Cotton fleece,60.5,72,Size,M,https://medusa-public-images.s3.eu-west-1.amazonaws.com/shorts-vintage-front.png,https://medusa-public-images.s3.eu-west-1.amazonaws.com/shorts-vintage-back.png
,cream-zip-hoodie-030,Cream Zip Hoodie,Cream / Cotton fleece,Full-zip hoodie built for layering and travel. Color: Cream. Made from cotton fleece. Designed for modern everyday outfits.,published,https://medusa-public-images.s3.eu-west-1.amazonaws.com/shorts-vintage-front.png,700,36,24,5,6109,DK,,Cotton fleece,,,,,clothing,TRUE,EXT-0030,,L,CREZIPHOO030-L,8930000000302,FALSE,TRUE,724,36,24,5,6109,DK,,Cotton fleece,62.0,74,Size,L,https://medusa-public-images.s3.eu-west-1.amazonaws.com/shorts-vintage-front.png,https://medusa-public-images.s3.eu-west-1.amazonaws.com/shorts-vintage-back.png
,cream-zip-hoodie-030,Cream Zip Hoodie,Cream / Cotton fleece,Full-zip hoodie built for layering and travel. Color: Cream. Made from cotton fleece. Designed for modern everyday outfits.,published,https://medusa-public-images.s3.eu-west-1.amazonaws.com/shorts-vintage-front.png,700,36,24,5,6109,DK,,Cotton fleece,,,,,clothing,TRUE,EXT-0030,,XL,CREZIPHOO030-XL,8930000000303,FALSE,TRUE,736,36,24,5,6109,DK,,Cotton fleece,63.5,76,Size,XL,https://medusa-public-images.s3.eu-west-1.amazonaws.com/shorts-vintage-front.png,https://medusa-public-images.s3.eu-west-1.amazonaws.com/shorts-vintage-back.png
,black-lightweight-hoodie-031,Black Lightweight Hoodie,Black / French terry,Light hoodie for transitional weather. Color: Black. Made from french terry. Designed for modern everyday outfits.,published,https://medusa-public-images.s3.eu-west-1.amazonaws.com/tee-black-front.png,580,37,25,6,6109,VN,,French terry,,,,,clothing,TRUE,EXT-0031,,S,BLALIGHOO031-S,8930000000310,FALSE,TRUE,580,37,25,6,6109,VN,,French terry,50.0,60,Size,S,https://medusa-public-images.s3.eu-west-1.amazonaws.com/tee-black-front.png,https://medusa-public-images.s3.eu-west-1.amazonaws.com/tee-black-back.png
,black-lightweight-hoodie-031,Black Lightweight Hoodie,Black / French terry,Light hoodie for transitional weather. Color: Black. Made from french terry. Designed for modern everyday outfits.,published,https://medusa-public-images.s3.eu-west-1.amazonaws.com/tee-black-front.png,580,37,25,6,6109,VN,,French terry,,,,,clothing,TRUE,EXT-0031,,M,BLALIGHOO031-M,8930000000311,FALSE,TRUE,592,37,25,6,6109,VN,,French terry,51.5,62,Size,M,https://medusa-public-images.s3.eu-west-1.amazonaws.com/tee-black-front.png,https://medusa-public-images.s3.eu-west-1.amazonaws.com/tee-black-back.png
,black-lightweight-hoodie-031,Black Lightweight Hoodie,Black / French terry,Light hoodie for transitional weather. Color: Black. Made from french terry. Designed for modern everyday outfits.,published,https://medusa-public-images.s3.eu-west-1.amazonaws.com/tee-black-front.png,580,37,25,6,6109,VN,,French terry,,,,,clothing,TRUE,EXT-0031,,L,BLALIGHOO031-L,8930000000312,FALSE,TRUE,604,37,25,6,6109,VN,,French terry,53.0,64,Size,L,https://medusa-public-images.s3.eu-west-1.amazonaws.com/tee-black-front.png,https://medusa-public-images.s3.eu-west-1.amazonaws.com/tee-black-back.png
,black-lightweight-hoodie-031,Black Lightweight Hoodie,Black / French terry,Light hoodie for transitional weather. Color: Black. Made from french terry. Designed for modern everyday outfits.,published,https://medusa-public-images.s3.eu-west-1.amazonaws.com/tee-black-front.png,580,37,25,6,6109,VN,,French terry,,,,,clothing,TRUE,EXT-0031,,XL,BLALIGHOO031-XL,8930000000313,FALSE,TRUE,616,37,25,6,6109,VN,,French terry,54.5,66,Size,XL,https://medusa-public-images.s3.eu-west-1.amazonaws.com/tee-black-front.png,https://medusa-public-images.s3.eu-west-1.amazonaws.com/tee-black-back.png
,white-joggers-032,White Joggers,White / Cotton fleece,Relaxed joggers with elastic waistband and cuffs. Color: White. Made from cotton fleece. Designed for modern everyday outfits.,published,https://medusa-public-images.s3.eu-west-1.amazonaws.com/tee-white-front.png,520,38,26,3,6109,PT,,Cotton fleece,,,,,clothing,TRUE,EXT-0032,,S,WHIJOG032-S,8930000000320,FALSE,TRUE,520,38,26,3,6109,PT,,Cotton fleece,42.0,50,Size,S,https://medusa-public-images.s3.eu-west-1.amazonaws.com/tee-white-front.png,https://medusa-public-images.s3.eu-west-1.amazonaws.com/tee-white-back.png
,white-joggers-032,White Joggers,White / Cotton fleece,Relaxed joggers with elastic waistband and cuffs. Color: White. Made from cotton fleece. Designed for modern everyday outfits.,published,https://medusa-public-images.s3.eu-west-1.amazonaws.com/tee-white-front.png,520,38,26,3,6109,PT,,Cotton fleece,,,,,clothing,TRUE,EXT-0032,,M,WHIJOG032-M,8930000000321,FALSE,TRUE,532,38,26,3,6109,PT,,Cotton fleece,43.5,52,Size,M,https://medusa-public-images.s3.eu-west-1.amazonaws.com/tee-white-front.png,https://medusa-public-images.s3.eu-west-1.amazonaws.com/tee-white-back.png
,white-joggers-032,White Joggers,White / Cotton fleece,Relaxed joggers with elastic waistband and cuffs. Color: White. Made from cotton fleece. Designed for modern everyday outfits.,published,https://medusa-public-images.s3.eu-west-1.amazonaws.com/tee-white-front.png,520,38,26,3,6109,PT,,Cotton fleece,,,,,clothing,TRUE,EXT-0032,,L,WHIJOG032-L,8930000000322,FALSE,TRUE,544,38,26,3,6109,PT,,Cotton fleece,45.0,54,Size,L,https://medusa-public-images.s3.eu-west-1.amazonaws.com/tee-white-front.png,https://medusa-public-images.s3.eu-west-1.amazonaws.com/tee-white-back.png
,white-joggers-032,White Joggers,White / Cotton fleece,Relaxed joggers with elastic waistband and cuffs. Color: White. Made from cotton fleece. Designed for modern everyday outfits.,published,https://medusa-public-images.s3.eu-west-1.amazonaws.com/tee-white-front.png,520,38,26,3,6109,PT,,Cotton fleece,,,,,clothing,TRUE,EXT-0032,,XL,WHIJOG032-XL,8930000000323,FALSE,TRUE,556,38,26,3,6109,PT,,Cotton fleece,46.5,56,Size,XL,https://medusa-public-images.s3.eu-west-1.amazonaws.com/tee-white-front.png,https://medusa-public-images.s3.eu-west-1.amazonaws.com/tee-white-back.png
,navy-sweatpants-033,Navy Sweatpants,Navy / Cotton fleece,Classic sweatpants with a soft brushed interior. Color: Navy. Made from cotton fleece. Designed for modern everyday outfits.,published,https://medusa-public-images.s3.eu-west-1.amazonaws.com/sweatshirt-vintage-front.png,540,39,27,4,6109,TR,,Cotton fleece,,,,,clothing,TRUE,EXT-0033,,S,NAVSWE033-S,8930000000330,FALSE,TRUE,540,39,27,4,6109,TR,,Cotton fleece,40.0,48,Size,S,https://medusa-public-images.s3.eu-west-1.amazonaws.com/sweatshirt-vintage-front.png,https://medusa-public-images.s3.eu-west-1.amazonaws.com/sweatshirt-vintage-back.png
,navy-sweatpants-033,Navy Sweatpants,Navy / Cotton fleece,Classic sweatpants with a soft brushed interior. Color: Navy. Made from cotton fleece. Designed for modern everyday outfits.,published,https://medusa-public-images.s3.eu-west-1.amazonaws.com/sweatshirt-vintage-front.png,540,39,27,4,6109,TR,,Cotton fleece,,,,,clothing,TRUE,EXT-0033,,M,NAVSWE033-M,8930000000331,FALSE,TRUE,552,39,27,4,6109,TR,,Cotton fleece,41.5,50,Size,M,https://medusa-public-images.s3.eu-west-1.amazonaws.com/sweatshirt-vintage-front.png,https://medusa-public-images.s3.eu-west-1.amazonaws.com/sweatshirt-vintage-back.png
,navy-sweatpants-033,Navy Sweatpants,Navy / Cotton fleece,Classic sweatpants with a soft brushed interior. Color: Navy. Made from cotton fleece. Designed for modern everyday outfits.,published,https://medusa-public-images.s3.eu-west-1.amazonaws.com/sweatshirt-vintage-front.png,540,39,27,4,6109,TR,,Cotton fleece,,,,,clothing,TRUE,EXT-0033,,L,NAVSWE033-L,8930000000332,FALSE,TRUE,564,39,27,4,6109,TR,,Cotton fleece,43.0,52,Size,L,https://medusa-public-images.s3.eu-west-1.amazonaws.com/sweatshirt-vintage-front.png,https://medusa-public-images.s3.eu-west-1.amazonaws.com/sweatshirt-vintage-back.png
,navy-sweatpants-033,Navy Sweatpants,Navy / Cotton fleece,Classic sweatpants with a soft brushed interior. Color: Navy. Made from cotton fleece. Designed for modern everyday outfits.,published,https://medusa-public-images.s3.eu-west-1.amazonaws.com/sweatshirt-vintage-front.png,540,39,27,4,6109,TR,,Cotton fleece,,,,,clothing,TRUE,EXT-0033,,XL,NAVSWE033-XL,8930000000333,FALSE,TRUE,576,39,27,4,6109,TR,,Cotton fleece,44.5,54,Size,XL,https://medusa-public-images.s3.eu-west-1.amazonaws.com/sweatshirt-vintage-front.png,https://medusa-public-images.s3.eu-west-1.amazonaws.com/sweatshirt-vintage-back.png
,gray-relaxed-pants-034,Gray Relaxed Pants,Gray / Cotton twill,Tapered cotton pants for everyday styling. Color: Gray. Made from cotton twill. Designed for modern everyday outfits.,published,https://medusa-public-images.s3.eu-west-1.amazonaws.com/sweatpants-gray-front.png,500,40,28,5,6109,IT,,Cotton twill,,,,,clothing,TRUE,EXT-0034,,S,GRARELPAN034-S,8930000000340,FALSE,TRUE,500,40,28,5,6109,IT,,Cotton twill,49.0,58,Size,S,https://medusa-public-images.s3.eu-west-1.amazonaws.com/sweatpants-gray-front.png,https://medusa-public-images.s3.eu-west-1.amazonaws.com/sweatpants-gray-back.png
,gray-relaxed-pants-034,Gray Relaxed Pants,Gray / Cotton twill,Tapered cotton pants for everyday styling. Color: Gray. Made from cotton twill. Designed for modern everyday outfits.,published,https://medusa-public-images.s3.eu-west-1.amazonaws.com/sweatpants-gray-front.png,500,40,28,5,6109,IT,,Cotton twill,,,,,clothing,TRUE,EXT-0034,,M,GRARELPAN034-M,8930000000341,FALSE,TRUE,512,40,28,5,6109,IT,,Cotton twill,50.5,60,Size,M,https://medusa-public-images.s3.eu-west-1.amazonaws.com/sweatpants-gray-front.png,https://medusa-public-images.s3.eu-west-1.amazonaws.com/sweatpants-gray-back.png
,gray-relaxed-pants-034,Gray Relaxed Pants,Gray / Cotton twill,Tapered cotton pants for everyday styling. Color: Gray. Made from cotton twill. Designed for modern everyday outfits.,published,https://medusa-public-images.s3.eu-west-1.amazonaws.com/sweatpants-gray-front.png,500,40,28,5,6109,IT,,Cotton twill,,,,,clothing,TRUE,EXT-0034,,L,GRARELPAN034-L,8930000000342,FALSE,TRUE,524,40,28,5,6109,IT,,Cotton twill,52.0,62,Size,L,https://medusa-public-images.s3.eu-west-1.amazonaws.com/sweatpants-gray-front.png,https://medusa-public-images.s3.eu-west-1.amazonaws.com/sweatpants-gray-back.png
,gray-relaxed-pants-034,Gray Relaxed Pants,Gray / Cotton twill,Tapered cotton pants for everyday styling. Color: Gray. Made from cotton twill. Designed for modern everyday outfits.,published,https://medusa-public-images.s3.eu-west-1.amazonaws.com/sweatpants-gray-front.png,500,40,28,5,6109,IT,,Cotton twill,,,,,clothing,TRUE,EXT-0034,,XL,GRARELPAN034-XL,8930000000343,FALSE,TRUE,536,40,28,5,6109,IT,,Cotton twill,53.5,64,Size,XL,https://medusa-public-images.s3.eu-west-1.amazonaws.com/sweatpants-gray-front.png,https://medusa-public-images.s3.eu-west-1.amazonaws.com/sweatpants-gray-back.png
,olive-lounge-pants-035,Olive Lounge Pants,Olive / Cotton blend,Soft lounge pants made for comfort at home or travel. Color: Olive. Made from cotton blend. Designed for modern everyday outfits.,published,https://medusa-public-images.s3.eu-west-1.amazonaws.com/shorts-vintage-front.png,470,41,29,6,6109,DK,,Cotton blend,,,,,clothing,TRUE,EXT-0035,,S,OLILOUPAN035-S,8930000000350,FALSE,TRUE,470,41,29,6,6109,DK,,Cotton blend,38.0,46,Size,S,https://medusa-public-images.s3.eu-west-1.amazonaws.com/shorts-vintage-front.png,https://medusa-public-images.s3.eu-west-1.amazonaws.com/shorts-vintage-back.png
,olive-lounge-pants-035,Olive Lounge Pants,Olive / Cotton blend,Soft lounge pants made for comfort at home or travel. Color: Olive. Made from cotton blend. Designed for modern everyday outfits.,published,https://medusa-public-images.s3.eu-west-1.amazonaws.com/shorts-vintage-front.png,470,41,29,6,6109,DK,,Cotton blend,,,,,clothing,TRUE,EXT-0035,,M,OLILOUPAN035-M,8930000000351,FALSE,TRUE,482,41,29,6,6109,DK,,Cotton blend,39.5,48,Size,M,https://medusa-public-images.s3.eu-west-1.amazonaws.com/shorts-vintage-front.png,https://medusa-public-images.s3.eu-west-1.amazonaws.com/shorts-vintage-back.png
,olive-lounge-pants-035,Olive Lounge Pants,Olive / Cotton blend,Soft lounge pants made for comfort at home or travel. Color: Olive. Made from cotton blend. Designed for modern everyday outfits.,published,https://medusa-public-images.s3.eu-west-1.amazonaws.com/shorts-vintage-front.png,470,41,29,6,6109,DK,,Cotton blend,,,,,clothing,TRUE,EXT-0035,,L,OLILOUPAN035-L,8930000000352,FALSE,TRUE,494,41,29,6,6109,DK,,Cotton blend,41.0,50,Size,L,https://medusa-public-images.s3.eu-west-1.amazonaws.com/shorts-vintage-front.png,https://medusa-public-images.s3.eu-west-1.amazonaws.com/shorts-vintage-back.png
,olive-lounge-pants-035,Olive Lounge Pants,Olive / Cotton blend,Soft lounge pants made for comfort at home or travel. Color: Olive. Made from cotton blend. Designed for modern everyday outfits.,published,https://medusa-public-images.s3.eu-west-1.amazonaws.com/shorts-vintage-front.png,470,41,29,6,6109,DK,,Cotton blend,,,,,clothing,TRUE,EXT-0035,,XL,OLILOUPAN035-XL,8930000000353,FALSE,TRUE,506,41,29,6,6109,DK,,Cotton blend,42.5,52,Size,XL,https://medusa-public-images.s3.eu-west-1.amazonaws.com/shorts-vintage-front.png,https://medusa-public-images.s3.eu-west-1.amazonaws.com/shorts-vintage-back.png
,stone-training-shorts-036,Stone Training Shorts,Stone / Cotton blend,Lightweight shorts with an easy elastic waist. Color: Stone. Made from cotton blend. Designed for modern everyday outfits.,published,https://medusa-public-images.s3.eu-west-1.amazonaws.com/tee-black-front.png,280,30,30,3,6109,VN,,Cotton blend,,,,,clothing,TRUE,EXT-0036,,S,STOTRASHO036-S,8930000000360,FALSE,TRUE,280,30,30,3,6109,VN,,Cotton blend,24.0,30,Size,S,https://medusa-public-images.s3.eu-west-1.amazonaws.com/tee-black-front.png,https://medusa-public-images.s3.eu-west-1.amazonaws.com/tee-black-back.png
,stone-training-shorts-036,Stone Training Shorts,Stone / Cotton blend,Lightweight shorts with an easy elastic waist. Color: Stone. Made from cotton blend. Designed for modern everyday outfits.,published,https://medusa-public-images.s3.eu-west-1.amazonaws.com/tee-black-front.png,280,30,30,3,6109,VN,,Cotton blend,,,,,clothing,TRUE,EXT-0036,,M,STOTRASHO036-M,8930000000361,FALSE,TRUE,292,30,30,3,6109,VN,,Cotton blend,25.5,32,Size,M,https://medusa-public-images.s3.eu-west-1.amazonaws.com/tee-black-front.png,https://medusa-public-images.s3.eu-west-1.amazonaws.com/tee-black-back.png
,stone-training-shorts-036,Stone Training Shorts,Stone / Cotton blend,Lightweight shorts with an easy elastic waist. Color: Stone. Made from cotton blend. Designed for modern everyday outfits.,published,https://medusa-public-images.s3.eu-west-1.amazonaws.com/tee-black-front.png,280,30,30,3,6109,VN,,Cotton blend,,,,,clothing,TRUE,EXT-0036,,L,STOTRASHO036-L,8930000000362,FALSE,TRUE,304,30,30,3,6109,VN,,Cotton blend,27.0,34,Size,L,https://medusa-public-images.s3.eu-west-1.amazonaws.com/tee-black-front.png,https://medusa-public-images.s3.eu-west-1.amazonaws.com/tee-black-back.png
,stone-training-shorts-036,Stone Training Shorts,Stone / Cotton blend,Lightweight shorts with an easy elastic waist. Color: Stone. Made from cotton blend. Designed for modern everyday outfits.,published,https://medusa-public-images.s3.eu-west-1.amazonaws.com/tee-black-front.png,280,30,30,3,6109,VN,,Cotton blend,,,,,clothing,TRUE,EXT-0036,,XL,STOTRASHO036-XL,8930000000363,FALSE,TRUE,316,30,30,3,6109,VN,,Cotton blend,28.5,36,Size,XL,https://medusa-public-images.s3.eu-west-1.amazonaws.com/tee-black-front.png,https://medusa-public-images.s3.eu-west-1.amazonaws.com/tee-black-back.png
,burgundy-lounge-shorts-037,Burgundy Lounge Shorts,Burgundy / Cotton,Casual pull-on shorts for weekends and warm days. Color: Burgundy. Made from cotton. Designed for modern everyday outfits.,published,https://medusa-public-images.s3.eu-west-1.amazonaws.com/tee-white-front.png,260,31,31,4,6109,PT,,Cotton,,,,,clothing,TRUE,EXT-0037,,S,BURLOUSHO037-S,8930000000370,FALSE,TRUE,260,31,31,4,6109,PT,,Cotton,22.0,28,Size,S,https://medusa-public-images.s3.eu-west-1.amazonaws.com/tee-white-front.png,https://medusa-public-images.s3.eu-west-1.amazonaws.com/tee-white-back.png
,burgundy-lounge-shorts-037,Burgundy Lounge Shorts,Burgundy / Cotton,Casual pull-on shorts for weekends and warm days. Color: Burgundy. Made from cotton. Designed for modern everyday outfits.,published,https://medusa-public-images.s3.eu-west-1.amazonaws.com/tee-white-front.png,260,31,31,4,6109,PT,,Cotton,,,,,clothing,TRUE,EXT-0037,,M,BURLOUSHO037-M,8930000000371,FALSE,TRUE,272,31,31,4,6109,PT,,Cotton,23.5,30,Size,M,https://medusa-public-images.s3.eu-west-1.amazonaws.com/tee-white-front.png,https://medusa-public-images.s3.eu-west-1.amazonaws.com/tee-white-back.png
,burgundy-lounge-shorts-037,Burgundy Lounge Shorts,Burgundy / Cotton,Casual pull-on shorts for weekends and warm days. Color: Burgundy. Made from cotton. Designed for modern everyday outfits.,published,https://medusa-public-images.s3.eu-west-1.amazonaws.com/tee-white-front.png,260,31,31,4,6109,PT,,Cotton,,,,,clothing,TRUE,EXT-0037,,L,BURLOUSHO037-L,8930000000372,FALSE,TRUE,284,31,31,4,6109,PT,,Cotton,25.0,32,Size,L,https://medusa-public-images.s3.eu-west-1.amazonaws.com/tee-white-front.png,https://medusa-public-images.s3.eu-west-1.amazonaws.com/tee-white-back.png
,burgundy-lounge-shorts-037,Burgundy Lounge Shorts,Burgundy / Cotton,Casual pull-on shorts for weekends and warm days. Color: Burgundy. Made from cotton. Designed for modern everyday outfits.,published,https://medusa-public-images.s3.eu-west-1.amazonaws.com/tee-white-front.png,260,31,31,4,6109,PT,,Cotton,,,,,clothing,TRUE,EXT-0037,,XL,BURLOUSHO037-XL,8930000000373,FALSE,TRUE,296,31,31,4,6109,PT,,Cotton,26.5,34,Size,XL,https://medusa-public-images.s3.eu-west-1.amazonaws.com/tee-white-front.png,https://medusa-public-images.s3.eu-west-1.amazonaws.com/tee-white-back.png
,forest-chino-shorts-038,Forest Chino Shorts,Forest / Cotton twill,Clean cotton shorts with a simple tailored shape. Color: Forest. Made from cotton twill. Designed for modern everyday outfits.,published,https://medusa-public-images.s3.eu-west-1.amazonaws.com/sweatshirt-vintage-front.png,300,32,32,5,6109,TR,,Cotton twill,,,,,clothing,TRUE,EXT-0038,,S,FORCHISHO038-S,8930000000380,FALSE,TRUE,300,32,32,5,6109,TR,,Cotton twill,32.0,38,Size,S,https://medusa-public-images.s3.eu-west-1.amazonaws.com/sweatshirt-vintage-front.png,https://medusa-public-images.s3.eu-west-1.amazonaws.com/sweatshirt-vintage-back.png
,forest-chino-shorts-038,Forest Chino Shorts,Forest / Cotton twill,Clean cotton shorts with a simple tailored shape. Color: Forest. Made from cotton twill. Designed for modern everyday outfits.,published,https://medusa-public-images.s3.eu-west-1.amazonaws.com/sweatshirt-vintage-front.png,300,32,32,5,6109,TR,,Cotton twill,,,,,clothing,TRUE,EXT-0038,,M,FORCHISHO038-M,8930000000381,FALSE,TRUE,312,32,32,5,6109,TR,,Cotton twill,33.5,40,Size,M,https://medusa-public-images.s3.eu-west-1.amazonaws.com/sweatshirt-vintage-front.png,https://medusa-public-images.s3.eu-west-1.amazonaws.com/sweatshirt-vintage-back.png
,forest-chino-shorts-038,Forest Chino Shorts,Forest / Cotton twill,Clean cotton shorts with a simple tailored shape. Color: Forest. Made from cotton twill. Designed for modern everyday outfits.,published,https://medusa-public-images.s3.eu-west-1.amazonaws.com/sweatshirt-vintage-front.png,300,32,32,5,6109,TR,,Cotton twill,,,,,clothing,TRUE,EXT-0038,,L,FORCHISHO038-L,8930000000382,FALSE,TRUE,324,32,32,5,6109,TR,,Cotton twill,35.0,42,Size,L,https://medusa-public-images.s3.eu-west-1.amazonaws.com/sweatshirt-vintage-front.png,https://medusa-public-images.s3.eu-west-1.amazonaws.com/sweatshirt-vintage-back.png
,forest-chino-shorts-038,Forest Chino Shorts,Forest / Cotton twill,Clean cotton shorts with a simple tailored shape. Color: Forest. Made from cotton twill. Designed for modern everyday outfits.,published,https://medusa-public-images.s3.eu-west-1.amazonaws.com/sweatshirt-vintage-front.png,300,32,32,5,6109,TR,,Cotton twill,,,,,clothing,TRUE,EXT-0038,,XL,FORCHISHO038-XL,8930000000383,FALSE,TRUE,336,32,32,5,6109,TR,,Cotton twill,36.5,44,Size,XL,https://medusa-public-images.s3.eu-west-1.amazonaws.com/sweatshirt-vintage-front.png,https://medusa-public-images.s3.eu-west-1.amazonaws.com/sweatshirt-vintage-back.png
,charcoal-rib-tank-039,Charcoal Rib Tank,Charcoal / Rib cotton,Sleeveless rib tank for warm weather layering. Color: Charcoal. Made from rib cotton. Designed for modern everyday outfits.,published,https://medusa-public-images.s3.eu-west-1.amazonaws.com/sweatpants-gray-front.png,220,33,33,6,6109,IT,,Rib cotton,,,,,clothing,TRUE,EXT-0039,,S,CHARIBTAN039-S,8930000000390,FALSE,TRUE,220,33,33,6,6109,IT,,Rib cotton,18.0,24,Size,S,https://medusa-public-images.s3.eu-west-1.amazonaws.com/sweatpants-gray-front.png,https://medusa-public-images.s3.eu-west-1.amazonaws.com/sweatpants-gray-back.png
,charcoal-rib-tank-039,Charcoal Rib Tank,Charcoal / Rib cotton,Sleeveless rib tank for warm weather layering. Color: Charcoal. Made from rib cotton. Designed for modern everyday outfits.,published,https://medusa-public-images.s3.eu-west-1.amazonaws.com/sweatpants-gray-front.png,220,33,33,6,6109,IT,,Rib cotton,,,,,clothing,TRUE,EXT-0039,,M,CHARIBTAN039-M,8930000000391,FALSE,TRUE,232,33,33,6,6109,IT,,Rib cotton,19.5,26,Size,M,https://medusa-public-images.s3.eu-west-1.amazonaws.com/sweatpants-gray-front.png,https://medusa-public-images.s3.eu-west-1.amazonaws.com/sweatpants-gray-back.png
,charcoal-rib-tank-039,Charcoal Rib Tank,Charcoal / Rib cotton,Sleeveless rib tank for warm weather layering. Color: Charcoal. Made from rib cotton. Designed for modern everyday outfits.,published,https://medusa-public-images.s3.eu-west-1.amazonaws.com/sweatpants-gray-front.png,220,33,33,6,6109,IT,,Rib cotton,,,,,clothing,TRUE,EXT-0039,,L,CHARIBTAN039-L,8930000000392,FALSE,TRUE,244,33,33,6,6109,IT,,Rib cotton,21.0,28,Size,L,https://medusa-public-images.s3.eu-west-1.amazonaws.com/sweatpants-gray-front.png,https://medusa-public-images.s3.eu-west-1.amazonaws.com/sweatpants-gray-back.png
,charcoal-rib-tank-039,Charcoal Rib Tank,Charcoal / Rib cotton,Sleeveless rib tank for warm weather layering. Color: Charcoal. Made from rib cotton. Designed for modern everyday outfits.,published,https://medusa-public-images.s3.eu-west-1.amazonaws.com/sweatpants-gray-front.png,220,33,33,6,6109,IT,,Rib cotton,,,,,clothing,TRUE,EXT-0039,,XL,CHARIBTAN039-XL,8930000000393,FALSE,TRUE,256,33,33,6,6109,IT,,Rib cotton,22.5,30,Size,XL,https://medusa-public-images.s3.eu-west-1.amazonaws.com/sweatpants-gray-front.png,https://medusa-public-images.s3.eu-west-1.amazonaws.com/sweatpants-gray-back.png
,cream-polo-shirt-040,Cream Polo Shirt,Cream / Pique cotton,Soft polo shirt with a structured collar. Color: Cream. Made from pique cotton. Designed for modern everyday outfits.,published,https://medusa-public-images.s3.eu-west-1.amazonaws.com/shorts-vintage-front.png,360,34,24,3,6109,DK,,Pique cotton,,,,,clothing,TRUE,EXT-0040,,S,CREPOLSHI040-S,8930000000400,FALSE,TRUE,360,34,24,3,6109,DK,,Pique cotton,35.0,42,Size,S,https://medusa-public-images.s3.eu-west-1.amazonaws.com/shorts-vintage-front.png,https://medusa-public-images.s3.eu-west-1.amazonaws.com/shorts-vintage-back.png
,cream-polo-shirt-040,Cream Polo Shirt,Cream / Pique cotton,Soft polo shirt with a structured collar. Color: Cream. Made from pique cotton. Designed for modern everyday outfits.,published,https://medusa-public-images.s3.eu-west-1.amazonaws.com/shorts-vintage-front.png,360,34,24,3,6109,DK,,Pique cotton,,,,,clothing,TRUE,EXT-0040,,M,CREPOLSHI040-M,8930000000401,FALSE,TRUE,372,34,24,3,6109,DK,,Pique cotton,36.5,44,Size,M,https://medusa-public-images.s3.eu-west-1.amazonaws.com/shorts-vintage-front.png,https://medusa-public-images.s3.eu-west-1.amazonaws.com/shorts-vintage-back.png
,cream-polo-shirt-040,Cream Polo Shirt,Cream / Pique cotton,Soft polo shirt with a structured collar. Color: Cream. Made from pique cotton. Designed for modern everyday outfits.,published,https://medusa-public-images.s3.eu-west-1.amazonaws.com/shorts-vintage-front.png,360,34,24,3,6109,DK,,Pique cotton,,,,,clothing,TRUE,EXT-0040,,L,CREPOLSHI040-L,8930000000402,FALSE,TRUE,384,34,24,3,6109,DK,,Pique cotton,38.0,46,Size,L,https://medusa-public-images.s3.eu-west-1.amazonaws.com/shorts-vintage-front.png,https://medusa-public-images.s3.eu-west-1.amazonaws.com/shorts-vintage-back.png
,cream-polo-shirt-040,Cream Polo Shirt,Cream / Pique cotton,Soft polo shirt with a structured collar. Color: Cream. Made from pique cotton. Designed for modern everyday outfits.,published,https://medusa-public-images.s3.eu-west-1.amazonaws.com/shorts-vintage-front.png,360,34,24,3,6109,DK,,Pique cotton,,,,,clothing,TRUE,EXT-0040,,XL,CREPOLSHI040-XL,8930000000403,FALSE,TRUE,396,34,24,3,6109,DK,,Pique cotton,39.5,48,Size,XL,https://medusa-public-images.s3.eu-west-1.amazonaws.com/shorts-vintage-front.png,https://medusa-public-images.s3.eu-west-1.amazonaws.com/shorts-vintage-back.png
,black-essential-tee-041,Black Essential Tee,Black / Cotton,Everyday cotton T-shirt with a clean regular fit. Color: Black. Made from cotton. Designed for modern everyday outfits.,published,https://medusa-public-images.s3.eu-west-1.amazonaws.com/tee-black-front.png,320,35,25,4,6109,VN,,Cotton,,,,,clothing,TRUE,EXT-0041,,S,BLAESSTEE041-S,8930000000410,FALSE,TRUE,320,35,25,4,6109,VN,,Cotton,24.0,29,Size,S,https://medusa-public-images.s3.eu-west-1.amazonaws.com/tee-black-front.png,https://medusa-public-images.s3.eu-west-1.amazonaws.com/tee-black-back.png
,black-essential-tee-041,Black Essential Tee,Black / Cotton,Everyday cotton T-shirt with a clean regular fit. Color: Black. Made from cotton. Designed for modern everyday outfits.,published,https://medusa-public-images.s3.eu-west-1.amazonaws.com/tee-black-front.png,320,35,25,4,6109,VN,,Cotton,,,,,clothing,TRUE,EXT-0041,,M,BLAESSTEE041-M,8930000000411,FALSE,TRUE,332,35,25,4,6109,VN,,Cotton,25.5,31,Size,M,https://medusa-public-images.s3.eu-west-1.amazonaws.com/tee-black-front.png,https://medusa-public-images.s3.eu-west-1.amazonaws.com/tee-black-back.png
,black-essential-tee-041,Black Essential Tee,Black / Cotton,Everyday cotton T-shirt with a clean regular fit. Color: Black. Made from cotton. Designed for modern everyday outfits.,published,https://medusa-public-images.s3.eu-west-1.amazonaws.com/tee-black-front.png,320,35,25,4,6109,VN,,Cotton,,,,,clothing,TRUE,EXT-0041,,L,BLAESSTEE041-L,8930000000412,FALSE,TRUE,344,35,25,4,6109,VN,,Cotton,27.0,33,Size,L,https://medusa-public-images.s3.eu-west-1.amazonaws.com/tee-black-front.png,https://medusa-public-images.s3.eu-west-1.amazonaws.com/tee-black-back.png
,black-essential-tee-041,Black Essential Tee,Black / Cotton,Everyday cotton T-shirt with a clean regular fit. Color: Black. Made from cotton. Designed for modern everyday outfits.,published,https://medusa-public-images.s3.eu-west-1.amazonaws.com/tee-black-front.png,320,35,25,4,6109,VN,,Cotton,,,,,clothing,TRUE,EXT-0041,,XL,BLAESSTEE041-XL,8930000000413,FALSE,TRUE,356,35,25,4,6109,VN,,Cotton,28.5,35,Size,XL,https://medusa-public-images.s3.eu-west-1.amazonaws.com/tee-black-front.png,https://medusa-public-images.s3.eu-west-1.amazonaws.com/tee-black-back.png
,white-classic-tee-042,White Classic Tee,White / Cotton jersey,Soft jersey T-shirt designed for daily wear. Color: White. Made from cotton jersey. Designed for modern everyday outfits.,published,https://medusa-public-images.s3.eu-west-1.amazonaws.com/tee-white-front.png,330,36,26,5,6109,PT,,Cotton jersey,,,,,clothing,TRUE,EXT-0042,,S,WHICLATEE042-S,8930000000420,FALSE,TRUE,330,36,26,5,6109,PT,,Cotton jersey,22.0,27,Size,S,https://medusa-public-images.s3.eu-west-1.amazonaws.com/tee-white-front.png,https://medusa-public-images.s3.eu-west-1.amazonaws.com/tee-white-back.png
,white-classic-tee-042,White Classic Tee,White / Cotton jersey,Soft jersey T-shirt designed for daily wear. Color: White. Made from cotton jersey. Designed for modern everyday outfits.,published,https://medusa-public-images.s3.eu-west-1.amazonaws.com/tee-white-front.png,330,36,26,5,6109,PT,,Cotton jersey,,,,,clothing,TRUE,EXT-0042,,M,WHICLATEE042-M,8930000000421,FALSE,TRUE,342,36,26,5,6109,PT,,Cotton jersey,23.5,29,Size,M,https://medusa-public-images.s3.eu-west-1.amazonaws.com/tee-white-front.png,https://medusa-public-images.s3.eu-west-1.amazonaws.com/tee-white-back.png
,white-classic-tee-042,White Classic Tee,White / Cotton jersey,Soft jersey T-shirt designed for daily wear. Color: White. Made from cotton jersey. Designed for modern everyday outfits.,published,https://medusa-public-images.s3.eu-west-1.amazonaws.com/tee-white-front.png,330,36,26,5,6109,PT,,Cotton jersey,,,,,clothing,TRUE,EXT-0042,,L,WHICLATEE042-L,8930000000422,FALSE,TRUE,354,36,26,5,6109,PT,,Cotton jersey,25.0,31,Size,L,https://medusa-public-images.s3.eu-west-1.amazonaws.com/tee-white-front.png,https://medusa-public-images.s3.eu-west-1.amazonaws.com/tee-white-back.png
,white-classic-tee-042,White Classic Tee,White / Cotton jersey,Soft jersey T-shirt designed for daily wear. Color: White. Made from cotton jersey. Designed for modern everyday outfits.,published,https://medusa-public-images.s3.eu-west-1.amazonaws.com/tee-white-front.png,330,36,26,5,6109,PT,,Cotton jersey,,,,,clothing,TRUE,EXT-0042,,XL,WHICLATEE042-XL,8930000000423,FALSE,TRUE,366,36,26,5,6109,PT,,Cotton jersey,26.5,33,Size,XL,https://medusa-public-images.s3.eu-west-1.amazonaws.com/tee-white-front.png,https://medusa-public-images.s3.eu-west-1.amazonaws.com/tee-white-back.png
,navy-oversized-tee-043,Navy Oversized Tee,Navy / Cotton,Relaxed oversized T-shirt with a streetwear silhouette. Color: Navy. Made from cotton. Designed for modern everyday outfits.,published,https://medusa-public-images.s3.eu-west-1.amazonaws.com/sweatshirt-vintage-front.png,360,37,27,6,6109,TR,,Cotton,,,,,clothing,TRUE,EXT-0043,,S,NAVOVETEE043-S,8930000000430,FALSE,TRUE,360,37,27,6,6109,TR,,Cotton,26.0,31,Size,S,https://medusa-public-images.s3.eu-west-1.amazonaws.com/sweatshirt-vintage-front.png,https://medusa-public-images.s3.eu-west-1.amazonaws.com/sweatshirt-vintage-back.png
,navy-oversized-tee-043,Navy Oversized Tee,Navy / Cotton,Relaxed oversized T-shirt with a streetwear silhouette. Color: Navy. Made from cotton. Designed for modern everyday outfits.,published,https://medusa-public-images.s3.eu-west-1.amazonaws.com/sweatshirt-vintage-front.png,360,37,27,6,6109,TR,,Cotton,,,,,clothing,TRUE,EXT-0043,,M,NAVOVETEE043-M,8930000000431,FALSE,TRUE,372,37,27,6,6109,TR,,Cotton,27.5,33,Size,M,https://medusa-public-images.s3.eu-west-1.amazonaws.com/sweatshirt-vintage-front.png,https://medusa-public-images.s3.eu-west-1.amazonaws.com/sweatshirt-vintage-back.png
,navy-oversized-tee-043,Navy Oversized Tee,Navy / Cotton,Relaxed oversized T-shirt with a streetwear silhouette. Color: Navy. Made from cotton. Designed for modern everyday outfits.,published,https://medusa-public-images.s3.eu-west-1.amazonaws.com/sweatshirt-vintage-front.png,360,37,27,6,6109,TR,,Cotton,,,,,clothing,TRUE,EXT-0043,,L,NAVOVETEE043-L,8930000000432,FALSE,TRUE,384,37,27,6,6109,TR,,Cotton,29.0,35,Size,L,https://medusa-public-images.s3.eu-west-1.amazonaws.com/sweatshirt-vintage-front.png,https://medusa-public-images.s3.eu-west-1.amazonaws.com/sweatshirt-vintage-back.png
,navy-oversized-tee-043,Navy Oversized Tee,Navy / Cotton,Relaxed oversized T-shirt with a streetwear silhouette. Color: Navy. Made from cotton. Designed for modern everyday outfits.,published,https://medusa-public-images.s3.eu-west-1.amazonaws.com/sweatshirt-vintage-front.png,360,37,27,6,6109,TR,,Cotton,,,,,clothing,TRUE,EXT-0043,,XL,NAVOVETEE043-XL,8930000000433,FALSE,TRUE,396,37,27,6,6109,TR,,Cotton,30.5,37,Size,XL,https://medusa-public-images.s3.eu-west-1.amazonaws.com/sweatshirt-vintage-front.png,https://medusa-public-images.s3.eu-west-1.amazonaws.com/sweatshirt-vintage-back.png
,gray-pocket-tee-044,Gray Pocket Tee,Gray / Cotton,Casual T-shirt with a chest pocket and soft hand feel. Color: Gray. Made from cotton. Designed for modern everyday outfits.,published,https://medusa-public-images.s3.eu-west-1.amazonaws.com/sweatpants-gray-front.png,340,38,28,3,6109,IT,,Cotton,,,,,clothing,TRUE,EXT-0044,,S,GRAPOCTEE044-S,8930000000440,FALSE,TRUE,340,38,28,3,6109,IT,,Cotton,25.0,30,Size,S,https://medusa-public-images.s3.eu-west-1.amazonaws.com/sweatpants-gray-front.png,https://medusa-public-images.s3.eu-west-1.amazonaws.com/sweatpants-gray-back.png
,gray-pocket-tee-044,Gray Pocket Tee,Gray / Cotton,Casual T-shirt with a chest pocket and soft hand feel. Color: Gray. Made from cotton. Designed for modern everyday outfits.,published,https://medusa-public-images.s3.eu-west-1.amazonaws.com/sweatpants-gray-front.png,340,38,28,3,6109,IT,,Cotton,,,,,clothing,TRUE,EXT-0044,,M,GRAPOCTEE044-M,8930000000441,FALSE,TRUE,352,38,28,3,6109,IT,,Cotton,26.5,32,Size,M,https://medusa-public-images.s3.eu-west-1.amazonaws.com/sweatpants-gray-front.png,https://medusa-public-images.s3.eu-west-1.amazonaws.com/sweatpants-gray-back.png
,gray-pocket-tee-044,Gray Pocket Tee,Gray / Cotton,Casual T-shirt with a chest pocket and soft hand feel. Color: Gray. Made from cotton. Designed for modern everyday outfits.,published,https://medusa-public-images.s3.eu-west-1.amazonaws.com/sweatpants-gray-front.png,340,38,28,3,6109,IT,,Cotton,,,,,clothing,TRUE,EXT-0044,,L,GRAPOCTEE044-L,8930000000442,FALSE,TRUE,364,38,28,3,6109,IT,,Cotton,28.0,34,Size,L,https://medusa-public-images.s3.eu-west-1.amazonaws.com/sweatpants-gray-front.png,https://medusa-public-images.s3.eu-west-1.amazonaws.com/sweatpants-gray-back.png
,gray-pocket-tee-044,Gray Pocket Tee,Gray / Cotton,Casual T-shirt with a chest pocket and soft hand feel. Color: Gray. Made from cotton. Designed for modern everyday outfits.,published,https://medusa-public-images.s3.eu-west-1.amazonaws.com/sweatpants-gray-front.png,340,38,28,3,6109,IT,,Cotton,,,,,clothing,TRUE,EXT-0044,,XL,GRAPOCTEE044-XL,8930000000443,FALSE,TRUE,376,38,28,3,6109,IT,,Cotton,29.5,36,Size,XL,https://medusa-public-images.s3.eu-west-1.amazonaws.com/sweatpants-gray-front.png,https://medusa-public-images.s3.eu-west-1.amazonaws.com/sweatpants-gray-back.png
,olive-training-tee-045,Olive Training Tee,Olive / Cotton blend,Breathable T-shirt for workouts and active days. Color: Olive. Made from cotton blend. Designed for modern everyday outfits.,published,https://medusa-public-images.s3.eu-west-1.amazonaws.com/shorts-vintage-front.png,310,39,29,4,6109,DK,,Cotton blend,,,,,clothing,TRUE,EXT-0045,,S,OLITRATEE045-S,8930000000450,FALSE,TRUE,310,39,29,4,6109,DK,,Cotton blend,28.0,34,Size,S,https://medusa-public-images.s3.eu-west-1.amazonaws.com/shorts-vintage-front.png,https://medusa-public-images.s3.eu-west-1.amazonaws.com/shorts-vintage-back.png
,olive-training-tee-045,Olive Training Tee,Olive / Cotton blend,Breathable T-shirt for workouts and active days. Color: Olive. Made from cotton blend. Designed for modern everyday outfits.,published,https://medusa-public-images.s3.eu-west-1.amazonaws.com/shorts-vintage-front.png,310,39,29,4,6109,DK,,Cotton blend,,,,,clothing,TRUE,EXT-0045,,M,OLITRATEE045-M,8930000000451,FALSE,TRUE,322,39,29,4,6109,DK,,Cotton blend,29.5,36,Size,M,https://medusa-public-images.s3.eu-west-1.amazonaws.com/shorts-vintage-front.png,https://medusa-public-images.s3.eu-west-1.amazonaws.com/shorts-vintage-back.png
,olive-training-tee-045,Olive Training Tee,Olive / Cotton blend,Breathable T-shirt for workouts and active days. Color: Olive. Made from cotton blend. Designed for modern everyday outfits.,published,https://medusa-public-images.s3.eu-west-1.amazonaws.com/shorts-vintage-front.png,310,39,29,4,6109,DK,,Cotton blend,,,,,clothing,TRUE,EXT-0045,,L,OLITRATEE045-L,8930000000452,FALSE,TRUE,334,39,29,4,6109,DK,,Cotton blend,31.0,38,Size,L,https://medusa-public-images.s3.eu-west-1.amazonaws.com/shorts-vintage-front.png,https://medusa-public-images.s3.eu-west-1.amazonaws.com/shorts-vintage-back.png
,olive-training-tee-045,Olive Training Tee,Olive / Cotton blend,Breathable T-shirt for workouts and active days. Color: Olive. Made from cotton blend. Designed for modern everyday outfits.,published,https://medusa-public-images.s3.eu-west-1.amazonaws.com/shorts-vintage-front.png,310,39,29,4,6109,DK,,Cotton blend,,,,,clothing,TRUE,EXT-0045,,XL,OLITRATEE045-XL,8930000000453,FALSE,TRUE,346,39,29,4,6109,DK,,Cotton blend,32.5,40,Size,XL,https://medusa-public-images.s3.eu-west-1.amazonaws.com/shorts-vintage-front.png,https://medusa-public-images.s3.eu-west-1.amazonaws.com/shorts-vintage-back.png
,stone-long-sleeve-tee-046,Stone Long Sleeve Tee,Stone / Cotton,Light long-sleeve tee for layering in cooler weather. Color: Stone. Made from cotton. Designed for modern everyday outfits.,published,https://medusa-public-images.s3.eu-west-1.amazonaws.com/tee-black-front.png,380,40,30,5,6109,VN,,Cotton,,,,,clothing,TRUE,EXT-0046,,S,STOLONSLETEE046-S,8930000000460,FALSE,TRUE,380,40,30,5,6109,VN,,Cotton,30.0,36,Size,S,https://medusa-public-images.s3.eu-west-1.amazonaws.com/tee-black-front.png,https://medusa-public-images.s3.eu-west-1.amazonaws.com/tee-black-back.png
,stone-long-sleeve-tee-046,Stone Long Sleeve Tee,Stone / Cotton,Light long-sleeve tee for layering in cooler weather. Color: Stone. Made from cotton. Designed for modern everyday outfits.,published,https://medusa-public-images.s3.eu-west-1.amazonaws.com/tee-black-front.png,380,40,30,5,6109,VN,,Cotton,,,,,clothing,TRUE,EXT-0046,,M,STOLONSLETEE046-M,8930000000461,FALSE,TRUE,392,40,30,5,6109,VN,,Cotton,31.5,38,Size,M,https://medusa-public-images.s3.eu-west-1.amazonaws.com/tee-black-front.png,https://medusa-public-images.s3.eu-west-1.amazonaws.com/tee-black-back.png
,stone-long-sleeve-tee-046,Stone Long Sleeve Tee,Stone / Cotton,Light long-sleeve tee for layering in cooler weather. Color: Stone. Made from cotton. Designed for modern everyday outfits.,published,https://medusa-public-images.s3.eu-west-1.amazonaws.com/tee-black-front.png,380,40,30,5,6109,VN,,Cotton,,,,,clothing,TRUE,EXT-0046,,L,STOLONSLETEE046-L,8930000000462,FALSE,TRUE,404,40,30,5,6109,VN,,Cotton,33.0,40,Size,L,https://medusa-public-images.s3.eu-west-1.amazonaws.com/tee-black-front.png,https://medusa-public-images.s3.eu-west-1.amazonaws.com/tee-black-back.png
,stone-long-sleeve-tee-046,Stone Long Sleeve Tee,Stone / Cotton,Light long-sleeve tee for layering in cooler weather. Color: Stone. Made from cotton. Designed for modern everyday outfits.,published,https://medusa-public-images.s3.eu-west-1.amazonaws.com/tee-black-front.png,380,40,30,5,6109,VN,,Cotton,,,,,clothing,TRUE,EXT-0046,,XL,STOLONSLETEE046-XL,8930000000463,FALSE,TRUE,416,40,30,5,6109,VN,,Cotton,34.5,42,Size,XL,https://medusa-public-images.s3.eu-west-1.amazonaws.com/tee-black-front.png,https://medusa-public-images.s3.eu-west-1.amazonaws.com/tee-black-back.png
,burgundy-crewneck-sweatshirt-047,Burgundy Crewneck Sweatshirt,Burgundy / Fleece cotton,Warm crewneck sweatshirt with ribbed cuffs. Color: Burgundy. Made from fleece cotton. Designed for modern everyday outfits.,published,https://medusa-public-images.s3.eu-west-1.amazonaws.com/tee-white-front.png,560,41,31,6,6109,PT,,Fleece cotton,,,,,clothing,TRUE,EXT-0047,,S,BURCRESWE047-S,8930000000470,FALSE,TRUE,560,41,31,6,6109,PT,,Fleece cotton,45.0,54,Size,S,https://medusa-public-images.s3.eu-west-1.amazonaws.com/tee-white-front.png,https://medusa-public-images.s3.eu-west-1.amazonaws.com/tee-white-back.png
,burgundy-crewneck-sweatshirt-047,Burgundy Crewneck Sweatshirt,Burgundy / Fleece cotton,Warm crewneck sweatshirt with ribbed cuffs. Color: Burgundy. Made from fleece cotton. Designed for modern everyday outfits.,published,https://medusa-public-images.s3.eu-west-1.amazonaws.com/tee-white-front.png,560,41,31,6,6109,PT,,Fleece cotton,,,,,clothing,TRUE,EXT-0047,,M,BURCRESWE047-M,8930000000471,FALSE,TRUE,572,41,31,6,6109,PT,,Fleece cotton,46.5,56,Size,M,https://medusa-public-images.s3.eu-west-1.amazonaws.com/tee-white-front.png,https://medusa-public-images.s3.eu-west-1.amazonaws.com/tee-white-back.png
,burgundy-crewneck-sweatshirt-047,Burgundy Crewneck Sweatshirt,Burgundy / Fleece cotton,Warm crewneck sweatshirt with ribbed cuffs. Color: Burgundy. Made from fleece cotton. Designed for modern everyday outfits.,published,https://medusa-public-images.s3.eu-west-1.amazonaws.com/tee-white-front.png,560,41,31,6,6109,PT,,Fleece cotton,,,,,clothing,TRUE,EXT-0047,,L,BURCRESWE047-L,8930000000472,FALSE,TRUE,584,41,31,6,6109,PT,,Fleece cotton,48.0,58,Size,L,https://medusa-public-images.s3.eu-west-1.amazonaws.com/tee-white-front.png,https://medusa-public-images.s3.eu-west-1.amazonaws.com/tee-white-back.png
,burgundy-crewneck-sweatshirt-047,Burgundy Crewneck Sweatshirt,Burgundy / Fleece cotton,Warm crewneck sweatshirt with ribbed cuffs. Color: Burgundy. Made from fleece cotton. Designed for modern everyday outfits.,published,https://medusa-public-images.s3.eu-west-1.amazonaws.com/tee-white-front.png,560,41,31,6,6109,PT,,Fleece cotton,,,,,clothing,TRUE,EXT-0047,,XL,BURCRESWE047-XL,8930000000473,FALSE,TRUE,596,41,31,6,6109,PT,,Fleece cotton,49.5,60,Size,XL,https://medusa-public-images.s3.eu-west-1.amazonaws.com/tee-white-front.png,https://medusa-public-images.s3.eu-west-1.amazonaws.com/tee-white-back.png
,forest-vintage-sweatshirt-048,Forest Vintage Sweatshirt,Forest / Cotton fleece,Washed sweatshirt with a soft vintage finish. Color: Forest. Made from cotton fleece. Designed for modern everyday outfits.,published,https://medusa-public-images.s3.eu-west-1.amazonaws.com/sweatshirt-vintage-front.png,540,30,32,3,6109,TR,,Cotton fleece,,,,,clothing,TRUE,EXT-0048,,S,FORVINSWE048-S,8930000000480,FALSE,TRUE,540,30,32,3,6109,TR,,Cotton fleece,48.0,58,Size,S,https://medusa-public-images.s3.eu-west-1.amazonaws.com/sweatshirt-vintage-front.png,https://medusa-public-images.s3.eu-west-1.amazonaws.com/sweatshirt-vintage-back.png
,forest-vintage-sweatshirt-048,Forest Vintage Sweatshirt,Forest / Cotton fleece,Washed sweatshirt with a soft vintage finish. Color: Forest. Made from cotton fleece. Designed for modern everyday outfits.,published,https://medusa-public-images.s3.eu-west-1.amazonaws.com/sweatshirt-vintage-front.png,540,30,32,3,6109,TR,,Cotton fleece,,,,,clothing,TRUE,EXT-0048,,M,FORVINSWE048-M,8930000000481,FALSE,TRUE,552,30,32,3,6109,TR,,Cotton fleece,49.5,60,Size,M,https://medusa-public-images.s3.eu-west-1.amazonaws.com/sweatshirt-vintage-front.png,https://medusa-public-images.s3.eu-west-1.amazonaws.com/sweatshirt-vintage-back.png
,forest-vintage-sweatshirt-048,Forest Vintage Sweatshirt,Forest / Cotton fleece,Washed sweatshirt with a soft vintage finish. Color: Forest. Made from cotton fleece. Designed for modern everyday outfits.,published,https://medusa-public-images.s3.eu-west-1.amazonaws.com/sweatshirt-vintage-front.png,540,30,32,3,6109,TR,,Cotton fleece,,,,,clothing,TRUE,EXT-0048,,L,FORVINSWE048-L,8930000000482,FALSE,TRUE,564,30,32,3,6109,TR,,Cotton fleece,51.0,62,Size,L,https://medusa-public-images.s3.eu-west-1.amazonaws.com/sweatshirt-vintage-front.png,https://medusa-public-images.s3.eu-west-1.amazonaws.com/sweatshirt-vintage-back.png
,forest-vintage-sweatshirt-048,Forest Vintage Sweatshirt,Forest / Cotton fleece,Washed sweatshirt with a soft vintage finish. Color: Forest. Made from cotton fleece. Designed for modern everyday outfits.,published,https://medusa-public-images.s3.eu-west-1.amazonaws.com/sweatshirt-vintage-front.png,540,30,32,3,6109,TR,,Cotton fleece,,,,,clothing,TRUE,EXT-0048,,XL,FORVINSWE048-XL,8930000000483,FALSE,TRUE,576,30,32,3,6109,TR,,Cotton fleece,52.5,64,Size,XL,https://medusa-public-images.s3.eu-west-1.amazonaws.com/sweatshirt-vintage-front.png,https://medusa-public-images.s3.eu-west-1.amazonaws.com/sweatshirt-vintage-back.png
,charcoal-pullover-hoodie-049,Charcoal Pullover Hoodie,Charcoal / Cotton fleece,Comfortable pullover hoodie with kangaroo pocket. Color: Charcoal. Made from cotton fleece. Designed for modern everyday outfits.,published,https://medusa-public-images.s3.eu-west-1.amazonaws.com/sweatpants-gray-front.png,680,31,33,4,6109,IT,,Cotton fleece,,,,,clothing,TRUE,EXT-0049,,S,CHAPULHOO049-S,8930000000490,FALSE,TRUE,680,31,33,4,6109,IT,,Cotton fleece,55.0,65,Size,S,https://medusa-public-images.s3.eu-west-1.amazonaws.com/sweatpants-gray-front.png,https://medusa-public-images.s3.eu-west-1.amazonaws.com/sweatpants-gray-back.png
,charcoal-pullover-hoodie-049,Charcoal Pullover Hoodie,Charcoal / Cotton fleece,Comfortable pullover hoodie with kangaroo pocket. Color: Charcoal. Made from cotton fleece. Designed for modern everyday outfits.,published,https://medusa-public-images.s3.eu-west-1.amazonaws.com/sweatpants-gray-front.png,680,31,33,4,6109,IT,,Cotton fleece,,,,,clothing,TRUE,EXT-0049,,M,CHAPULHOO049-M,8930000000491,FALSE,TRUE,692,31,33,4,6109,IT,,Cotton fleece,56.5,67,Size,M,https://medusa-public-images.s3.eu-west-1.amazonaws.com/sweatpants-gray-front.png,https://medusa-public-images.s3.eu-west-1.amazonaws.com/sweatpants-gray-back.png
,charcoal-pullover-hoodie-049,Charcoal Pullover Hoodie,Charcoal / Cotton fleece,Comfortable pullover hoodie with kangaroo pocket. Color: Charcoal. Made from cotton fleece. Designed for modern everyday outfits.,published,https://medusa-public-images.s3.eu-west-1.amazonaws.com/sweatpants-gray-front.png,680,31,33,4,6109,IT,,Cotton fleece,,,,,clothing,TRUE,EXT-0049,,L,CHAPULHOO049-L,8930000000492,FALSE,TRUE,704,31,33,4,6109,IT,,Cotton fleece,58.0,69,Size,L,https://medusa-public-images.s3.eu-west-1.amazonaws.com/sweatpants-gray-front.png,https://medusa-public-images.s3.eu-west-1.amazonaws.com/sweatpants-gray-back.png
,charcoal-pullover-hoodie-049,Charcoal Pullover Hoodie,Charcoal / Cotton fleece,Comfortable pullover hoodie with kangaroo pocket. Color: Charcoal. Made from cotton fleece. Designed for modern everyday outfits.,published,https://medusa-public-images.s3.eu-west-1.amazonaws.com/sweatpants-gray-front.png,680,31,33,4,6109,IT,,Cotton fleece,,,,,clothing,TRUE,EXT-0049,,XL,CHAPULHOO049-XL,8930000000493,FALSE,TRUE,716,31,33,4,6109,IT,,Cotton fleece,59.5,71,Size,XL,https://medusa-public-images.s3.eu-west-1.amazonaws.com/sweatpants-gray-front.png,https://medusa-public-images.s3.eu-west-1.amazonaws.com/sweatpants-gray-back.png
,cream-zip-hoodie-050,Cream Zip Hoodie,Cream / Cotton fleece,Full-zip hoodie built for layering and travel. Color: Cream. Made from cotton fleece. Designed for modern everyday outfits.,published,https://medusa-public-images.s3.eu-west-1.amazonaws.com/shorts-vintage-front.png,700,32,24,5,6109,DK,,Cotton fleece,,,,,clothing,TRUE,EXT-0050,,S,CREZIPHOO050-S,8930000000500,FALSE,TRUE,700,32,24,5,6109,DK,,Cotton fleece,59.0,70,Size,S,https://medusa-public-images.s3.eu-west-1.amazonaws.com/shorts-vintage-front.png,https://medusa-public-images.s3.eu-west-1.amazonaws.com/shorts-vintage-back.png
,cream-zip-hoodie-050,Cream Zip Hoodie,Cream / Cotton fleece,Full-zip hoodie built for layering and travel. Color: Cream. Made from cotton fleece. Designed for modern everyday outfits.,published,https://medusa-public-images.s3.eu-west-1.amazonaws.com/shorts-vintage-front.png,700,32,24,5,6109,DK,,Cotton fleece,,,,,clothing,TRUE,EXT-0050,,M,CREZIPHOO050-M,8930000000501,FALSE,TRUE,712,32,24,5,6109,DK,,Cotton fleece,60.5,72,Size,M,https://medusa-public-images.s3.eu-west-1.amazonaws.com/shorts-vintage-front.png,https://medusa-public-images.s3.eu-west-1.amazonaws.com/shorts-vintage-back.png
,cream-zip-hoodie-050,Cream Zip Hoodie,Cream / Cotton fleece,Full-zip hoodie built for layering and travel. Color: Cream. Made from cotton fleece. Designed for modern everyday outfits.,published,https://medusa-public-images.s3.eu-west-1.amazonaws.com/shorts-vintage-front.png,700,32,24,5,6109,DK,,Cotton fleece,,,,,clothing,TRUE,EXT-0050,,L,CREZIPHOO050-L,8930000000502,FALSE,TRUE,724,32,24,5,6109,DK,,Cotton fleece,62.0,74,Size,L,https://medusa-public-images.s3.eu-west-1.amazonaws.com/shorts-vintage-front.png,https://medusa-public-images.s3.eu-west-1.amazonaws.com/shorts-vintage-back.png
,cream-zip-hoodie-050,Cream Zip Hoodie,Cream / Cotton fleece,Full-zip hoodie built for layering and travel. Color: Cream. Made from cotton fleece. Designed for modern everyday outfits.,published,https://medusa-public-images.s3.eu-west-1.amazonaws.com/shorts-vintage-front.png,700,32,24,5,6109,DK,,Cotton fleece,,,,,clothing,TRUE,EXT-0050,,XL,CREZIPHOO050-XL,8930000000503,FALSE,TRUE,736,32,24,5,6109,DK,,Cotton fleece,63.5,76,Size,XL,https://medusa-public-images.s3.eu-west-1.amazonaws.com/shorts-vintage-front.png,https://medusa-public-images.s3.eu-west-1.amazonaws.com/shorts-vintage-back.png
,black-lightweight-hoodie-051,Black Lightweight Hoodie,Black / French terry,Light hoodie for transitional weather. Color: Black. Made from french terry. Designed for modern everyday outfits.,published,https://medusa-public-images.s3.eu-west-1.amazonaws.com/tee-black-front.png,580,33,25,6,6109,VN,,French terry,,,,,clothing,TRUE,EXT-0051,,S,BLALIGHOO051-S,8930000000510,FALSE,TRUE,580,33,25,6,6109,VN,,French terry,50.0,60,Size,S,https://medusa-public-images.s3.eu-west-1.amazonaws.com/tee-black-front.png,https://medusa-public-images.s3.eu-west-1.amazonaws.com/tee-black-back.png
,black-lightweight-hoodie-051,Black Lightweight Hoodie,Black / French terry,Light hoodie for transitional weather. Color: Black. Made from french terry. Designed for modern everyday outfits.,published,https://medusa-public-images.s3.eu-west-1.amazonaws.com/tee-black-front.png,580,33,25,6,6109,VN,,French terry,,,,,clothing,TRUE,EXT-0051,,M,BLALIGHOO051-M,8930000000511,FALSE,TRUE,592,33,25,6,6109,VN,,French terry,51.5,62,Size,M,https://medusa-public-images.s3.eu-west-1.amazonaws.com/tee-black-front.png,https://medusa-public-images.s3.eu-west-1.amazonaws.com/tee-black-back.png
,black-lightweight-hoodie-051,Black Lightweight Hoodie,Black / French terry,Light hoodie for transitional weather. Color: Black. Made from french terry. Designed for modern everyday outfits.,published,https://medusa-public-images.s3.eu-west-1.amazonaws.com/tee-black-front.png,580,33,25,6,6109,VN,,French terry,,,,,clothing,TRUE,EXT-0051,,L,BLALIGHOO051-L,8930000000512,FALSE,TRUE,604,33,25,6,6109,VN,,French terry,53.0,64,Size,L,https://medusa-public-images.s3.eu-west-1.amazonaws.com/tee-black-front.png,https://medusa-public-images.s3.eu-west-1.amazonaws.com/tee-black-back.png
,black-lightweight-hoodie-051,Black Lightweight Hoodie,Black / French terry,Light hoodie for transitional weather. Color: Black. Made from french terry. Designed for modern everyday outfits.,published,https://medusa-public-images.s3.eu-west-1.amazonaws.com/tee-black-front.png,580,33,25,6,6109,VN,,French terry,,,,,clothing,TRUE,EXT-0051,,XL,BLALIGHOO051-XL,8930000000513,FALSE,TRUE,616,33,25,6,6109,VN,,French terry,54.5,66,Size,XL,https://medusa-public-images.s3.eu-west-1.amazonaws.com/tee-black-front.png,https://medusa-public-images.s3.eu-west-1.amazonaws.com/tee-black-back.png
,white-joggers-052,White Joggers,White / Cotton fleece,Relaxed joggers with elastic waistband and cuffs. Color: White. Made from cotton fleece. Designed for modern everyday outfits.,published,https://medusa-public-images.s3.eu-west-1.amazonaws.com/tee-white-front.png,520,34,26,3,6109,PT,,Cotton fleece,,,,,clothing,TRUE,EXT-0052,,S,WHIJOG052-S,8930000000520,FALSE,TRUE,520,34,26,3,6109,PT,,Cotton fleece,42.0,50,Size,S,https://medusa-public-images.s3.eu-west-1.amazonaws.com/tee-white-front.png,https://medusa-public-images.s3.eu-west-1.amazonaws.com/tee-white-back.png
,white-joggers-052,White Joggers,White / Cotton fleece,Relaxed joggers with elastic waistband and cuffs. Color: White. Made from cotton fleece. Designed for modern everyday outfits.,published,https://medusa-public-images.s3.eu-west-1.amazonaws.com/tee-white-front.png,520,34,26,3,6109,PT,,Cotton fleece,,,,,clothing,TRUE,EXT-0052,,M,WHIJOG052-M,8930000000521,FALSE,TRUE,532,34,26,3,6109,PT,,Cotton fleece,43.5,52,Size,M,https://medusa-public-images.s3.eu-west-1.amazonaws.com/tee-white-front.png,https://medusa-public-images.s3.eu-west-1.amazonaws.com/tee-white-back.png
,white-joggers-052,White Joggers,White / Cotton fleece,Relaxed joggers with elastic waistband and cuffs. Color: White. Made from cotton fleece. Designed for modern everyday outfits.,published,https://medusa-public-images.s3.eu-west-1.amazonaws.com/tee-white-front.png,520,34,26,3,6109,PT,,Cotton fleece,,,,,clothing,TRUE,EXT-0052,,L,WHIJOG052-L,8930000000522,FALSE,TRUE,544,34,26,3,6109,PT,,Cotton fleece,45.0,54,Size,L,https://medusa-public-images.s3.eu-west-1.amazonaws.com/tee-white-front.png,https://medusa-public-images.s3.eu-west-1.amazonaws.com/tee-white-back.png
,white-joggers-052,White Joggers,White / Cotton fleece,Relaxed joggers with elastic waistband and cuffs. Color: White. Made from cotton fleece. Designed for modern everyday outfits.,published,https://medusa-public-images.s3.eu-west-1.amazonaws.com/tee-white-front.png,520,34,26,3,6109,PT,,Cotton fleece,,,,,clothing,TRUE,EXT-0052,,XL,WHIJOG052-XL,8930000000523,FALSE,TRUE,556,34,26,3,6109,PT,,Cotton fleece,46.5,56,Size,XL,https://medusa-public-images.s3.eu-west-1.amazonaws.com/tee-white-front.png,https://medusa-public-images.s3.eu-west-1.amazonaws.com/tee-white-back.png
,navy-sweatpants-053,Navy Sweatpants,Navy / Cotton fleece,Classic sweatpants with a soft brushed interior. Color: Navy. Made from cotton fleece. Designed for modern everyday outfits.,published,https://medusa-public-images.s3.eu-west-1.amazonaws.com/sweatshirt-vintage-front.png,540,35,27,4,6109,TR,,Cotton fleece,,,,,clothing,TRUE,EXT-0053,,S,NAVSWE053-S,8930000000530,FALSE,TRUE,540,35,27,4,6109,TR,,Cotton fleece,40.0,48,Size,S,https://medusa-public-images.s3.eu-west-1.amazonaws.com/sweatshirt-vintage-front.png,https://medusa-public-images.s3.eu-west-1.amazonaws.com/sweatshirt-vintage-back.png
,navy-sweatpants-053,Navy Sweatpants,Navy / Cotton fleece,Classic sweatpants with a soft brushed interior. Color: Navy. Made from cotton fleece. Designed for modern everyday outfits.,published,https://medusa-public-images.s3.eu-west-1.amazonaws.com/sweatshirt-vintage-front.png,540,35,27,4,6109,TR,,Cotton fleece,,,,,clothing,TRUE,EXT-0053,,M,NAVSWE053-M,8930000000531,FALSE,TRUE,552,35,27,4,6109,TR,,Cotton fleece,41.5,50,Size,M,https://medusa-public-images.s3.eu-west-1.amazonaws.com/sweatshirt-vintage-front.png,https://medusa-public-images.s3.eu-west-1.amazonaws.com/sweatshirt-vintage-back.png
,navy-sweatpants-053,Navy Sweatpants,Navy / Cotton fleece,Classic sweatpants with a soft brushed interior. Color: Navy. Made from cotton fleece. Designed for modern everyday outfits.,published,https://medusa-public-images.s3.eu-west-1.amazonaws.com/sweatshirt-vintage-front.png,540,35,27,4,6109,TR,,Cotton fleece,,,,,clothing,TRUE,EXT-0053,,L,NAVSWE053-L,8930000000532,FALSE,TRUE,564,35,27,4,6109,TR,,Cotton fleece,43.0,52,Size,L,https://medusa-public-images.s3.eu-west-1.amazonaws.com/sweatshirt-vintage-front.png,https://medusa-public-images.s3.eu-west-1.amazonaws.com/sweatshirt-vintage-back.png
,navy-sweatpants-053,Navy Sweatpants,Navy / Cotton fleece,Classic sweatpants with a soft brushed interior. Color: Navy. Made from cotton fleece. Designed for modern everyday outfits.,published,https://medusa-public-images.s3.eu-west-1.amazonaws.com/sweatshirt-vintage-front.png,540,35,27,4,6109,TR,,Cotton fleece,,,,,clothing,TRUE,EXT-0053,,XL,NAVSWE053-XL,8930000000533,FALSE,TRUE,576,35,27,4,6109,TR,,Cotton fleece,44.5,54,Size,XL,https://medusa-public-images.s3.eu-west-1.amazonaws.com/sweatshirt-vintage-front.png,https://medusa-public-images.s3.eu-west-1.amazonaws.com/sweatshirt-vintage-back.png
,gray-relaxed-pants-054,Gray Relaxed Pants,Gray / Cotton twill,Tapered cotton pants for everyday styling. Color: Gray. Made from cotton twill. Designed for modern everyday outfits.,published,https://medusa-public-images.s3.eu-west-1.amazonaws.com/sweatpants-gray-front.png,500,36,28,5,6109,IT,,Cotton twill,,,,,clothing,TRUE,EXT-0054,,S,GRARELPAN054-S,8930000000540,FALSE,TRUE,500,36,28,5,6109,IT,,Cotton twill,49.0,58,Size,S,https://medusa-public-images.s3.eu-west-1.amazonaws.com/sweatpants-gray-front.png,https://medusa-public-images.s3.eu-west-1.amazonaws.com/sweatpants-gray-back.png
,gray-relaxed-pants-054,Gray Relaxed Pants,Gray / Cotton twill,Tapered cotton pants for everyday styling. Color: Gray. Made from cotton twill. Designed for modern everyday outfits.,published,https://medusa-public-images.s3.eu-west-1.amazonaws.com/sweatpants-gray-front.png,500,36,28,5,6109,IT,,Cotton twill,,,,,clothing,TRUE,EXT-0054,,M,GRARELPAN054-M,8930000000541,FALSE,TRUE,512,36,28,5,6109,IT,,Cotton twill,50.5,60,Size,M,https://medusa-public-images.s3.eu-west-1.amazonaws.com/sweatpants-gray-front.png,https://medusa-public-images.s3.eu-west-1.amazonaws.com/sweatpants-gray-back.png
,gray-relaxed-pants-054,Gray Relaxed Pants,Gray / Cotton twill,Tapered cotton pants for everyday styling. Color: Gray. Made from cotton twill. Designed for modern everyday outfits.,published,https://medusa-public-images.s3.eu-west-1.amazonaws.com/sweatpants-gray-front.png,500,36,28,5,6109,IT,,Cotton twill,,,,,clothing,TRUE,EXT-0054,,L,GRARELPAN054-L,8930000000542,FALSE,TRUE,524,36,28,5,6109,IT,,Cotton twill,52.0,62,Size,L,https://medusa-public-images.s3.eu-west-1.amazonaws.com/sweatpants-gray-front.png,https://medusa-public-images.s3.eu-west-1.amazonaws.com/sweatpants-gray-back.png
,gray-relaxed-pants-054,Gray Relaxed Pants,Gray / Cotton twill,Tapered cotton pants for everyday styling. Color: Gray. Made from cotton twill. Designed for modern everyday outfits.,published,https://medusa-public-images.s3.eu-west-1.amazonaws.com/sweatpants-gray-front.png,500,36,28,5,6109,IT,,Cotton twill,,,,,clothing,TRUE,EXT-0054,,XL,GRARELPAN054-XL,8930000000543,FALSE,TRUE,536,36,28,5,6109,IT,,Cotton twill,53.5,64,Size,XL,https://medusa-public-images.s3.eu-west-1.amazonaws.com/sweatpants-gray-front.png,https://medusa-public-images.s3.eu-west-1.amazonaws.com/sweatpants-gray-back.png
,olive-lounge-pants-055,Olive Lounge Pants,Olive / Cotton blend,Soft lounge pants made for comfort at home or travel. Color: Olive. Made from cotton blend. Designed for modern everyday outfits.,published,https://medusa-public-images.s3.eu-west-1.amazonaws.com/shorts-vintage-front.png,470,37,29,6,6109,DK,,Cotton blend,,,,,clothing,TRUE,EXT-0055,,S,OLILOUPAN055-S,8930000000550,FALSE,TRUE,470,37,29,6,6109,DK,,Cotton blend,38.0,46,Size,S,https://medusa-public-images.s3.eu-west-1.amazonaws.com/shorts-vintage-front.png,https://medusa-public-images.s3.eu-west-1.amazonaws.com/shorts-vintage-back.png
,olive-lounge-pants-055,Olive Lounge Pants,Olive / Cotton blend,Soft lounge pants made for comfort at home or travel. Color: Olive. Made from cotton blend. Designed for modern everyday outfits.,published,https://medusa-public-images.s3.eu-west-1.amazonaws.com/shorts-vintage-front.png,470,37,29,6,6109,DK,,Cotton blend,,,,,clothing,TRUE,EXT-0055,,M,OLILOUPAN055-M,8930000000551,FALSE,TRUE,482,37,29,6,6109,DK,,Cotton blend,39.5,48,Size,M,https://medusa-public-images.s3.eu-west-1.amazonaws.com/shorts-vintage-front.png,https://medusa-public-images.s3.eu-west-1.amazonaws.com/shorts-vintage-back.png
,olive-lounge-pants-055,Olive Lounge Pants,Olive / Cotton blend,Soft lounge pants made for comfort at home or travel. Color: Olive. Made from cotton blend. Designed for modern everyday outfits.,published,https://medusa-public-images.s3.eu-west-1.amazonaws.com/shorts-vintage-front.png,470,37,29,6,6109,DK,,Cotton blend,,,,,clothing,TRUE,EXT-0055,,L,OLILOUPAN055-L,8930000000552,FALSE,TRUE,494,37,29,6,6109,DK,,Cotton blend,41.0,50,Size,L,https://medusa-public-images.s3.eu-west-1.amazonaws.com/shorts-vintage-front.png,https://medusa-public-images.s3.eu-west-1.amazonaws.com/shorts-vintage-back.png
,olive-lounge-pants-055,Olive Lounge Pants,Olive / Cotton blend,Soft lounge pants made for comfort at home or travel. Color: Olive. Made from cotton blend. Designed for modern everyday outfits.,published,https://medusa-public-images.s3.eu-west-1.amazonaws.com/shorts-vintage-front.png,470,37,29,6,6109,DK,,Cotton blend,,,,,clothing,TRUE,EXT-0055,,XL,OLILOUPAN055-XL,8930000000553,FALSE,TRUE,506,37,29,6,6109,DK,,Cotton blend,42.5,52,Size,XL,https://medusa-public-images.s3.eu-west-1.amazonaws.com/shorts-vintage-front.png,https://medusa-public-images.s3.eu-west-1.amazonaws.com/shorts-vintage-back.png
,stone-training-shorts-056,Stone Training Shorts,Stone / Cotton blend,Lightweight shorts with an easy elastic waist. Color: Stone. Made from cotton blend. Designed for modern everyday outfits.,published,https://medusa-public-images.s3.eu-west-1.amazonaws.com/tee-black-front.png,280,38,30,3,6109,VN,,Cotton blend,,,,,clothing,TRUE,EXT-0056,,S,STOTRASHO056-S,8930000000560,FALSE,TRUE,280,38,30,3,6109,VN,,Cotton blend,24.0,30,Size,S,https://medusa-public-images.s3.eu-west-1.amazonaws.com/tee-black-front.png,https://medusa-public-images.s3.eu-west-1.amazonaws.com/tee-black-back.png
,stone-training-shorts-056,Stone Training Shorts,Stone / Cotton blend,Lightweight shorts with an easy elastic waist. Color: Stone. Made from cotton blend. Designed for modern everyday outfits.,published,https://medusa-public-images.s3.eu-west-1.amazonaws.com/tee-black-front.png,280,38,30,3,6109,VN,,Cotton blend,,,,,clothing,TRUE,EXT-0056,,M,STOTRASHO056-M,8930000000561,FALSE,TRUE,292,38,30,3,6109,VN,,Cotton blend,25.5,32,Size,M,https://medusa-public-images.s3.eu-west-1.amazonaws.com/tee-black-front.png,https://medusa-public-images.s3.eu-west-1.amazonaws.com/tee-black-back.png
,stone-training-shorts-056,Stone Training Shorts,Stone / Cotton blend,Lightweight shorts with an easy elastic waist. Color: Stone. Made from cotton blend. Designed for modern everyday outfits.,published,https://medusa-public-images.s3.eu-west-1.amazonaws.com/tee-black-front.png,280,38,30,3,6109,VN,,Cotton blend,,,,,clothing,TRUE,EXT-0056,,L,STOTRASHO056-L,8930000000562,FALSE,TRUE,304,38,30,3,6109,VN,,Cotton blend,27.0,34,Size,L,https://medusa-public-images.s3.eu-west-1.amazonaws.com/tee-black-front.png,https://medusa-public-images.s3.eu-west-1.amazonaws.com/tee-black-back.png
,stone-training-shorts-056,Stone Training Shorts,Stone / Cotton blend,Lightweight shorts with an easy elastic waist. Color: Stone. Made from cotton blend. Designed for modern everyday outfits.,published,https://medusa-public-images.s3.eu-west-1.amazonaws.com/tee-black-front.png,280,38,30,3,6109,VN,,Cotton blend,,,,,clothing,TRUE,EXT-0056,,XL,STOTRASHO056-XL,8930000000563,FALSE,TRUE,316,38,30,3,6109,VN,,Cotton blend,28.5,36,Size,XL,https://medusa-public-images.s3.eu-west-1.amazonaws.com/tee-black-front.png,https://medusa-public-images.s3.eu-west-1.amazonaws.com/tee-black-back.png
,burgundy-lounge-shorts-057,Burgundy Lounge Shorts,Burgundy / Cotton,Casual pull-on shorts for weekends and warm days. Color: Burgundy. Made from cotton. Designed for modern everyday outfits.,published,https://medusa-public-images.s3.eu-west-1.amazonaws.com/tee-white-front.png,260,39,31,4,6109,PT,,Cotton,,,,,clothing,TRUE,EXT-0057,,S,BURLOUSHO057-S,8930000000570,FALSE,TRUE,260,39,31,4,6109,PT,,Cotton,22.0,28,Size,S,https://medusa-public-images.s3.eu-west-1.amazonaws.com/tee-white-front.png,https://medusa-public-images.s3.eu-west-1.amazonaws.com/tee-white-back.png
,burgundy-lounge-shorts-057,Burgundy Lounge Shorts,Burgundy / Cotton,Casual pull-on shorts for weekends and warm days. Color: Burgundy. Made from cotton. Designed for modern everyday outfits.,published,https://medusa-public-images.s3.eu-west-1.amazonaws.com/tee-white-front.png,260,39,31,4,6109,PT,,Cotton,,,,,clothing,TRUE,EXT-0057,,M,BURLOUSHO057-M,8930000000571,FALSE,TRUE,272,39,31,4,6109,PT,,Cotton,23.5,30,Size,M,https://medusa-public-images.s3.eu-west-1.amazonaws.com/tee-white-front.png,https://medusa-public-images.s3.eu-west-1.amazonaws.com/tee-white-back.png
,burgundy-lounge-shorts-057,Burgundy Lounge Shorts,Burgundy / Cotton,Casual pull-on shorts for weekends and warm days. Color: Burgundy. Made from cotton. Designed for modern everyday outfits.,published,https://medusa-public-images.s3.eu-west-1.amazonaws.com/tee-white-front.png,260,39,31,4,6109,PT,,Cotton,,,,,clothing,TRUE,EXT-0057,,L,BURLOUSHO057-L,8930000000572,FALSE,TRUE,284,39,31,4,6109,PT,,Cotton,25.0,32,Size,L,https://medusa-public-images.s3.eu-west-1.amazonaws.com/tee-white-front.png,https://medusa-public-images.s3.eu-west-1.amazonaws.com/tee-white-back.png
,burgundy-lounge-shorts-057,Burgundy Lounge Shorts,Burgundy / Cotton,Casual pull-on shorts for weekends and warm days. Color: Burgundy. Made from cotton. Designed for modern everyday outfits.,published,https://medusa-public-images.s3.eu-west-1.amazonaws.com/tee-white-front.png,260,39,31,4,6109,PT,,Cotton,,,,,clothing,TRUE,EXT-0057,,XL,BURLOUSHO057-XL,8930000000573,FALSE,TRUE,296,39,31,4,6109,PT,,Cotton,26.5,34,Size,XL,https://medusa-public-images.s3.eu-west-1.amazonaws.com/tee-white-front.png,https://medusa-public-images.s3.eu-west-1.amazonaws.com/tee-white-back.png
,forest-chino-shorts-058,Forest Chino Shorts,Forest / Cotton twill,Clean cotton shorts with a simple tailored shape. Color: Forest. Made from cotton twill. Designed for modern everyday outfits.,published,https://medusa-public-images.s3.eu-west-1.amazonaws.com/sweatshirt-vintage-front.png,300,40,32,5,6109,TR,,Cotton twill,,,,,clothing,TRUE,EXT-0058,,S,FORCHISHO058-S,8930000000580,FALSE,TRUE,300,40,32,5,6109,TR,,Cotton twill,32.0,38,Size,S,https://medusa-public-images.s3.eu-west-1.amazonaws.com/sweatshirt-vintage-front.png,https://medusa-public-images.s3.eu-west-1.amazonaws.com/sweatshirt-vintage-back.png
,forest-chino-shorts-058,Forest Chino Shorts,Forest / Cotton twill,Clean cotton shorts with a simple tailored shape. Color: Forest. Made from cotton twill. Designed for modern everyday outfits.,published,https://medusa-public-images.s3.eu-west-1.amazonaws.com/sweatshirt-vintage-front.png,300,40,32,5,6109,TR,,Cotton twill,,,,,clothing,TRUE,EXT-0058,,M,FORCHISHO058-M,8930000000581,FALSE,TRUE,312,40,32,5,6109,TR,,Cotton twill,33.5,40,Size,M,https://medusa-public-images.s3.eu-west-1.amazonaws.com/sweatshirt-vintage-front.png,https://medusa-public-images.s3.eu-west-1.amazonaws.com/sweatshirt-vintage-back.png
,forest-chino-shorts-058,Forest Chino Shorts,Forest / Cotton twill,Clean cotton shorts with a simple tailored shape. Color: Forest. Made from cotton twill. Designed for modern everyday outfits.,published,https://medusa-public-images.s3.eu-west-1.amazonaws.com/sweatshirt-vintage-front.png,300,40,32,5,6109,TR,,Cotton twill,,,,,clothing,TRUE,EXT-0058,,L,FORCHISHO058-L,8930000000582,FALSE,TRUE,324,40,32,5,6109,TR,,Cotton twill,35.0,42,Size,L,https://medusa-public-images.s3.eu-west-1.amazonaws.com/sweatshirt-vintage-front.png,https://medusa-public-images.s3.eu-west-1.amazonaws.com/sweatshirt-vintage-back.png
,forest-chino-shorts-058,Forest Chino Shorts,Forest / Cotton twill,Clean cotton shorts with a simple tailored shape. Color: Forest. Made from cotton twill. Designed for modern everyday outfits.,published,https://medusa-public-images.s3.eu-west-1.amazonaws.com/sweatshirt-vintage-front.png,300,40,32,5,6109,TR,,Cotton twill,,,,,clothing,TRUE,EXT-0058,,XL,FORCHISHO058-XL,8930000000583,FALSE,TRUE,336,40,32,5,6109,TR,,Cotton twill,36.5,44,Size,XL,https://medusa-public-images.s3.eu-west-1.amazonaws.com/sweatshirt-vintage-front.png,https://medusa-public-images.s3.eu-west-1.amazonaws.com/sweatshirt-vintage-back.png
,charcoal-rib-tank-059,Charcoal Rib Tank,Charcoal / Rib cotton,Sleeveless rib tank for warm weather layering. Color: Charcoal. Made from rib cotton. Designed for modern everyday outfits.,published,https://medusa-public-images.s3.eu-west-1.amazonaws.com/sweatpants-gray-front.png,220,41,33,6,6109,IT,,Rib cotton,,,,,clothing,TRUE,EXT-0059,,S,CHARIBTAN059-S,8930000000590,FALSE,TRUE,220,41,33,6,6109,IT,,Rib cotton,18.0,24,Size,S,https://medusa-public-images.s3.eu-west-1.amazonaws.com/sweatpants-gray-front.png,https://medusa-public-images.s3.eu-west-1.amazonaws.com/sweatpants-gray-back.png
,charcoal-rib-tank-059,Charcoal Rib Tank,Charcoal / Rib cotton,Sleeveless rib tank for warm weather layering. Color: Charcoal. Made from rib cotton. Designed for modern everyday outfits.,published,https://medusa-public-images.s3.eu-west-1.amazonaws.com/sweatpants-gray-front.png,220,41,33,6,6109,IT,,Rib cotton,,,,,clothing,TRUE,EXT-0059,,M,CHARIBTAN059-M,8930000000591,FALSE,TRUE,232,41,33,6,6109,IT,,Rib cotton,19.5,26,Size,M,https://medusa-public-images.s3.eu-west-1.amazonaws.com/sweatpants-gray-front.png,https://medusa-public-images.s3.eu-west-1.amazonaws.com/sweatpants-gray-back.png
,charcoal-rib-tank-059,Charcoal Rib Tank,Charcoal / Rib cotton,Sleeveless rib tank for warm weather layering. Color: Charcoal. Made from rib cotton. Designed for modern everyday outfits.,published,https://medusa-public-images.s3.eu-west-1.amazonaws.com/sweatpants-gray-front.png,220,41,33,6,6109,IT,,Rib cotton,,,,,clothing,TRUE,EXT-0059,,L,CHARIBTAN059-L,8930000000592,FALSE,TRUE,244,41,33,6,6109,IT,,Rib cotton,21.0,28,Size,L,https://medusa-public-images.s3.eu-west-1.amazonaws.com/sweatpants-gray-front.png,https://medusa-public-images.s3.eu-west-1.amazonaws.com/sweatpants-gray-back.png
,charcoal-rib-tank-059,Charcoal Rib Tank,Charcoal / Rib cotton,Sleeveless rib tank for warm weather layering. Color: Charcoal. Made from rib cotton. Designed for modern everyday outfits.,published,https://medusa-public-images.s3.eu-west-1.amazonaws.com/sweatpants-gray-front.png,220,41,33,6,6109,IT,,Rib cotton,,,,,clothing,TRUE,EXT-0059,,XL,CHARIBTAN059-XL,8930000000593,FALSE,TRUE,256,41,33,6,6109,IT,,Rib cotton,22.5,30,Size,XL,https://medusa-public-images.s3.eu-west-1.amazonaws.com/sweatpants-gray-front.png,https://medusa-public-images.s3.eu-west-1.amazonaws.com/sweatpants-gray-back.png
,cream-polo-shirt-060,Cream Polo Shirt,Cream / Pique cotton,Soft polo shirt with a structured collar. Color: Cream. Made from pique cotton. Designed for modern everyday outfits.,published,https://medusa-public-images.s3.eu-west-1.amazonaws.com/shorts-vintage-front.png,360,30,24,3,6109,DK,,Pique cotton,,,,,clothing,TRUE,EXT-0060,,S,CREPOLSHI060-S,8930000000600,FALSE,TRUE,360,30,24,3,6109,DK,,Pique cotton,35.0,42,Size,S,https://medusa-public-images.s3.eu-west-1.amazonaws.com/shorts-vintage-front.png,https://medusa-public-images.s3.eu-west-1.amazonaws.com/shorts-vintage-back.png
,cream-polo-shirt-060,Cream Polo Shirt,Cream / Pique cotton,Soft polo shirt with a structured collar. Color: Cream. Made from pique cotton. Designed for modern everyday outfits.,published,https://medusa-public-images.s3.eu-west-1.amazonaws.com/shorts-vintage-front.png,360,30,24,3,6109,DK,,Pique cotton,,,,,clothing,TRUE,EXT-0060,,M,CREPOLSHI060-M,8930000000601,FALSE,TRUE,372,30,24,3,6109,DK,,Pique cotton,36.5,44,Size,M,https://medusa-public-images.s3.eu-west-1.amazonaws.com/shorts-vintage-front.png,https://medusa-public-images.s3.eu-west-1.amazonaws.com/shorts-vintage-back.png
,cream-polo-shirt-060,Cream Polo Shirt,Cream / Pique cotton,Soft polo shirt with a structured collar. Color: Cream. Made from pique cotton. Designed for modern everyday outfits.,published,https://medusa-public-images.s3.eu-west-1.amazonaws.com/shorts-vintage-front.png,360,30,24,3,6109,DK,,Pique cotton,,,,,clothing,TRUE,EXT-0060,,L,CREPOLSHI060-L,8930000000602,FALSE,TRUE,384,30,24,3,6109,DK,,Pique cotton,38.0,46,Size,L,https://medusa-public-images.s3.eu-west-1.amazonaws.com/shorts-vintage-front.png,https://medusa-public-images.s3.eu-west-1.amazonaws.com/shorts-vintage-back.png
,cream-polo-shirt-060,Cream Polo Shirt,Cream / Pique cotton,Soft polo shirt with a structured collar. Color: Cream. Made from pique cotton. Designed for modern everyday outfits.,published,https://medusa-public-images.s3.eu-west-1.amazonaws.com/shorts-vintage-front.png,360,30,24,3,6109,DK,,Pique cotton,,,,,clothing,TRUE,EXT-0060,,XL,CREPOLSHI060-XL,8930000000603,FALSE,TRUE,396,30,24,3,6109,DK,,Pique cotton,39.5,48,Size,XL,https://medusa-public-images.s3.eu-west-1.amazonaws.com/shorts-vintage-front.png,https://medusa-public-images.s3.eu-west-1.amazonaws.com/shorts-vintage-back.png
,black-essential-tee-061,Black Essential Tee,Black / Cotton,Everyday cotton T-shirt with a clean regular fit. Color: Black. Made from cotton. Designed for modern everyday outfits.,published,https://medusa-public-images.s3.eu-west-1.amazonaws.com/tee-black-front.png,320,31,25,4,6109,VN,,Cotton,,,,,clothing,TRUE,EXT-0061,,S,BLAESSTEE061-S,8930000000610,FALSE,TRUE,320,31,25,4,6109,VN,,Cotton,24.0,29,Size,S,https://medusa-public-images.s3.eu-west-1.amazonaws.com/tee-black-front.png,https://medusa-public-images.s3.eu-west-1.amazonaws.com/tee-black-back.png
,black-essential-tee-061,Black Essential Tee,Black / Cotton,Everyday cotton T-shirt with a clean regular fit. Color: Black. Made from cotton. Designed for modern everyday outfits.,published,https://medusa-public-images.s3.eu-west-1.amazonaws.com/tee-black-front.png,320,31,25,4,6109,VN,,Cotton,,,,,clothing,TRUE,EXT-0061,,M,BLAESSTEE061-M,8930000000611,FALSE,TRUE,332,31,25,4,6109,VN,,Cotton,25.5,31,Size,M,https://medusa-public-images.s3.eu-west-1.amazonaws.com/tee-black-front.png,https://medusa-public-images.s3.eu-west-1.amazonaws.com/tee-black-back.png
,black-essential-tee-061,Black Essential Tee,Black / Cotton,Everyday cotton T-shirt with a clean regular fit. Color: Black. Made from cotton. Designed for modern everyday outfits.,published,https://medusa-public-images.s3.eu-west-1.amazonaws.com/tee-black-front.png,320,31,25,4,6109,VN,,Cotton,,,,,clothing,TRUE,EXT-0061,,L,BLAESSTEE061-L,8930000000612,FALSE,TRUE,344,31,25,4,6109,VN,,Cotton,27.0,33,Size,L,https://medusa-public-images.s3.eu-west-1.amazonaws.com/tee-black-front.png,https://medusa-public-images.s3.eu-west-1.amazonaws.com/tee-black-back.png
,black-essential-tee-061,Black Essential Tee,Black / Cotton,Everyday cotton T-shirt with a clean regular fit. Color: Black. Made from cotton. Designed for modern everyday outfits.,published,https://medusa-public-images.s3.eu-west-1.amazonaws.com/tee-black-front.png,320,31,25,4,6109,VN,,Cotton,,,,,clothing,TRUE,EXT-0061,,XL,BLAESSTEE061-XL,8930000000613,FALSE,TRUE,356,31,25,4,6109,VN,,Cotton,28.5,35,Size,XL,https://medusa-public-images.s3.eu-west-1.amazonaws.com/tee-black-front.png,https://medusa-public-images.s3.eu-west-1.amazonaws.com/tee-black-back.png
,white-classic-tee-062,White Classic Tee,White / Cotton jersey,Soft jersey T-shirt designed for daily wear. Color: White. Made from cotton jersey. Designed for modern everyday outfits.,published,https://medusa-public-images.s3.eu-west-1.amazonaws.com/tee-white-front.png,330,32,26,5,6109,PT,,Cotton jersey,,,,,clothing,TRUE,EXT-0062,,S,WHICLATEE062-S,8930000000620,FALSE,TRUE,330,32,26,5,6109,PT,,Cotton jersey,22.0,27,Size,S,https://medusa-public-images.s3.eu-west-1.amazonaws.com/tee-white-front.png,https://medusa-public-images.s3.eu-west-1.amazonaws.com/tee-white-back.png
,white-classic-tee-062,White Classic Tee,White / Cotton jersey,Soft jersey T-shirt designed for daily wear. Color: White. Made from cotton jersey. Designed for modern everyday outfits.,published,https://medusa-public-images.s3.eu-west-1.amazonaws.com/tee-white-front.png,330,32,26,5,6109,PT,,Cotton jersey,,,,,clothing,TRUE,EXT-0062,,M,WHICLATEE062-M,8930000000621,FALSE,TRUE,342,32,26,5,6109,PT,,Cotton jersey,23.5,29,Size,M,https://medusa-public-images.s3.eu-west-1.amazonaws.com/tee-white-front.png,https://medusa-public-images.s3.eu-west-1.amazonaws.com/tee-white-back.png
,white-classic-tee-062,White Classic Tee,White / Cotton jersey,Soft jersey T-shirt designed for daily wear. Color: White. Made from cotton jersey. Designed for modern everyday outfits.,published,https://medusa-public-images.s3.eu-west-1.amazonaws.com/tee-white-front.png,330,32,26,5,6109,PT,,Cotton jersey,,,,,clothing,TRUE,EXT-0062,,L,WHICLATEE062-L,8930000000622,FALSE,TRUE,354,32,26,5,6109,PT,,Cotton jersey,25.0,31,Size,L,https://medusa-public-images.s3.eu-west-1.amazonaws.com/tee-white-front.png,https://medusa-public-images.s3.eu-west-1.amazonaws.com/tee-white-back.png
,white-classic-tee-062,White Classic Tee,White / Cotton jersey,Soft jersey T-shirt designed for daily wear. Color: White. Made from cotton jersey. Designed for modern everyday outfits.,published,https://medusa-public-images.s3.eu-west-1.amazonaws.com/tee-white-front.png,330,32,26,5,6109,PT,,Cotton jersey,,,,,clothing,TRUE,EXT-0062,,XL,WHICLATEE062-XL,8930000000623,FALSE,TRUE,366,32,26,5,6109,PT,,Cotton jersey,26.5,33,Size,XL,https://medusa-public-images.s3.eu-west-1.amazonaws.com/tee-white-front.png,https://medusa-public-images.s3.eu-west-1.amazonaws.com/tee-white-back.png
,navy-oversized-tee-063,Navy Oversized Tee,Navy / Cotton,Relaxed oversized T-shirt with a streetwear silhouette. Color: Navy. Made from cotton. Designed for modern everyday outfits.,published,https://medusa-public-images.s3.eu-west-1.amazonaws.com/sweatshirt-vintage-front.png,360,33,27,6,6109,TR,,Cotton,,,,,clothing,TRUE,EXT-0063,,S,NAVOVETEE063-S,8930000000630,FALSE,TRUE,360,33,27,6,6109,TR,,Cotton,26.0,31,Size,S,https://medusa-public-images.s3.eu-west-1.amazonaws.com/sweatshirt-vintage-front.png,https://medusa-public-images.s3.eu-west-1.amazonaws.com/sweatshirt-vintage-back.png
,navy-oversized-tee-063,Navy Oversized Tee,Navy / Cotton,Relaxed oversized T-shirt with a streetwear silhouette. Color: Navy. Made from cotton. Designed for modern everyday outfits.,published,https://medusa-public-images.s3.eu-west-1.amazonaws.com/sweatshirt-vintage-front.png,360,33,27,6,6109,TR,,Cotton,,,,,clothing,TRUE,EXT-0063,,M,NAVOVETEE063-M,8930000000631,FALSE,TRUE,372,33,27,6,6109,TR,,Cotton,27.5,33,Size,M,https://medusa-public-images.s3.eu-west-1.amazonaws.com/sweatshirt-vintage-front.png,https://medusa-public-images.s3.eu-west-1.amazonaws.com/sweatshirt-vintage-back.png
,navy-oversized-tee-063,Navy Oversized Tee,Navy / Cotton,Relaxed oversized T-shirt with a streetwear silhouette. Color: Navy. Made from cotton. Designed for modern everyday outfits.,published,https://medusa-public-images.s3.eu-west-1.amazonaws.com/sweatshirt-vintage-front.png,360,33,27,6,6109,TR,,Cotton,,,,,clothing,TRUE,EXT-0063,,L,NAVOVETEE063-L,8930000000632,FALSE,TRUE,384,33,27,6,6109,TR,,Cotton,29.0,35,Size,L,https://medusa-public-images.s3.eu-west-1.amazonaws.com/sweatshirt-vintage-front.png,https://medusa-public-images.s3.eu-west-1.amazonaws.com/sweatshirt-vintage-back.png
,navy-oversized-tee-063,Navy Oversized Tee,Navy / Cotton,Relaxed oversized T-shirt with a streetwear silhouette. Color: Navy. Made from cotton. Designed for modern everyday outfits.,published,https://medusa-public-images.s3.eu-west-1.amazonaws.com/sweatshirt-vintage-front.png,360,33,27,6,6109,TR,,Cotton,,,,,clothing,TRUE,EXT-0063,,XL,NAVOVETEE063-XL,8930000000633,FALSE,TRUE,396,33,27,6,6109,TR,,Cotton,30.5,37,Size,XL,https://medusa-public-images.s3.eu-west-1.amazonaws.com/sweatshirt-vintage-front.png,https://medusa-public-images.s3.eu-west-1.amazonaws.com/sweatshirt-vintage-back.png
,gray-pocket-tee-064,Gray Pocket Tee,Gray / Cotton,Casual T-shirt with a chest pocket and soft hand feel. Color: Gray. Made from cotton. Designed for modern everyday outfits.,published,https://medusa-public-images.s3.eu-west-1.amazonaws.com/sweatpants-gray-front.png,340,34,28,3,6109,IT,,Cotton,,,,,clothing,TRUE,EXT-0064,,S,GRAPOCTEE064-S,8930000000640,FALSE,TRUE,340,34,28,3,6109,IT,,Cotton,25.0,30,Size,S,https://medusa-public-images.s3.eu-west-1.amazonaws.com/sweatpants-gray-front.png,https://medusa-public-images.s3.eu-west-1.amazonaws.com/sweatpants-gray-back.png
,gray-pocket-tee-064,Gray Pocket Tee,Gray / Cotton,Casual T-shirt with a chest pocket and soft hand feel. Color: Gray. Made from cotton. Designed for modern everyday outfits.,published,https://medusa-public-images.s3.eu-west-1.amazonaws.com/sweatpants-gray-front.png,340,34,28,3,6109,IT,,Cotton,,,,,clothing,TRUE,EXT-0064,,M,GRAPOCTEE064-M,8930000000641,FALSE,TRUE,352,34,28,3,6109,IT,,Cotton,26.5,32,Size,M,https://medusa-public-images.s3.eu-west-1.amazonaws.com/sweatpants-gray-front.png,https://medusa-public-images.s3.eu-west-1.amazonaws.com/sweatpants-gray-back.png
,gray-pocket-tee-064,Gray Pocket Tee,Gray / Cotton,Casual T-shirt with a chest pocket and soft hand feel. Color: Gray. Made from cotton. Designed for modern everyday outfits.,published,https://medusa-public-images.s3.eu-west-1.amazonaws.com/sweatpants-gray-front.png,340,34,28,3,6109,IT,,Cotton,,,,,clothing,TRUE,EXT-0064,,L,GRAPOCTEE064-L,8930000000642,FALSE,TRUE,364,34,28,3,6109,IT,,Cotton,28.0,34,Size,L,https://medusa-public-images.s3.eu-west-1.amazonaws.com/sweatpants-gray-front.png,https://medusa-public-images.s3.eu-west-1.amazonaws.com/sweatpants-gray-back.png
,gray-pocket-tee-064,Gray Pocket Tee,Gray / Cotton,Casual T-shirt with a chest pocket and soft hand feel. Color: Gray. Made from cotton. Designed for modern everyday outfits.,published,https://medusa-public-images.s3.eu-west-1.amazonaws.com/sweatpants-gray-front.png,340,34,28,3,6109,IT,,Cotton,,,,,clothing,TRUE,EXT-0064,,XL,GRAPOCTEE064-XL,8930000000643,FALSE,TRUE,376,34,28,3,6109,IT,,Cotton,29.5,36,Size,XL,https://medusa-public-images.s3.eu-west-1.amazonaws.com/sweatpants-gray-front.png,https://medusa-public-images.s3.eu-west-1.amazonaws.com/sweatpants-gray-back.png
,olive-training-tee-065,Olive Training Tee,Olive / Cotton blend,Breathable T-shirt for workouts and active days. Color: Olive. Made from cotton blend. Designed for modern everyday outfits.,published,https://medusa-public-images.s3.eu-west-1.amazonaws.com/shorts-vintage-front.png,310,35,29,4,6109,DK,,Cotton blend,,,,,clothing,TRUE,EXT-0065,,S,OLITRATEE065-S,8930000000650,FALSE,TRUE,310,35,29,4,6109,DK,,Cotton blend,28.0,34,Size,S,https://medusa-public-images.s3.eu-west-1.amazonaws.com/shorts-vintage-front.png,https://medusa-public-images.s3.eu-west-1.amazonaws.com/shorts-vintage-back.png
,olive-training-tee-065,Olive Training Tee,Olive / Cotton blend,Breathable T-shirt for workouts and active days. Color: Olive. Made from cotton blend. Designed for modern everyday outfits.,published,https://medusa-public-images.s3.eu-west-1.amazonaws.com/shorts-vintage-front.png,310,35,29,4,6109,DK,,Cotton blend,,,,,clothing,TRUE,EXT-0065,,M,OLITRATEE065-M,8930000000651,FALSE,TRUE,322,35,29,4,6109,DK,,Cotton blend,29.5,36,Size,M,https://medusa-public-images.s3.eu-west-1.amazonaws.com/shorts-vintage-front.png,https://medusa-public-images.s3.eu-west-1.amazonaws.com/shorts-vintage-back.png
,olive-training-tee-065,Olive Training Tee,Olive / Cotton blend,Breathable T-shirt for workouts and active days. Color: Olive. Made from cotton blend. Designed for modern everyday outfits.,published,https://medusa-public-images.s3.eu-west-1.amazonaws.com/shorts-vintage-front.png,310,35,29,4,6109,DK,,Cotton blend,,,,,clothing,TRUE,EXT-0065,,L,OLITRATEE065-L,8930000000652,FALSE,TRUE,334,35,29,4,6109,DK,,Cotton blend,31.0,38,Size,L,https://medusa-public-images.s3.eu-west-1.amazonaws.com/shorts-vintage-front.png,https://medusa-public-images.s3.eu-west-1.amazonaws.com/shorts-vintage-back.png
,olive-training-tee-065,Olive Training Tee,Olive / Cotton blend,Breathable T-shirt for workouts and active days. Color: Olive. Made from cotton blend. Designed for modern everyday outfits.,published,https://medusa-public-images.s3.eu-west-1.amazonaws.com/shorts-vintage-front.png,310,35,29,4,6109,DK,,Cotton blend,,,,,clothing,TRUE,EXT-0065,,XL,OLITRATEE065-XL,8930000000653,FALSE,TRUE,346,35,29,4,6109,DK,,Cotton blend,32.5,40,Size,XL,https://medusa-public-images.s3.eu-west-1.amazonaws.com/shorts-vintage-front.png,https://medusa-public-images.s3.eu-west-1.amazonaws.com/shorts-vintage-back.png
,stone-long-sleeve-tee-066,Stone Long Sleeve Tee,Stone / Cotton,Light long-sleeve tee for layering in cooler weather. Color: Stone. Made from cotton. Designed for modern everyday outfits.,published,https://medusa-public-images.s3.eu-west-1.amazonaws.com/tee-black-front.png,380,36,30,5,6109,VN,,Cotton,,,,,clothing,TRUE,EXT-0066,,S,STOLONSLETEE066-S,8930000000660,FALSE,TRUE,380,36,30,5,6109,VN,,Cotton,30.0,36,Size,S,https://medusa-public-images.s3.eu-west-1.amazonaws.com/tee-black-front.png,https://medusa-public-images.s3.eu-west-1.amazonaws.com/tee-black-back.png
,stone-long-sleeve-tee-066,Stone Long Sleeve Tee,Stone / Cotton,Light long-sleeve tee for layering in cooler weather. Color: Stone. Made from cotton. Designed for modern everyday outfits.,published,https://medusa-public-images.s3.eu-west-1.amazonaws.com/tee-black-front.png,380,36,30,5,6109,VN,,Cotton,,,,,clothing,TRUE,EXT-0066,,M,STOLONSLETEE066-M,8930000000661,FALSE,TRUE,392,36,30,5,6109,VN,,Cotton,31.5,38,Size,M,https://medusa-public-images.s3.eu-west-1.amazonaws.com/tee-black-front.png,https://medusa-public-images.s3.eu-west-1.amazonaws.com/tee-black-back.png
,stone-long-sleeve-tee-066,Stone Long Sleeve Tee,Stone / Cotton,Light long-sleeve tee for layering in cooler weather. Color: Stone. Made from cotton. Designed for modern everyday outfits.,published,https://medusa-public-images.s3.eu-west-1.amazonaws.com/tee-black-front.png,380,36,30,5,6109,VN,,Cotton,,,,,clothing,TRUE,EXT-0066,,L,STOLONSLETEE066-L,8930000000662,FALSE,TRUE,404,36,30,5,6109,VN,,Cotton,33.0,40,Size,L,https://medusa-public-images.s3.eu-west-1.amazonaws.com/tee-black-front.png,https://medusa-public-images.s3.eu-west-1.amazonaws.com/tee-black-back.png
,stone-long-sleeve-tee-066,Stone Long Sleeve Tee,Stone / Cotton,Light long-sleeve tee for layering in cooler weather. Color: Stone. Made from cotton. Designed for modern everyday outfits.,published,https://medusa-public-images.s3.eu-west-1.amazonaws.com/tee-black-front.png,380,36,30,5,6109,VN,,Cotton,,,,,clothing,TRUE,EXT-0066,,XL,STOLONSLETEE066-XL,8930000000663,FALSE,TRUE,416,36,30,5,6109,VN,,Cotton,34.5,42,Size,XL,https://medusa-public-images.s3.eu-west-1.amazonaws.com/tee-black-front.png,https://medusa-public-images.s3.eu-west-1.amazonaws.com/tee-black-back.png
,burgundy-crewneck-sweatshirt-067,Burgundy Crewneck Sweatshirt,Burgundy / Fleece cotton,Warm crewneck sweatshirt with ribbed cuffs. Color: Burgundy. Made from fleece cotton. Designed for modern everyday outfits.,published,https://medusa-public-images.s3.eu-west-1.amazonaws.com/tee-white-front.png,560,37,31,6,6109,PT,,Fleece cotton,,,,,clothing,TRUE,EXT-0067,,S,BURCRESWE067-S,8930000000670,FALSE,TRUE,560,37,31,6,6109,PT,,Fleece cotton,45.0,54,Size,S,https://medusa-public-images.s3.eu-west-1.amazonaws.com/tee-white-front.png,https://medusa-public-images.s3.eu-west-1.amazonaws.com/tee-white-back.png
,burgundy-crewneck-sweatshirt-067,Burgundy Crewneck Sweatshirt,Burgundy / Fleece cotton,Warm crewneck sweatshirt with ribbed cuffs. Color: Burgundy. Made from fleece cotton. Designed for modern everyday outfits.,published,https://medusa-public-images.s3.eu-west-1.amazonaws.com/tee-white-front.png,560,37,31,6,6109,PT,,Fleece cotton,,,,,clothing,TRUE,EXT-0067,,M,BURCRESWE067-M,8930000000671,FALSE,TRUE,572,37,31,6,6109,PT,,Fleece cotton,46.5,56,Size,M,https://medusa-public-images.s3.eu-west-1.amazonaws.com/tee-white-front.png,https://medusa-public-images.s3.eu-west-1.amazonaws.com/tee-white-back.png
,burgundy-crewneck-sweatshirt-067,Burgundy Crewneck Sweatshirt,Burgundy / Fleece cotton,Warm crewneck sweatshirt with ribbed cuffs. Color: Burgundy. Made from fleece cotton. Designed for modern everyday outfits.,published,https://medusa-public-images.s3.eu-west-1.amazonaws.com/tee-white-front.png,560,37,31,6,6109,PT,,Fleece cotton,,,,,clothing,TRUE,EXT-0067,,L,BURCRESWE067-L,8930000000672,FALSE,TRUE,584,37,31,6,6109,PT,,Fleece cotton,48.0,58,Size,L,https://medusa-public-images.s3.eu-west-1.amazonaws.com/tee-white-front.png,https://medusa-public-images.s3.eu-west-1.amazonaws.com/tee-white-back.png
,burgundy-crewneck-sweatshirt-067,Burgundy Crewneck Sweatshirt,Burgundy / Fleece cotton,Warm crewneck sweatshirt with ribbed cuffs. Color: Burgundy. Made from fleece cotton. Designed for modern everyday outfits.,published,https://medusa-public-images.s3.eu-west-1.amazonaws.com/tee-white-front.png,560,37,31,6,6109,PT,,Fleece cotton,,,,,clothing,TRUE,EXT-0067,,XL,BURCRESWE067-XL,8930000000673,FALSE,TRUE,596,37,31,6,6109,PT,,Fleece cotton,49.5,60,Size,XL,https://medusa-public-images.s3.eu-west-1.amazonaws.com/tee-white-front.png,https://medusa-public-images.s3.eu-west-1.amazonaws.com/tee-white-back.png
,forest-vintage-sweatshirt-068,Forest Vintage Sweatshirt,Forest / Cotton fleece,Washed sweatshirt with a soft vintage finish. Color: Forest. Made from cotton fleece. Designed for modern everyday outfits.,published,https://medusa-public-images.s3.eu-west-1.amazonaws.com/sweatshirt-vintage-front.png,540,38,32,3,6109,TR,,Cotton fleece,,,,,clothing,TRUE,EXT-0068,,S,FORVINSWE068-S,8930000000680,FALSE,TRUE,540,38,32,3,6109,TR,,Cotton fleece,48.0,58,Size,S,https://medusa-public-images.s3.eu-west-1.amazonaws.com/sweatshirt-vintage-front.png,https://medusa-public-images.s3.eu-west-1.amazonaws.com/sweatshirt-vintage-back.png
,forest-vintage-sweatshirt-068,Forest Vintage Sweatshirt,Forest / Cotton fleece,Washed sweatshirt with a soft vintage finish. Color: Forest. Made from cotton fleece. Designed for modern everyday outfits.,published,https://medusa-public-images.s3.eu-west-1.amazonaws.com/sweatshirt-vintage-front.png,540,38,32,3,6109,TR,,Cotton fleece,,,,,clothing,TRUE,EXT-0068,,M,FORVINSWE068-M,8930000000681,FALSE,TRUE,552,38,32,3,6109,TR,,Cotton fleece,49.5,60,Size,M,https://medusa-public-images.s3.eu-west-1.amazonaws.com/sweatshirt-vintage-front.png,https://medusa-public-images.s3.eu-west-1.amazonaws.com/sweatshirt-vintage-back.png
,forest-vintage-sweatshirt-068,Forest Vintage Sweatshirt,Forest / Cotton fleece,Washed sweatshirt with a soft vintage finish. Color: Forest. Made from cotton fleece. Designed for modern everyday outfits.,published,https://medusa-public-images.s3.eu-west-1.amazonaws.com/sweatshirt-vintage-front.png,540,38,32,3,6109,TR,,Cotton fleece,,,,,clothing,TRUE,EXT-0068,,L,FORVINSWE068-L,8930000000682,FALSE,TRUE,564,38,32,3,6109,TR,,Cotton fleece,51.0,62,Size,L,https://medusa-public-images.s3.eu-west-1.amazonaws.com/sweatshirt-vintage-front.png,https://medusa-public-images.s3.eu-west-1.amazonaws.com/sweatshirt-vintage-back.png
,forest-vintage-sweatshirt-068,Forest Vintage Sweatshirt,Forest / Cotton fleece,Washed sweatshirt with a soft vintage finish. Color: Forest. Made from cotton fleece. Designed for modern everyday outfits.,published,https://medusa-public-images.s3.eu-west-1.amazonaws.com/sweatshirt-vintage-front.png,540,38,32,3,6109,TR,,Cotton fleece,,,,,clothing,TRUE,EXT-0068,,XL,FORVINSWE068-XL,8930000000683,FALSE,TRUE,576,38,32,3,6109,TR,,Cotton fleece,52.5,64,Size,XL,https://medusa-public-images.s3.eu-west-1.amazonaws.com/sweatshirt-vintage-front.png,https://medusa-public-images.s3.eu-west-1.amazonaws.com/sweatshirt-vintage-back.png
,charcoal-pullover-hoodie-069,Charcoal Pullover Hoodie,Charcoal / Cotton fleece,Comfortable pullover hoodie with kangaroo pocket. Color: Charcoal. Made from cotton fleece. Designed for modern everyday outfits.,published,https://medusa-public-images.s3.eu-west-1.amazonaws.com/sweatpants-gray-front.png,680,39,33,4,6109,IT,,Cotton fleece,,,,,clothing,TRUE,EXT-0069,,S,CHAPULHOO069-S,8930000000690,FALSE,TRUE,680,39,33,4,6109,IT,,Cotton fleece,55.0,65,Size,S,https://medusa-public-images.s3.eu-west-1.amazonaws.com/sweatpants-gray-front.png,https://medusa-public-images.s3.eu-west-1.amazonaws.com/sweatpants-gray-back.png
,charcoal-pullover-hoodie-069,Charcoal Pullover Hoodie,Charcoal / Cotton fleece,Comfortable pullover hoodie with kangaroo pocket. Color: Charcoal. Made from cotton fleece. Designed for modern everyday outfits.,published,https://medusa-public-images.s3.eu-west-1.amazonaws.com/sweatpants-gray-front.png,680,39,33,4,6109,IT,,Cotton fleece,,,,,clothing,TRUE,EXT-0069,,M,CHAPULHOO069-M,8930000000691,FALSE,TRUE,692,39,33,4,6109,IT,,Cotton fleece,56.5,67,Size,M,https://medusa-public-images.s3.eu-west-1.amazonaws.com/sweatpants-gray-front.png,https://medusa-public-images.s3.eu-west-1.amazonaws.com/sweatpants-gray-back.png
,charcoal-pullover-hoodie-069,Charcoal Pullover Hoodie,Charcoal / Cotton fleece,Comfortable pullover hoodie with kangaroo pocket. Color: Charcoal. Made from cotton fleece. Designed for modern everyday outfits.,published,https://medusa-public-images.s3.eu-west-1.amazonaws.com/sweatpants-gray-front.png,680,39,33,4,6109,IT,,Cotton fleece,,,,,clothing,TRUE,EXT-0069,,L,CHAPULHOO069-L,8930000000692,FALSE,TRUE,704,39,33,4,6109,IT,,Cotton fleece,58.0,69,Size,L,https://medusa-public-images.s3.eu-west-1.amazonaws.com/sweatpants-gray-front.png,https://medusa-public-images.s3.eu-west-1.amazonaws.com/sweatpants-gray-back.png
,charcoal-pullover-hoodie-069,Charcoal Pullover Hoodie,Charcoal / Cotton fleece,Comfortable pullover hoodie with kangaroo pocket. Color: Charcoal. Made from cotton fleece. Designed for modern everyday outfits.,published,https://medusa-public-images.s3.eu-west-1.amazonaws.com/sweatpants-gray-front.png,680,39,33,4,6109,IT,,Cotton fleece,,,,,clothing,TRUE,EXT-0069,,XL,CHAPULHOO069-XL,8930000000693,FALSE,TRUE,716,39,33,4,6109,IT,,Cotton fleece,59.5,71,Size,XL,https://medusa-public-images.s3.eu-west-1.amazonaws.com/sweatpants-gray-front.png,https://medusa-public-images.s3.eu-west-1.amazonaws.com/sweatpants-gray-back.png
,cream-zip-hoodie-070,Cream Zip Hoodie,Cream / Cotton fleece,Full-zip hoodie built for layering and travel. Color: Cream. Made from cotton fleece. Designed for modern everyday outfits.,published,https://medusa-public-images.s3.eu-west-1.amazonaws.com/shorts-vintage-front.png,700,40,24,5,6109,DK,,Cotton fleece,,,,,clothing,TRUE,EXT-0070,,S,CREZIPHOO070-S,8930000000700,FALSE,TRUE,700,40,24,5,6109,DK,,Cotton fleece,59.0,70,Size,S,https://medusa-public-images.s3.eu-west-1.amazonaws.com/shorts-vintage-front.png,https://medusa-public-images.s3.eu-west-1.amazonaws.com/shorts-vintage-back.png
,cream-zip-hoodie-070,Cream Zip Hoodie,Cream / Cotton fleece,Full-zip hoodie built for layering and travel. Color: Cream. Made from cotton fleece. Designed for modern everyday outfits.,published,https://medusa-public-images.s3.eu-west-1.amazonaws.com/shorts-vintage-front.png,700,40,24,5,6109,DK,,Cotton fleece,,,,,clothing,TRUE,EXT-0070,,M,CREZIPHOO070-M,8930000000701,FALSE,TRUE,712,40,24,5,6109,DK,,Cotton fleece,60.5,72,Size,M,https://medusa-public-images.s3.eu-west-1.amazonaws.com/shorts-vintage-front.png,https://medusa-public-images.s3.eu-west-1.amazonaws.com/shorts-vintage-back.png
,cream-zip-hoodie-070,Cream Zip Hoodie,Cream / Cotton fleece,Full-zip hoodie built for layering and travel. Color: Cream. Made from cotton fleece. Designed for modern everyday outfits.,published,https://medusa-public-images.s3.eu-west-1.amazonaws.com/shorts-vintage-front.png,700,40,24,5,6109,DK,,Cotton fleece,,,,,clothing,TRUE,EXT-0070,,L,CREZIPHOO070-L,8930000000702,FALSE,TRUE,724,40,24,5,6109,DK,,Cotton fleece,62.0,74,Size,L,https://medusa-public-images.s3.eu-west-1.amazonaws.com/shorts-vintage-front.png,https://medusa-public-images.s3.eu-west-1.amazonaws.com/shorts-vintage-back.png
,cream-zip-hoodie-070,Cream Zip Hoodie,Cream / Cotton fleece,Full-zip hoodie built for layering and travel. Color: Cream. Made from cotton fleece. Designed for modern everyday outfits.,published,https://medusa-public-images.s3.eu-west-1.amazonaws.com/shorts-vintage-front.png,700,40,24,5,6109,DK,,Cotton fleece,,,,,clothing,TRUE,EXT-0070,,XL,CREZIPHOO070-XL,8930000000703,FALSE,TRUE,736,40,24,5,6109,DK,,Cotton fleece,63.5,76,Size,XL,https://medusa-public-images.s3.eu-west-1.amazonaws.com/shorts-vintage-front.png,https://medusa-public-images.s3.eu-west-1.amazonaws.com/shorts-vintage-back.png
,black-lightweight-hoodie-071,Black Lightweight Hoodie,Black / French terry,Light hoodie for transitional weather. Color: Black. Made from french terry. Designed for modern everyday outfits.,published,https://medusa-public-images.s3.eu-west-1.amazonaws.com/tee-black-front.png,580,41,25,6,6109,VN,,French terry,,,,,clothing,TRUE,EXT-0071,,S,BLALIGHOO071-S,8930000000710,FALSE,TRUE,580,41,25,6,6109,VN,,French terry,50.0,60,Size,S,https://medusa-public-images.s3.eu-west-1.amazonaws.com/tee-black-front.png,https://medusa-public-images.s3.eu-west-1.amazonaws.com/tee-black-back.png
,black-lightweight-hoodie-071,Black Lightweight Hoodie,Black / French terry,Light hoodie for transitional weather. Color: Black. Made from french terry. Designed for modern everyday outfits.,published,https://medusa-public-images.s3.eu-west-1.amazonaws.com/tee-black-front.png,580,41,25,6,6109,VN,,French terry,,,,,clothing,TRUE,EXT-0071,,M,BLALIGHOO071-M,8930000000711,FALSE,TRUE,592,41,25,6,6109,VN,,French terry,51.5,62,Size,M,https://medusa-public-images.s3.eu-west-1.amazonaws.com/tee-black-front.png,https://medusa-public-images.s3.eu-west-1.amazonaws.com/tee-black-back.png
,black-lightweight-hoodie-071,Black Lightweight Hoodie,Black / French terry,Light hoodie for transitional weather. Color: Black. Made from french terry. Designed for modern everyday outfits.,published,https://medusa-public-images.s3.eu-west-1.amazonaws.com/tee-black-front.png,580,41,25,6,6109,VN,,French terry,,,,,clothing,TRUE,EXT-0071,,L,BLALIGHOO071-L,8930000000712,FALSE,TRUE,604,41,25,6,6109,VN,,French terry,53.0,64,Size,L,https://medusa-public-images.s3.eu-west-1.amazonaws.com/tee-black-front.png,https://medusa-public-images.s3.eu-west-1.amazonaws.com/tee-black-back.png
,black-lightweight-hoodie-071,Black Lightweight Hoodie,Black / French terry,Light hoodie for transitional weather. Color: Black. Made from french terry. Designed for modern everyday outfits.,published,https://medusa-public-images.s3.eu-west-1.amazonaws.com/tee-black-front.png,580,41,25,6,6109,VN,,French terry,,,,,clothing,TRUE,EXT-0071,,XL,BLALIGHOO071-XL,8930000000713,FALSE,TRUE,616,41,25,6,6109,VN,,French terry,54.5,66,Size,XL,https://medusa-public-images.s3.eu-west-1.amazonaws.com/tee-black-front.png,https://medusa-public-images.s3.eu-west-1.amazonaws.com/tee-black-back.png
,white-joggers-072,White Joggers,White / Cotton fleece,Relaxed joggers with elastic waistband and cuffs. Color: White. Made from cotton fleece. Designed for modern everyday outfits.,published,https://medusa-public-images.s3.eu-west-1.amazonaws.com/tee-white-front.png,520,30,26,3,6109,PT,,Cotton fleece,,,,,clothing,TRUE,EXT-0072,,S,WHIJOG072-S,8930000000720,FALSE,TRUE,520,30,26,3,6109,PT,,Cotton fleece,42.0,50,Size,S,https://medusa-public-images.s3.eu-west-1.amazonaws.com/tee-white-front.png,https://medusa-public-images.s3.eu-west-1.amazonaws.com/tee-white-back.png
,white-joggers-072,White Joggers,White / Cotton fleece,Relaxed joggers with elastic waistband and cuffs. Color: White. Made from cotton fleece. Designed for modern everyday outfits.,published,https://medusa-public-images.s3.eu-west-1.amazonaws.com/tee-white-front.png,520,30,26,3,6109,PT,,Cotton fleece,,,,,clothing,TRUE,EXT-0072,,M,WHIJOG072-M,8930000000721,FALSE,TRUE,532,30,26,3,6109,PT,,Cotton fleece,43.5,52,Size,M,https://medusa-public-images.s3.eu-west-1.amazonaws.com/tee-white-front.png,https://medusa-public-images.s3.eu-west-1.amazonaws.com/tee-white-back.png
,white-joggers-072,White Joggers,White / Cotton fleece,Relaxed joggers with elastic waistband and cuffs. Color: White. Made from cotton fleece. Designed for modern everyday outfits.,published,https://medusa-public-images.s3.eu-west-1.amazonaws.com/tee-white-front.png,520,30,26,3,6109,PT,,Cotton fleece,,,,,clothing,TRUE,EXT-0072,,L,WHIJOG072-L,8930000000722,FALSE,TRUE,544,30,26,3,6109,PT,,Cotton fleece,45.0,54,Size,L,https://medusa-public-images.s3.eu-west-1.amazonaws.com/tee-white-front.png,https://medusa-public-images.s3.eu-west-1.amazonaws.com/tee-white-back.png
,white-joggers-072,White Joggers,White / Cotton fleece,Relaxed joggers with elastic waistband and cuffs. Color: White. Made from cotton fleece. Designed for modern everyday outfits.,published,https://medusa-public-images.s3.eu-west-1.amazonaws.com/tee-white-front.png,520,30,26,3,6109,PT,,Cotton fleece,,,,,clothing,TRUE,EXT-0072,,XL,WHIJOG072-XL,8930000000723,FALSE,TRUE,556,30,26,3,6109,PT,,Cotton fleece,46.5,56,Size,XL,https://medusa-public-images.s3.eu-west-1.amazonaws.com/tee-white-front.png,https://medusa-public-images.s3.eu-west-1.amazonaws.com/tee-white-back.png
,navy-sweatpants-073,Navy Sweatpants,Navy / Cotton fleece,Classic sweatpants with a soft brushed interior. Color: Navy. Made from cotton fleece. Designed for modern everyday outfits.,published,https://medusa-public-images.s3.eu-west-1.amazonaws.com/sweatshirt-vintage-front.png,540,31,27,4,6109,TR,,Cotton fleece,,,,,clothing,TRUE,EXT-0073,,S,NAVSWE073-S,8930000000730,FALSE,TRUE,540,31,27,4,6109,TR,,Cotton fleece,40.0,48,Size,S,https://medusa-public-images.s3.eu-west-1.amazonaws.com/sweatshirt-vintage-front.png,https://medusa-public-images.s3.eu-west-1.amazonaws.com/sweatshirt-vintage-back.png
,navy-sweatpants-073,Navy Sweatpants,Navy / Cotton fleece,Classic sweatpants with a soft brushed interior. Color: Navy. Made from cotton fleece. Designed for modern everyday outfits.,published,https://medusa-public-images.s3.eu-west-1.amazonaws.com/sweatshirt-vintage-front.png,540,31,27,4,6109,TR,,Cotton fleece,,,,,clothing,TRUE,EXT-0073,,M,NAVSWE073-M,8930000000731,FALSE,TRUE,552,31,27,4,6109,TR,,Cotton fleece,41.5,50,Size,M,https://medusa-public-images.s3.eu-west-1.amazonaws.com/sweatshirt-vintage-front.png,https://medusa-public-images.s3.eu-west-1.amazonaws.com/sweatshirt-vintage-back.png
,navy-sweatpants-073,Navy Sweatpants,Navy / Cotton fleece,Classic sweatpants with a soft brushed interior. Color: Navy. Made from cotton fleece. Designed for modern everyday outfits.,published,https://medusa-public-images.s3.eu-west-1.amazonaws.com/sweatshirt-vintage-front.png,540,31,27,4,6109,TR,,Cotton fleece,,,,,clothing,TRUE,EXT-0073,,L,NAVSWE073-L,8930000000732,FALSE,TRUE,564,31,27,4,6109,TR,,Cotton fleece,43.0,52,Size,L,https://medusa-public-images.s3.eu-west-1.amazonaws.com/sweatshirt-vintage-front.png,https://medusa-public-images.s3.eu-west-1.amazonaws.com/sweatshirt-vintage-back.png
,navy-sweatpants-073,Navy Sweatpants,Navy / Cotton fleece,Classic sweatpants with a soft brushed interior. Color: Navy. Made from cotton fleece. Designed for modern everyday outfits.,published,https://medusa-public-images.s3.eu-west-1.amazonaws.com/sweatshirt-vintage-front.png,540,31,27,4,6109,TR,,Cotton fleece,,,,,clothing,TRUE,EXT-0073,,XL,NAVSWE073-XL,8930000000733,FALSE,TRUE,576,31,27,4,6109,TR,,Cotton fleece,44.5,54,Size,XL,https://medusa-public-images.s3.eu-west-1.amazonaws.com/sweatshirt-vintage-front.png,https://medusa-public-images.s3.eu-west-1.amazonaws.com/sweatshirt-vintage-back.png
,gray-relaxed-pants-074,Gray Relaxed Pants,Gray / Cotton twill,Tapered cotton pants for everyday styling. Color: Gray. Made from cotton twill. Designed for modern everyday outfits.,published,https://medusa-public-images.s3.eu-west-1.amazonaws.com/sweatpants-gray-front.png,500,32,28,5,6109,IT,,Cotton twill,,,,,clothing,TRUE,EXT-0074,,S,GRARELPAN074-S,8930000000740,FALSE,TRUE,500,32,28,5,6109,IT,,Cotton twill,49.0,58,Size,S,https://medusa-public-images.s3.eu-west-1.amazonaws.com/sweatpants-gray-front.png,https://medusa-public-images.s3.eu-west-1.amazonaws.com/sweatpants-gray-back.png
,gray-relaxed-pants-074,Gray Relaxed Pants,Gray / Cotton twill,Tapered cotton pants for everyday styling. Color: Gray. Made from cotton twill. Designed for modern everyday outfits.,published,https://medusa-public-images.s3.eu-west-1.amazonaws.com/sweatpants-gray-front.png,500,32,28,5,6109,IT,,Cotton twill,,,,,clothing,TRUE,EXT-0074,,M,GRARELPAN074-M,8930000000741,FALSE,TRUE,512,32,28,5,6109,IT,,Cotton twill,50.5,60,Size,M,https://medusa-public-images.s3.eu-west-1.amazonaws.com/sweatpants-gray-front.png,https://medusa-public-images.s3.eu-west-1.amazonaws.com/sweatpants-gray-back.png
,gray-relaxed-pants-074,Gray Relaxed Pants,Gray / Cotton twill,Tapered cotton pants for everyday styling. Color: Gray. Made from cotton twill. Designed for modern everyday outfits.,published,https://medusa-public-images.s3.eu-west-1.amazonaws.com/sweatpants-gray-front.png,500,32,28,5,6109,IT,,Cotton twill,,,,,clothing,TRUE,EXT-0074,,L,GRARELPAN074-L,8930000000742,FALSE,TRUE,524,32,28,5,6109,IT,,Cotton twill,52.0,62,Size,L,https://medusa-public-images.s3.eu-west-1.amazonaws.com/sweatpants-gray-front.png,https://medusa-public-images.s3.eu-west-1.amazonaws.com/sweatpants-gray-back.png
,gray-relaxed-pants-074,Gray Relaxed Pants,Gray / Cotton twill,Tapered cotton pants for everyday styling. Color: Gray. Made from cotton twill. Designed for modern everyday outfits.,published,https://medusa-public-images.s3.eu-west-1.amazonaws.com/sweatpants-gray-front.png,500,32,28,5,6109,IT,,Cotton twill,,,,,clothing,TRUE,EXT-0074,,XL,GRARELPAN074-XL,8930000000743,FALSE,TRUE,536,32,28,5,6109,IT,,Cotton twill,53.5,64,Size,XL,https://medusa-public-images.s3.eu-west-1.amazonaws.com/sweatpants-gray-front.png,https://medusa-public-images.s3.eu-west-1.amazonaws.com/sweatpants-gray-back.png
,olive-lounge-pants-075,Olive Lounge Pants,Olive / Cotton blend,Soft lounge pants made for comfort at home or travel. Color: Olive. Made from cotton blend. Designed for modern everyday outfits.,published,https://medusa-public-images.s3.eu-west-1.amazonaws.com/shorts-vintage-front.png,470,33,29,6,6109,DK,,Cotton blend,,,,,clothing,TRUE,EXT-0075,,S,OLILOUPAN075-S,8930000000750,FALSE,TRUE,470,33,29,6,6109,DK,,Cotton blend,38.0,46,Size,S,https://medusa-public-images.s3.eu-west-1.amazonaws.com/shorts-vintage-front.png,https://medusa-public-images.s3.eu-west-1.amazonaws.com/shorts-vintage-back.png
,olive-lounge-pants-075,Olive Lounge Pants,Olive / Cotton blend,Soft lounge pants made for comfort at home or travel. Color: Olive. Made from cotton blend. Designed for modern everyday outfits.,published,https://medusa-public-images.s3.eu-west-1.amazonaws.com/shorts-vintage-front.png,470,33,29,6,6109,DK,,Cotton blend,,,,,clothing,TRUE,EXT-0075,,M,OLILOUPAN075-M,8930000000751,FALSE,TRUE,482,33,29,6,6109,DK,,Cotton blend,39.5,48,Size,M,https://medusa-public-images.s3.eu-west-1.amazonaws.com/shorts-vintage-front.png,https://medusa-public-images.s3.eu-west-1.amazonaws.com/shorts-vintage-back.png
,olive-lounge-pants-075,Olive Lounge Pants,Olive / Cotton blend,Soft lounge pants made for comfort at home or travel. Color: Olive. Made from cotton blend. Designed for modern everyday outfits.,published,https://medusa-public-images.s3.eu-west-1.amazonaws.com/shorts-vintage-front.png,470,33,29,6,6109,DK,,Cotton blend,,,,,clothing,TRUE,EXT-0075,,L,OLILOUPAN075-L,8930000000752,FALSE,TRUE,494,33,29,6,6109,DK,,Cotton blend,41.0,50,Size,L,https://medusa-public-images.s3.eu-west-1.amazonaws.com/shorts-vintage-front.png,https://medusa-public-images.s3.eu-west-1.amazonaws.com/shorts-vintage-back.png
,olive-lounge-pants-075,Olive Lounge Pants,Olive / Cotton blend,Soft lounge pants made for comfort at home or travel. Color: Olive. Made from cotton blend. Designed for modern everyday outfits.,published,https://medusa-public-images.s3.eu-west-1.amazonaws.com/shorts-vintage-front.png,470,33,29,6,6109,DK,,Cotton blend,,,,,clothing,TRUE,EXT-0075,,XL,OLILOUPAN075-XL,8930000000753,FALSE,TRUE,506,33,29,6,6109,DK,,Cotton blend,42.5,52,Size,XL,https://medusa-public-images.s3.eu-west-1.amazonaws.com/shorts-vintage-front.png,https://medusa-public-images.s3.eu-west-1.amazonaws.com/shorts-vintage-back.png
,stone-training-shorts-076,Stone Training Shorts,Stone / Cotton blend,Lightweight shorts with an easy elastic waist. Color: Stone. Made from cotton blend. Designed for modern everyday outfits.,published,https://medusa-public-images.s3.eu-west-1.amazonaws.com/tee-black-front.png,280,34,30,3,6109,VN,,Cotton blend,,,,,clothing,TRUE,EXT-0076,,S,STOTRASHO076-S,8930000000760,FALSE,TRUE,280,34,30,3,6109,VN,,Cotton blend,24.0,30,Size,S,https://medusa-public-images.s3.eu-west-1.amazonaws.com/tee-black-front.png,https://medusa-public-images.s3.eu-west-1.amazonaws.com/tee-black-back.png
,stone-training-shorts-076,Stone Training Shorts,Stone / Cotton blend,Lightweight shorts with an easy elastic waist. Color: Stone. Made from cotton blend. Designed for modern everyday outfits.,published,https://medusa-public-images.s3.eu-west-1.amazonaws.com/tee-black-front.png,280,34,30,3,6109,VN,,Cotton blend,,,,,clothing,TRUE,EXT-0076,,M,STOTRASHO076-M,8930000000761,FALSE,TRUE,292,34,30,3,6109,VN,,Cotton blend,25.5,32,Size,M,https://medusa-public-images.s3.eu-west-1.amazonaws.com/tee-black-front.png,https://medusa-public-images.s3.eu-west-1.amazonaws.com/tee-black-back.png
,stone-training-shorts-076,Stone Training Shorts,Stone / Cotton blend,Lightweight shorts with an easy elastic waist. Color: Stone. Made from cotton blend. Designed for modern everyday outfits.,published,https://medusa-public-images.s3.eu-west-1.amazonaws.com/tee-black-front.png,280,34,30,3,6109,VN,,Cotton blend,,,,,clothing,TRUE,EXT-0076,,L,STOTRASHO076-L,8930000000762,FALSE,TRUE,304,34,30,3,6109,VN,,Cotton blend,27.0,34,Size,L,https://medusa-public-images.s3.eu-west-1.amazonaws.com/tee-black-front.png,https://medusa-public-images.s3.eu-west-1.amazonaws.com/tee-black-back.png
,stone-training-shorts-076,Stone Training Shorts,Stone / Cotton blend,Lightweight shorts with an easy elastic waist. Color: Stone. Made from cotton blend. Designed for modern everyday outfits.,published,https://medusa-public-images.s3.eu-west-1.amazonaws.com/tee-black-front.png,280,34,30,3,6109,VN,,Cotton blend,,,,,clothing,TRUE,EXT-0076,,XL,STOTRASHO076-XL,8930000000763,FALSE,TRUE,316,34,30,3,6109,VN,,Cotton blend,28.5,36,Size,XL,https://medusa-public-images.s3.eu-west-1.amazonaws.com/tee-black-front.png,https://medusa-public-images.s3.eu-west-1.amazonaws.com/tee-black-back.png
,burgundy-lounge-shorts-077,Burgundy Lounge Shorts,Burgundy / Cotton,Casual pull-on shorts for weekends and warm days. Color: Burgundy. Made from cotton. Designed for modern everyday outfits.,published,https://medusa-public-images.s3.eu-west-1.amazonaws.com/tee-white-front.png,260,35,31,4,6109,PT,,Cotton,,,,,clothing,TRUE,EXT-0077,,S,BURLOUSHO077-S,8930000000770,FALSE,TRUE,260,35,31,4,6109,PT,,Cotton,22.0,28,Size,S,https://medusa-public-images.s3.eu-west-1.amazonaws.com/tee-white-front.png,https://medusa-public-images.s3.eu-west-1.amazonaws.com/tee-white-back.png
,burgundy-lounge-shorts-077,Burgundy Lounge Shorts,Burgundy / Cotton,Casual pull-on shorts for weekends and warm days. Color: Burgundy. Made from cotton. Designed for modern everyday outfits.,published,https://medusa-public-images.s3.eu-west-1.amazonaws.com/tee-white-front.png,260,35,31,4,6109,PT,,Cotton,,,,,clothing,TRUE,EXT-0077,,M,BURLOUSHO077-M,8930000000771,FALSE,TRUE,272,35,31,4,6109,PT,,Cotton,23.5,30,Size,M,https://medusa-public-images.s3.eu-west-1.amazonaws.com/tee-white-front.png,https://medusa-public-images.s3.eu-west-1.amazonaws.com/tee-white-back.png
,burgundy-lounge-shorts-077,Burgundy Lounge Shorts,Burgundy / Cotton,Casual pull-on shorts for weekends and warm days. Color: Burgundy. Made from cotton. Designed for modern everyday outfits.,published,https://medusa-public-images.s3.eu-west-1.amazonaws.com/tee-white-front.png,260,35,31,4,6109,PT,,Cotton,,,,,clothing,TRUE,EXT-0077,,L,BURLOUSHO077-L,8930000000772,FALSE,TRUE,284,35,31,4,6109,PT,,Cotton,25.0,32,Size,L,https://medusa-public-images.s3.eu-west-1.amazonaws.com/tee-white-front.png,https://medusa-public-images.s3.eu-west-1.amazonaws.com/tee-white-back.png
,burgundy-lounge-shorts-077,Burgundy Lounge Shorts,Burgundy / Cotton,Casual pull-on shorts for weekends and warm days. Color: Burgundy. Made from cotton. Designed for modern everyday outfits.,published,https://medusa-public-images.s3.eu-west-1.amazonaws.com/tee-white-front.png,260,35,31,4,6109,PT,,Cotton,,,,,clothing,TRUE,EXT-0077,,XL,BURLOUSHO077-XL,8930000000773,FALSE,TRUE,296,35,31,4,6109,PT,,Cotton,26.5,34,Size,XL,https://medusa-public-images.s3.eu-west-1.amazonaws.com/tee-white-front.png,https://medusa-public-images.s3.eu-west-1.amazonaws.com/tee-white-back.png
,forest-chino-shorts-078,Forest Chino Shorts,Forest / Cotton twill,Clean cotton shorts with a simple tailored shape. Color: Forest. Made from cotton twill. Designed for modern everyday outfits.,published,https://medusa-public-images.s3.eu-west-1.amazonaws.com/sweatshirt-vintage-front.png,300,36,32,5,6109,TR,,Cotton twill,,,,,clothing,TRUE,EXT-0078,,S,FORCHISHO078-S,8930000000780,FALSE,TRUE,300,36,32,5,6109,TR,,Cotton twill,32.0,38,Size,S,https://medusa-public-images.s3.eu-west-1.amazonaws.com/sweatshirt-vintage-front.png,https://medusa-public-images.s3.eu-west-1.amazonaws.com/sweatshirt-vintage-back.png
,forest-chino-shorts-078,Forest Chino Shorts,Forest / Cotton twill,Clean cotton shorts with a simple tailored shape. Color: Forest. Made from cotton twill. Designed for modern everyday outfits.,published,https://medusa-public-images.s3.eu-west-1.amazonaws.com/sweatshirt-vintage-front.png,300,36,32,5,6109,TR,,Cotton twill,,,,,clothing,TRUE,EXT-0078,,M,FORCHISHO078-M,8930000000781,FALSE,TRUE,312,36,32,5,6109,TR,,Cotton twill,33.5,40,Size,M,https://medusa-public-images.s3.eu-west-1.amazonaws.com/sweatshirt-vintage-front.png,https://medusa-public-images.s3.eu-west-1.amazonaws.com/sweatshirt-vintage-back.png
,forest-chino-shorts-078,Forest Chino Shorts,Forest / Cotton twill,Clean cotton shorts with a simple tailored shape. Color: Forest. Made from cotton twill. Designed for modern everyday outfits.,published,https://medusa-public-images.s3.eu-west-1.amazonaws.com/sweatshirt-vintage-front.png,300,36,32,5,6109,TR,,Cotton twill,,,,,clothing,TRUE,EXT-0078,,L,FORCHISHO078-L,8930000000782,FALSE,TRUE,324,36,32,5,6109,TR,,Cotton twill,35.0,42,Size,L,https://medusa-public-images.s3.eu-west-1.amazonaws.com/sweatshirt-vintage-front.png,https://medusa-public-images.s3.eu-west-1.amazonaws.com/sweatshirt-vintage-back.png
,forest-chino-shorts-078,Forest Chino Shorts,Forest / Cotton twill,Clean cotton shorts with a simple tailored shape. Color: Forest. Made from cotton twill. Designed for modern everyday outfits.,published,https://medusa-public-images.s3.eu-west-1.amazonaws.com/sweatshirt-vintage-front.png,300,36,32,5,6109,TR,,Cotton twill,,,,,clothing,TRUE,EXT-0078,,XL,FORCHISHO078-XL,8930000000783,FALSE,TRUE,336,36,32,5,6109,TR,,Cotton twill,36.5,44,Size,XL,https://medusa-public-images.s3.eu-west-1.amazonaws.com/sweatshirt-vintage-front.png,https://medusa-public-images.s3.eu-west-1.amazonaws.com/sweatshirt-vintage-back.png
,charcoal-rib-tank-079,Charcoal Rib Tank,Charcoal / Rib cotton,Sleeveless rib tank for warm weather layering. Color: Charcoal. Made from rib cotton. Designed for modern everyday outfits.,published,https://medusa-public-images.s3.eu-west-1.amazonaws.com/sweatpants-gray-front.png,220,37,33,6,6109,IT,,Rib cotton,,,,,clothing,TRUE,EXT-0079,,S,CHARIBTAN079-S,8930000000790,FALSE,TRUE,220,37,33,6,6109,IT,,Rib cotton,18.0,24,Size,S,https://medusa-public-images.s3.eu-west-1.amazonaws.com/sweatpants-gray-front.png,https://medusa-public-images.s3.eu-west-1.amazonaws.com/sweatpants-gray-back.png
,charcoal-rib-tank-079,Charcoal Rib Tank,Charcoal / Rib cotton,Sleeveless rib tank for warm weather layering. Color: Charcoal. Made from rib cotton. Designed for modern everyday outfits.,published,https://medusa-public-images.s3.eu-west-1.amazonaws.com/sweatpants-gray-front.png,220,37,33,6,6109,IT,,Rib cotton,,,,,clothing,TRUE,EXT-0079,,M,CHARIBTAN079-M,8930000000791,FALSE,TRUE,232,37,33,6,6109,IT,,Rib cotton,19.5,26,Size,M,https://medusa-public-images.s3.eu-west-1.amazonaws.com/sweatpants-gray-front.png,https://medusa-public-images.s3.eu-west-1.amazonaws.com/sweatpants-gray-back.png
,charcoal-rib-tank-079,Charcoal Rib Tank,Charcoal / Rib cotton,Sleeveless rib tank for warm weather layering. Color: Charcoal. Made from rib cotton. Designed for modern everyday outfits.,published,https://medusa-public-images.s3.eu-west-1.amazonaws.com/sweatpants-gray-front.png,220,37,33,6,6109,IT,,Rib cotton,,,,,clothing,TRUE,EXT-0079,,L,CHARIBTAN079-L,8930000000792,FALSE,TRUE,244,37,33,6,6109,IT,,Rib cotton,21.0,28,Size,L,https://medusa-public-images.s3.eu-west-1.amazonaws.com/sweatpants-gray-front.png,https://medusa-public-images.s3.eu-west-1.amazonaws.com/sweatpants-gray-back.png
,charcoal-rib-tank-079,Charcoal Rib Tank,Charcoal / Rib cotton,Sleeveless rib tank for warm weather layering. Color: Charcoal. Made from rib cotton. Designed for modern everyday outfits.,published,https://medusa-public-images.s3.eu-west-1.amazonaws.com/sweatpants-gray-front.png,220,37,33,6,6109,IT,,Rib cotton,,,,,clothing,TRUE,EXT-0079,,XL,CHARIBTAN079-XL,8930000000793,FALSE,TRUE,256,37,33,6,6109,IT,,Rib cotton,22.5,30,Size,XL,https://medusa-public-images.s3.eu-west-1.amazonaws.com/sweatpants-gray-front.png,https://medusa-public-images.s3.eu-west-1.amazonaws.com/sweatpants-gray-back.png
,cream-polo-shirt-080,Cream Polo Shirt,Cream / Pique cotton,Soft polo shirt with a structured collar. Color: Cream. Made from pique cotton. Designed for modern everyday outfits.,published,https://medusa-public-images.s3.eu-west-1.amazonaws.com/shorts-vintage-front.png,360,38,24,3,6109,DK,,Pique cotton,,,,,clothing,TRUE,EXT-0080,,S,CREPOLSHI080-S,8930000000800,FALSE,TRUE,360,38,24,3,6109,DK,,Pique cotton,35.0,42,Size,S,https://medusa-public-images.s3.eu-west-1.amazonaws.com/shorts-vintage-front.png,https://medusa-public-images.s3.eu-west-1.amazonaws.com/shorts-vintage-back.png
,cream-polo-shirt-080,Cream Polo Shirt,Cream / Pique cotton,Soft polo shirt with a structured collar. Color: Cream. Made from pique cotton. Designed for modern everyday outfits.,published,https://medusa-public-images.s3.eu-west-1.amazonaws.com/shorts-vintage-front.png,360,38,24,3,6109,DK,,Pique cotton,,,,,clothing,TRUE,EXT-0080,,M,CREPOLSHI080-M,8930000000801,FALSE,TRUE,372,38,24,3,6109,DK,,Pique cotton,36.5,44,Size,M,https://medusa-public-images.s3.eu-west-1.amazonaws.com/shorts-vintage-front.png,https://medusa-public-images.s3.eu-west-1.amazonaws.com/shorts-vintage-back.png
,cream-polo-shirt-080,Cream Polo Shirt,Cream / Pique cotton,Soft polo shirt with a structured collar. Color: Cream. Made from pique cotton. Designed for modern everyday outfits.,published,https://medusa-public-images.s3.eu-west-1.amazonaws.com/shorts-vintage-front.png,360,38,24,3,6109,DK,,Pique cotton,,,,,clothing,TRUE,EXT-0080,,L,CREPOLSHI080-L,8930000000802,FALSE,TRUE,384,38,24,3,6109,DK,,Pique cotton,38.0,46,Size,L,https://medusa-public-images.s3.eu-west-1.amazonaws.com/shorts-vintage-front.png,https://medusa-public-images.s3.eu-west-1.amazonaws.com/shorts-vintage-back.png
,cream-polo-shirt-080,Cream Polo Shirt,Cream / Pique cotton,Soft polo shirt with a structured collar. Color: Cream. Made from pique cotton. Designed for modern everyday outfits.,published,https://medusa-public-images.s3.eu-west-1.amazonaws.com/shorts-vintage-front.png,360,38,24,3,6109,DK,,Pique cotton,,,,,clothing,TRUE,EXT-0080,,XL,CREPOLSHI080-XL,8930000000803,FALSE,TRUE,396,38,24,3,6109,DK,,Pique cotton,39.5,48,Size,XL,https://medusa-public-images.s3.eu-west-1.amazonaws.com/shorts-vintage-front.png,https://medusa-public-images.s3.eu-west-1.amazonaws.com/shorts-vintage-back.png
,black-essential-tee-081,Black Essential Tee,Black / Cotton,Everyday cotton T-shirt with a clean regular fit. Color: Black. Made from cotton. Designed for modern everyday outfits.,published,https://medusa-public-images.s3.eu-west-1.amazonaws.com/tee-black-front.png,320,39,25,4,6109,VN,,Cotton,,,,,clothing,TRUE,EXT-0081,,S,BLAESSTEE081-S,8930000000810,FALSE,TRUE,320,39,25,4,6109,VN,,Cotton,24.0,29,Size,S,https://medusa-public-images.s3.eu-west-1.amazonaws.com/tee-black-front.png,https://medusa-public-images.s3.eu-west-1.amazonaws.com/tee-black-back.png
,black-essential-tee-081,Black Essential Tee,Black / Cotton,Everyday cotton T-shirt with a clean regular fit. Color: Black. Made from cotton. Designed for modern everyday outfits.,published,https://medusa-public-images.s3.eu-west-1.amazonaws.com/tee-black-front.png,320,39,25,4,6109,VN,,Cotton,,,,,clothing,TRUE,EXT-0081,,M,BLAESSTEE081-M,8930000000811,FALSE,TRUE,332,39,25,4,6109,VN,,Cotton,25.5,31,Size,M,https://medusa-public-images.s3.eu-west-1.amazonaws.com/tee-black-front.png,https://medusa-public-images.s3.eu-west-1.amazonaws.com/tee-black-back.png
,black-essential-tee-081,Black Essential Tee,Black / Cotton,Everyday cotton T-shirt with a clean regular fit. Color: Black. Made from cotton. Designed for modern everyday outfits.,published,https://medusa-public-images.s3.eu-west-1.amazonaws.com/tee-black-front.png,320,39,25,4,6109,VN,,Cotton,,,,,clothing,TRUE,EXT-0081,,L,BLAESSTEE081-L,8930000000812,FALSE,TRUE,344,39,25,4,6109,VN,,Cotton,27.0,33,Size,L,https://medusa-public-images.s3.eu-west-1.amazonaws.com/tee-black-front.png,https://medusa-public-images.s3.eu-west-1.amazonaws.com/tee-black-back.png
,black-essential-tee-081,Black Essential Tee,Black / Cotton,Everyday cotton T-shirt with a clean regular fit. Color: Black. Made from cotton. Designed for modern everyday outfits.,published,https://medusa-public-images.s3.eu-west-1.amazonaws.com/tee-black-front.png,320,39,25,4,6109,VN,,Cotton,,,,,clothing,TRUE,EXT-0081,,XL,BLAESSTEE081-XL,8930000000813,FALSE,TRUE,356,39,25,4,6109,VN,,Cotton,28.5,35,Size,XL,https://medusa-public-images.s3.eu-west-1.amazonaws.com/tee-black-front.png,https://medusa-public-images.s3.eu-west-1.amazonaws.com/tee-black-back.png
,white-classic-tee-082,White Classic Tee,White / Cotton jersey,Soft jersey T-shirt designed for daily wear. Color: White. Made from cotton jersey. Designed for modern everyday outfits.,published,https://medusa-public-images.s3.eu-west-1.amazonaws.com/tee-white-front.png,330,40,26,5,6109,PT,,Cotton jersey,,,,,clothing,TRUE,EXT-0082,,S,WHICLATEE082-S,8930000000820,FALSE,TRUE,330,40,26,5,6109,PT,,Cotton jersey,22.0,27,Size,S,https://medusa-public-images.s3.eu-west-1.amazonaws.com/tee-white-front.png,https://medusa-public-images.s3.eu-west-1.amazonaws.com/tee-white-back.png
,white-classic-tee-082,White Classic Tee,White / Cotton jersey,Soft jersey T-shirt designed for daily wear. Color: White. Made from cotton jersey. Designed for modern everyday outfits.,published,https://medusa-public-images.s3.eu-west-1.amazonaws.com/tee-white-front.png,330,40,26,5,6109,PT,,Cotton jersey,,,,,clothing,TRUE,EXT-0082,,M,WHICLATEE082-M,8930000000821,FALSE,TRUE,342,40,26,5,6109,PT,,Cotton jersey,23.5,29,Size,M,https://medusa-public-images.s3.eu-west-1.amazonaws.com/tee-white-front.png,https://medusa-public-images.s3.eu-west-1.amazonaws.com/tee-white-back.png
,white-classic-tee-082,White Classic Tee,White / Cotton jersey,Soft jersey T-shirt designed for daily wear. Color: White. Made from cotton jersey. Designed for modern everyday outfits.,published,https://medusa-public-images.s3.eu-west-1.amazonaws.com/tee-white-front.png,330,40,26,5,6109,PT,,Cotton jersey,,,,,clothing,TRUE,EXT-0082,,L,WHICLATEE082-L,8930000000822,FALSE,TRUE,354,40,26,5,6109,PT,,Cotton jersey,25.0,31,Size,L,https://medusa-public-images.s3.eu-west-1.amazonaws.com/tee-white-front.png,https://medusa-public-images.s3.eu-west-1.amazonaws.com/tee-white-back.png
,white-classic-tee-082,White Classic Tee,White / Cotton jersey,Soft jersey T-shirt designed for daily wear. Color: White. Made from cotton jersey. Designed for modern everyday outfits.,published,https://medusa-public-images.s3.eu-west-1.amazonaws.com/tee-white-front.png,330,40,26,5,6109,PT,,Cotton jersey,,,,,clothing,TRUE,EXT-0082,,XL,WHICLATEE082-XL,8930000000823,FALSE,TRUE,366,40,26,5,6109,PT,,Cotton jersey,26.5,33,Size,XL,https://medusa-public-images.s3.eu-west-1.amazonaws.com/tee-white-front.png,https://medusa-public-images.s3.eu-west-1.amazonaws.com/tee-white-back.png
,navy-oversized-tee-083,Navy Oversized Tee,Navy / Cotton,Relaxed oversized T-shirt with a streetwear silhouette. Color: Navy. Made from cotton. Designed for modern everyday outfits.,published,https://medusa-public-images.s3.eu-west-1.amazonaws.com/sweatshirt-vintage-front.png,360,41,27,6,6109,TR,,Cotton,,,,,clothing,TRUE,EXT-0083,,S,NAVOVETEE083-S,8930000000830,FALSE,TRUE,360,41,27,6,6109,TR,,Cotton,26.0,31,Size,S,https://medusa-public-images.s3.eu-west-1.amazonaws.com/sweatshirt-vintage-front.png,https://medusa-public-images.s3.eu-west-1.amazonaws.com/sweatshirt-vintage-back.png
,navy-oversized-tee-083,Navy Oversized Tee,Navy / Cotton,Relaxed oversized T-shirt with a streetwear silhouette. Color: Navy. Made from cotton. Designed for modern everyday outfits.,published,https://medusa-public-images.s3.eu-west-1.amazonaws.com/sweatshirt-vintage-front.png,360,41,27,6,6109,TR,,Cotton,,,,,clothing,TRUE,EXT-0083,,M,NAVOVETEE083-M,8930000000831,FALSE,TRUE,372,41,27,6,6109,TR,,Cotton,27.5,33,Size,M,https://medusa-public-images.s3.eu-west-1.amazonaws.com/sweatshirt-vintage-front.png,https://medusa-public-images.s3.eu-west-1.amazonaws.com/sweatshirt-vintage-back.png
,navy-oversized-tee-083,Navy Oversized Tee,Navy / Cotton,Relaxed oversized T-shirt with a streetwear silhouette. Color: Navy. Made from cotton. Designed for modern everyday outfits.,published,https://medusa-public-images.s3.eu-west-1.amazonaws.com/sweatshirt-vintage-front.png,360,41,27,6,6109,TR,,Cotton,,,,,clothing,TRUE,EXT-0083,,L,NAVOVETEE083-L,8930000000832,FALSE,TRUE,384,41,27,6,6109,TR,,Cotton,29.0,35,Size,L,https://medusa-public-images.s3.eu-west-1.amazonaws.com/sweatshirt-vintage-front.png,https://medusa-public-images.s3.eu-west-1.amazonaws.com/sweatshirt-vintage-back.png
,navy-oversized-tee-083,Navy Oversized Tee,Navy / Cotton,Relaxed oversized T-shirt with a streetwear silhouette. Color: Navy. Made from cotton. Designed for modern everyday outfits.,published,https://medusa-public-images.s3.eu-west-1.amazonaws.com/sweatshirt-vintage-front.png,360,41,27,6,6109,TR,,Cotton,,,,,clothing,TRUE,EXT-0083,,XL,NAVOVETEE083-XL,8930000000833,FALSE,TRUE,396,41,27,6,6109,TR,,Cotton,30.5,37,Size,XL,https://medusa-public-images.s3.eu-west-1.amazonaws.com/sweatshirt-vintage-front.png,https://medusa-public-images.s3.eu-west-1.amazonaws.com/sweatshirt-vintage-back.png
,gray-pocket-tee-084,Gray Pocket Tee,Gray / Cotton,Casual T-shirt with a chest pocket and soft hand feel. Color: Gray. Made from cotton. Designed for modern everyday outfits.,published,https://medusa-public-images.s3.eu-west-1.amazonaws.com/sweatpants-gray-front.png,340,30,28,3,6109,IT,,Cotton,,,,,clothing,TRUE,EXT-0084,,S,GRAPOCTEE084-S,8930000000840,FALSE,TRUE,340,30,28,3,6109,IT,,Cotton,25.0,30,Size,S,https://medusa-public-images.s3.eu-west-1.amazonaws.com/sweatpants-gray-front.png,https://medusa-public-images.s3.eu-west-1.amazonaws.com/sweatpants-gray-back.png
,gray-pocket-tee-084,Gray Pocket Tee,Gray / Cotton,Casual T-shirt with a chest pocket and soft hand feel. Color: Gray. Made from cotton. Designed for modern everyday outfits.,published,https://medusa-public-images.s3.eu-west-1.amazonaws.com/sweatpants-gray-front.png,340,30,28,3,6109,IT,,Cotton,,,,,clothing,TRUE,EXT-0084,,M,GRAPOCTEE084-M,8930000000841,FALSE,TRUE,352,30,28,3,6109,IT,,Cotton,26.5,32,Size,M,https://medusa-public-images.s3.eu-west-1.amazonaws.com/sweatpants-gray-front.png,https://medusa-public-images.s3.eu-west-1.amazonaws.com/sweatpants-gray-back.png
,gray-pocket-tee-084,Gray Pocket Tee,Gray / Cotton,Casual T-shirt with a chest pocket and soft hand feel. Color: Gray. Made from cotton. Designed for modern everyday outfits.,published,https://medusa-public-images.s3.eu-west-1.amazonaws.com/sweatpants-gray-front.png,340,30,28,3,6109,IT,,Cotton,,,,,clothing,TRUE,EXT-0084,,L,GRAPOCTEE084-L,8930000000842,FALSE,TRUE,364,30,28,3,6109,IT,,Cotton,28.0,34,Size,L,https://medusa-public-images.s3.eu-west-1.amazonaws.com/sweatpants-gray-front.png,https://medusa-public-images.s3.eu-west-1.amazonaws.com/sweatpants-gray-back.png
,gray-pocket-tee-084,Gray Pocket Tee,Gray / Cotton,Casual T-shirt with a chest pocket and soft hand feel. Color: Gray. Made from cotton. Designed for modern everyday outfits.,published,https://medusa-public-images.s3.eu-west-1.amazonaws.com/sweatpants-gray-front.png,340,30,28,3,6109,IT,,Cotton,,,,,clothing,TRUE,EXT-0084,,XL,GRAPOCTEE084-XL,8930000000843,FALSE,TRUE,376,30,28,3,6109,IT,,Cotton,29.5,36,Size,XL,https://medusa-public-images.s3.eu-west-1.amazonaws.com/sweatpants-gray-front.png,https://medusa-public-images.s3.eu-west-1.amazonaws.com/sweatpants-gray-back.png
,olive-training-tee-085,Olive Training Tee,Olive / Cotton blend,Breathable T-shirt for workouts and active days. Color: Olive. Made from cotton blend. Designed for modern everyday outfits.,published,https://medusa-public-images.s3.eu-west-1.amazonaws.com/shorts-vintage-front.png,310,31,29,4,6109,DK,,Cotton blend,,,,,clothing,TRUE,EXT-0085,,S,OLITRATEE085-S,8930000000850,FALSE,TRUE,310,31,29,4,6109,DK,,Cotton blend,28.0,34,Size,S,https://medusa-public-images.s3.eu-west-1.amazonaws.com/shorts-vintage-front.png,https://medusa-public-images.s3.eu-west-1.amazonaws.com/shorts-vintage-back.png
,olive-training-tee-085,Olive Training Tee,Olive / Cotton blend,Breathable T-shirt for workouts and active days. Color: Olive. Made from cotton blend. Designed for modern everyday outfits.,published,https://medusa-public-images.s3.eu-west-1.amazonaws.com/shorts-vintage-front.png,310,31,29,4,6109,DK,,Cotton blend,,,,,clothing,TRUE,EXT-0085,,M,OLITRATEE085-M,8930000000851,FALSE,TRUE,322,31,29,4,6109,DK,,Cotton blend,29.5,36,Size,M,https://medusa-public-images.s3.eu-west-1.amazonaws.com/shorts-vintage-front.png,https://medusa-public-images.s3.eu-west-1.amazonaws.com/shorts-vintage-back.png
,olive-training-tee-085,Olive Training Tee,Olive / Cotton blend,Breathable T-shirt for workouts and active days. Color: Olive. Made from cotton blend. Designed for modern everyday outfits.,published,https://medusa-public-images.s3.eu-west-1.amazonaws.com/shorts-vintage-front.png,310,31,29,4,6109,DK,,Cotton blend,,,,,clothing,TRUE,EXT-0085,,L,OLITRATEE085-L,8930000000852,FALSE,TRUE,334,31,29,4,6109,DK,,Cotton blend,31.0,38,Size,L,https://medusa-public-images.s3.eu-west-1.amazonaws.com/shorts-vintage-front.png,https://medusa-public-images.s3.eu-west-1.amazonaws.com/shorts-vintage-back.png
,olive-training-tee-085,Olive Training Tee,Olive / Cotton blend,Breathable T-shirt for workouts and active days. Color: Olive. Made from cotton blend. Designed for modern everyday outfits.,published,https://medusa-public-images.s3.eu-west-1.amazonaws.com/shorts-vintage-front.png,310,31,29,4,6109,DK,,Cotton blend,,,,,clothing,TRUE,EXT-0085,,XL,OLITRATEE085-XL,8930000000853,FALSE,TRUE,346,31,29,4,6109,DK,,Cotton blend,32.5,40,Size,XL,https://medusa-public-images.s3.eu-west-1.amazonaws.com/shorts-vintage-front.png,https://medusa-public-images.s3.eu-west-1.amazonaws.com/shorts-vintage-back.png
,stone-long-sleeve-tee-086,Stone Long Sleeve Tee,Stone / Cotton,Light long-sleeve tee for layering in cooler weather. Color: Stone. Made from cotton. Designed for modern everyday outfits.,published,https://medusa-public-images.s3.eu-west-1.amazonaws.com/tee-black-front.png,380,32,30,5,6109,VN,,Cotton,,,,,clothing,TRUE,EXT-0086,,S,STOLONSLETEE086-S,8930000000860,FALSE,TRUE,380,32,30,5,6109,VN,,Cotton,30.0,36,Size,S,https://medusa-public-images.s3.eu-west-1.amazonaws.com/tee-black-front.png,https://medusa-public-images.s3.eu-west-1.amazonaws.com/tee-black-back.png
,stone-long-sleeve-tee-086,Stone Long Sleeve Tee,Stone / Cotton,Light long-sleeve tee for layering in cooler weather. Color: Stone. Made from cotton. Designed for modern everyday outfits.,published,https://medusa-public-images.s3.eu-west-1.amazonaws.com/tee-black-front.png,380,32,30,5,6109,VN,,Cotton,,,,,clothing,TRUE,EXT-0086,,M,STOLONSLETEE086-M,8930000000861,FALSE,TRUE,392,32,30,5,6109,VN,,Cotton,31.5,38,Size,M,https://medusa-public-images.s3.eu-west-1.amazonaws.com/tee-black-front.png,https://medusa-public-images.s3.eu-west-1.amazonaws.com/tee-black-back.png
,stone-long-sleeve-tee-086,Stone Long Sleeve Tee,Stone / Cotton,Light long-sleeve tee for layering in cooler weather. Color: Stone. Made from cotton. Designed for modern everyday outfits.,published,https://medusa-public-images.s3.eu-west-1.amazonaws.com/tee-black-front.png,380,32,30,5,6109,VN,,Cotton,,,,,clothing,TRUE,EXT-0086,,L,STOLONSLETEE086-L,8930000000862,FALSE,TRUE,404,32,30,5,6109,VN,,Cotton,33.0,40,Size,L,https://medusa-public-images.s3.eu-west-1.amazonaws.com/tee-black-front.png,https://medusa-public-images.s3.eu-west-1.amazonaws.com/tee-black-back.png
,stone-long-sleeve-tee-086,Stone Long Sleeve Tee,Stone / Cotton,Light long-sleeve tee for layering in cooler weather. Color: Stone. Made from cotton. Designed for modern everyday outfits.,published,https://medusa-public-images.s3.eu-west-1.amazonaws.com/tee-black-front.png,380,32,30,5,6109,VN,,Cotton,,,,,clothing,TRUE,EXT-0086,,XL,STOLONSLETEE086-XL,8930000000863,FALSE,TRUE,416,32,30,5,6109,VN,,Cotton,34.5,42,Size,XL,https://medusa-public-images.s3.eu-west-1.amazonaws.com/tee-black-front.png,https://medusa-public-images.s3.eu-west-1.amazonaws.com/tee-black-back.png
,burgundy-crewneck-sweatshirt-087,Burgundy Crewneck Sweatshirt,Burgundy / Fleece cotton,Warm crewneck sweatshirt with ribbed cuffs. Color: Burgundy. Made from fleece cotton. Designed for modern everyday outfits.,published,https://medusa-public-images.s3.eu-west-1.amazonaws.com/tee-white-front.png,560,33,31,6,6109,PT,,Fleece cotton,,,,,clothing,TRUE,EXT-0087,,S,BURCRESWE087-S,8930000000870,FALSE,TRUE,560,33,31,6,6109,PT,,Fleece cotton,45.0,54,Size,S,https://medusa-public-images.s3.eu-west-1.amazonaws.com/tee-white-front.png,https://medusa-public-images.s3.eu-west-1.amazonaws.com/tee-white-back.png
,burgundy-crewneck-sweatshirt-087,Burgundy Crewneck Sweatshirt,Burgundy / Fleece cotton,Warm crewneck sweatshirt with ribbed cuffs. Color: Burgundy. Made from fleece cotton. Designed for modern everyday outfits.,published,https://medusa-public-images.s3.eu-west-1.amazonaws.com/tee-white-front.png,560,33,31,6,6109,PT,,Fleece cotton,,,,,clothing,TRUE,EXT-0087,,M,BURCRESWE087-M,8930000000871,FALSE,TRUE,572,33,31,6,6109,PT,,Fleece cotton,46.5,56,Size,M,https://medusa-public-images.s3.eu-west-1.amazonaws.com/tee-white-front.png,https://medusa-public-images.s3.eu-west-1.amazonaws.com/tee-white-back.png
,burgundy-crewneck-sweatshirt-087,Burgundy Crewneck Sweatshirt,Burgundy / Fleece cotton,Warm crewneck sweatshirt with ribbed cuffs. Color: Burgundy. Made from fleece cotton. Designed for modern everyday outfits.,published,https://medusa-public-images.s3.eu-west-1.amazonaws.com/tee-white-front.png,560,33,31,6,6109,PT,,Fleece cotton,,,,,clothing,TRUE,EXT-0087,,L,BURCRESWE087-L,8930000000872,FALSE,TRUE,584,33,31,6,6109,PT,,Fleece cotton,48.0,58,Size,L,https://medusa-public-images.s3.eu-west-1.amazonaws.com/tee-white-front.png,https://medusa-public-images.s3.eu-west-1.amazonaws.com/tee-white-back.png
,burgundy-crewneck-sweatshirt-087,Burgundy Crewneck Sweatshirt,Burgundy / Fleece cotton,Warm crewneck sweatshirt with ribbed cuffs. Color: Burgundy. Made from fleece cotton. Designed for modern everyday outfits.,published,https://medusa-public-images.s3.eu-west-1.amazonaws.com/tee-white-front.png,560,33,31,6,6109,PT,,Fleece cotton,,,,,clothing,TRUE,EXT-0087,,XL,BURCRESWE087-XL,8930000000873,FALSE,TRUE,596,33,31,6,6109,PT,,Fleece cotton,49.5,60,Size,XL,https://medusa-public-images.s3.eu-west-1.amazonaws.com/tee-white-front.png,https://medusa-public-images.s3.eu-west-1.amazonaws.com/tee-white-back.png
,forest-vintage-sweatshirt-088,Forest Vintage Sweatshirt,Forest / Cotton fleece,Washed sweatshirt with a soft vintage finish. Color: Forest. Made from cotton fleece. Designed for modern everyday outfits.,published,https://medusa-public-images.s3.eu-west-1.amazonaws.com/sweatshirt-vintage-front.png,540,34,32,3,6109,TR,,Cotton fleece,,,,,clothing,TRUE,EXT-0088,,S,FORVINSWE088-S,8930000000880,FALSE,TRUE,540,34,32,3,6109,TR,,Cotton fleece,48.0,58,Size,S,https://medusa-public-images.s3.eu-west-1.amazonaws.com/sweatshirt-vintage-front.png,https://medusa-public-images.s3.eu-west-1.amazonaws.com/sweatshirt-vintage-back.png
,forest-vintage-sweatshirt-088,Forest Vintage Sweatshirt,Forest / Cotton fleece,Washed sweatshirt with a soft vintage finish. Color: Forest. Made from cotton fleece. Designed for modern everyday outfits.,published,https://medusa-public-images.s3.eu-west-1.amazonaws.com/sweatshirt-vintage-front.png,540,34,32,3,6109,TR,,Cotton fleece,,,,,clothing,TRUE,EXT-0088,,M,FORVINSWE088-M,8930000000881,FALSE,TRUE,552,34,32,3,6109,TR,,Cotton fleece,49.5,60,Size,M,https://medusa-public-images.s3.eu-west-1.amazonaws.com/sweatshirt-vintage-front.png,https://medusa-public-images.s3.eu-west-1.amazonaws.com/sweatshirt-vintage-back.png
,forest-vintage-sweatshirt-088,Forest Vintage Sweatshirt,Forest / Cotton fleece,Washed sweatshirt with a soft vintage finish. Color: Forest. Made from cotton fleece. Designed for modern everyday outfits.,published,https://medusa-public-images.s3.eu-west-1.amazonaws.com/sweatshirt-vintage-front.png,540,34,32,3,6109,TR,,Cotton fleece,,,,,clothing,TRUE,EXT-0088,,L,FORVINSWE088-L,8930000000882,FALSE,TRUE,564,34,32,3,6109,TR,,Cotton fleece,51.0,62,Size,L,https://medusa-public-images.s3.eu-west-1.amazonaws.com/sweatshirt-vintage-front.png,https://medusa-public-images.s3.eu-west-1.amazonaws.com/sweatshirt-vintage-back.png
,forest-vintage-sweatshirt-088,Forest Vintage Sweatshirt,Forest / Cotton fleece,Washed sweatshirt with a soft vintage finish. Color: Forest. Made from cotton fleece. Designed for modern everyday outfits.,published,https://medusa-public-images.s3.eu-west-1.amazonaws.com/sweatshirt-vintage-front.png,540,34,32,3,6109,TR,,Cotton fleece,,,,,clothing,TRUE,EXT-0088,,XL,FORVINSWE088-XL,8930000000883,FALSE,TRUE,576,34,32,3,6109,TR,,Cotton fleece,52.5,64,Size,XL,https://medusa-public-images.s3.eu-west-1.amazonaws.com/sweatshirt-vintage-front.png,https://medusa-public-images.s3.eu-west-1.amazonaws.com/sweatshirt-vintage-back.png
,charcoal-pullover-hoodie-089,Charcoal Pullover Hoodie,Charcoal / Cotton fleece,Comfortable pullover hoodie with kangaroo pocket. Color: Charcoal. Made from cotton fleece. Designed for modern everyday outfits.,published,https://medusa-public-images.s3.eu-west-1.amazonaws.com/sweatpants-gray-front.png,680,35,33,4,6109,IT,,Cotton fleece,,,,,clothing,TRUE,EXT-0089,,S,CHAPULHOO089-S,8930000000890,FALSE,TRUE,680,35,33,4,6109,IT,,Cotton fleece,55.0,65,Size,S,https://medusa-public-images.s3.eu-west-1.amazonaws.com/sweatpants-gray-front.png,https://medusa-public-images.s3.eu-west-1.amazonaws.com/sweatpants-gray-back.png
,charcoal-pullover-hoodie-089,Charcoal Pullover Hoodie,Charcoal / Cotton fleece,Comfortable pullover hoodie with kangaroo pocket. Color: Charcoal. Made from cotton fleece. Designed for modern everyday outfits.,published,https://medusa-public-images.s3.eu-west-1.amazonaws.com/sweatpants-gray-front.png,680,35,33,4,6109,IT,,Cotton fleece,,,,,clothing,TRUE,EXT-0089,,M,CHAPULHOO089-M,8930000000891,FALSE,TRUE,692,35,33,4,6109,IT,,Cotton fleece,56.5,67,Size,M,https://medusa-public-images.s3.eu-west-1.amazonaws.com/sweatpants-gray-front.png,https://medusa-public-images.s3.eu-west-1.amazonaws.com/sweatpants-gray-back.png
,charcoal-pullover-hoodie-089,Charcoal Pullover Hoodie,Charcoal / Cotton fleece,Comfortable pullover hoodie with kangaroo pocket. Color: Charcoal. Made from cotton fleece. Designed for modern everyday outfits.,published,https://medusa-public-images.s3.eu-west-1.amazonaws.com/sweatpants-gray-front.png,680,35,33,4,6109,IT,,Cotton fleece,,,,,clothing,TRUE,EXT-0089,,L,CHAPULHOO089-L,8930000000892,FALSE,TRUE,704,35,33,4,6109,IT,,Cotton fleece,58.0,69,Size,L,https://medusa-public-images.s3.eu-west-1.amazonaws.com/sweatpants-gray-front.png,https://medusa-public-images.s3.eu-west-1.amazonaws.com/sweatpants-gray-back.png
,charcoal-pullover-hoodie-089,Charcoal Pullover Hoodie,Charcoal / Cotton fleece,Comfortable pullover hoodie with kangaroo pocket. Color: Charcoal. Made from cotton fleece. Designed for modern everyday outfits.,published,https://medusa-public-images.s3.eu-west-1.amazonaws.com/sweatpants-gray-front.png,680,35,33,4,6109,IT,,Cotton fleece,,,,,clothing,TRUE,EXT-0089,,XL,CHAPULHOO089-XL,8930000000893,FALSE,TRUE,716,35,33,4,6109,IT,,Cotton fleece,59.5,71,Size,XL,https://medusa-public-images.s3.eu-west-1.amazonaws.com/sweatpants-gray-front.png,https://medusa-public-images.s3.eu-west-1.amazonaws.com/sweatpants-gray-back.png
,cream-zip-hoodie-090,Cream Zip Hoodie,Cream / Cotton fleece,Full-zip hoodie built for layering and travel. Color: Cream. Made from cotton fleece. Designed for modern everyday outfits.,published,https://medusa-public-images.s3.eu-west-1.amazonaws.com/shorts-vintage-front.png,700,36,24,5,6109,DK,,Cotton fleece,,,,,clothing,TRUE,EXT-0090,,S,CREZIPHOO090-S,8930000000900,FALSE,TRUE,700,36,24,5,6109,DK,,Cotton fleece,59.0,70,Size,S,https://medusa-public-images.s3.eu-west-1.amazonaws.com/shorts-vintage-front.png,https://medusa-public-images.s3.eu-west-1.amazonaws.com/shorts-vintage-back.png
,cream-zip-hoodie-090,Cream Zip Hoodie,Cream / Cotton fleece,Full-zip hoodie built for layering and travel. Color: Cream. Made from cotton fleece. Designed for modern everyday outfits.,published,https://medusa-public-images.s3.eu-west-1.amazonaws.com/shorts-vintage-front.png,700,36,24,5,6109,DK,,Cotton fleece,,,,,clothing,TRUE,EXT-0090,,M,CREZIPHOO090-M,8930000000901,FALSE,TRUE,712,36,24,5,6109,DK,,Cotton fleece,60.5,72,Size,M,https://medusa-public-images.s3.eu-west-1.amazonaws.com/shorts-vintage-front.png,https://medusa-public-images.s3.eu-west-1.amazonaws.com/shorts-vintage-back.png
,cream-zip-hoodie-090,Cream Zip Hoodie,Cream / Cotton fleece,Full-zip hoodie built for layering and travel. Color: Cream. Made from cotton fleece. Designed for modern everyday outfits.,published,https://medusa-public-images.s3.eu-west-1.amazonaws.com/shorts-vintage-front.png,700,36,24,5,6109,DK,,Cotton fleece,,,,,clothing,TRUE,EXT-0090,,L,CREZIPHOO090-L,8930000000902,FALSE,TRUE,724,36,24,5,6109,DK,,Cotton fleece,62.0,74,Size,L,https://medusa-public-images.s3.eu-west-1.amazonaws.com/shorts-vintage-front.png,https://medusa-public-images.s3.eu-west-1.amazonaws.com/shorts-vintage-back.png
,cream-zip-hoodie-090,Cream Zip Hoodie,Cream / Cotton fleece,Full-zip hoodie built for layering and travel. Color: Cream. Made from cotton fleece. Designed for modern everyday outfits.,published,https://medusa-public-images.s3.eu-west-1.amazonaws.com/shorts-vintage-front.png,700,36,24,5,6109,DK,,Cotton fleece,,,,,clothing,TRUE,EXT-0090,,XL,CREZIPHOO090-XL,8930000000903,FALSE,TRUE,736,36,24,5,6109,DK,,Cotton fleece,63.5,76,Size,XL,https://medusa-public-images.s3.eu-west-1.amazonaws.com/shorts-vintage-front.png,https://medusa-public-images.s3.eu-west-1.amazonaws.com/shorts-vintage-back.png
,black-lightweight-hoodie-091,Black Lightweight Hoodie,Black / French terry,Light hoodie for transitional weather. Color: Black. Made from french terry. Designed for modern everyday outfits.,published,https://medusa-public-images.s3.eu-west-1.amazonaws.com/tee-black-front.png,580,37,25,6,6109,VN,,French terry,,,,,clothing,TRUE,EXT-0091,,S,BLALIGHOO091-S,8930000000910,FALSE,TRUE,580,37,25,6,6109,VN,,French terry,50.0,60,Size,S,https://medusa-public-images.s3.eu-west-1.amazonaws.com/tee-black-front.png,https://medusa-public-images.s3.eu-west-1.amazonaws.com/tee-black-back.png
,black-lightweight-hoodie-091,Black Lightweight Hoodie,Black / French terry,Light hoodie for transitional weather. Color: Black. Made from french terry. Designed for modern everyday outfits.,published,https://medusa-public-images.s3.eu-west-1.amazonaws.com/tee-black-front.png,580,37,25,6,6109,VN,,French terry,,,,,clothing,TRUE,EXT-0091,,M,BLALIGHOO091-M,8930000000911,FALSE,TRUE,592,37,25,6,6109,VN,,French terry,51.5,62,Size,M,https://medusa-public-images.s3.eu-west-1.amazonaws.com/tee-black-front.png,https://medusa-public-images.s3.eu-west-1.amazonaws.com/tee-black-back.png
,black-lightweight-hoodie-091,Black Lightweight Hoodie,Black / French terry,Light hoodie for transitional weather. Color: Black. Made from french terry. Designed for modern everyday outfits.,published,https://medusa-public-images.s3.eu-west-1.amazonaws.com/tee-black-front.png,580,37,25,6,6109,VN,,French terry,,,,,clothing,TRUE,EXT-0091,,L,BLALIGHOO091-L,8930000000912,FALSE,TRUE,604,37,25,6,6109,VN,,French terry,53.0,64,Size,L,https://medusa-public-images.s3.eu-west-1.amazonaws.com/tee-black-front.png,https://medusa-public-images.s3.eu-west-1.amazonaws.com/tee-black-back.png
,black-lightweight-hoodie-091,Black Lightweight Hoodie,Black / French terry,Light hoodie for transitional weather. Color: Black. Made from french terry. Designed for modern everyday outfits.,published,https://medusa-public-images.s3.eu-west-1.amazonaws.com/tee-black-front.png,580,37,25,6,6109,VN,,French terry,,,,,clothing,TRUE,EXT-0091,,XL,BLALIGHOO091-XL,8930000000913,FALSE,TRUE,616,37,25,6,6109,VN,,French terry,54.5,66,Size,XL,https://medusa-public-images.s3.eu-west-1.amazonaws.com/tee-black-front.png,https://medusa-public-images.s3.eu-west-1.amazonaws.com/tee-black-back.png
,white-joggers-092,White Joggers,White / Cotton fleece,Relaxed joggers with elastic waistband and cuffs. Color: White. Made from cotton fleece. Designed for modern everyday outfits.,published,https://medusa-public-images.s3.eu-west-1.amazonaws.com/tee-white-front.png,520,38,26,3,6109,PT,,Cotton fleece,,,,,clothing,TRUE,EXT-0092,,S,WHIJOG092-S,8930000000920,FALSE,TRUE,520,38,26,3,6109,PT,,Cotton fleece,42.0,50,Size,S,https://medusa-public-images.s3.eu-west-1.amazonaws.com/tee-white-front.png,https://medusa-public-images.s3.eu-west-1.amazonaws.com/tee-white-back.png
,white-joggers-092,White Joggers,White / Cotton fleece,Relaxed joggers with elastic waistband and cuffs. Color: White. Made from cotton fleece. Designed for modern everyday outfits.,published,https://medusa-public-images.s3.eu-west-1.amazonaws.com/tee-white-front.png,520,38,26,3,6109,PT,,Cotton fleece,,,,,clothing,TRUE,EXT-0092,,M,WHIJOG092-M,8930000000921,FALSE,TRUE,532,38,26,3,6109,PT,,Cotton fleece,43.5,52,Size,M,https://medusa-public-images.s3.eu-west-1.amazonaws.com/tee-white-front.png,https://medusa-public-images.s3.eu-west-1.amazonaws.com/tee-white-back.png
,white-joggers-092,White Joggers,White / Cotton fleece,Relaxed joggers with elastic waistband and cuffs. Color: White. Made from cotton fleece. Designed for modern everyday outfits.,published,https://medusa-public-images.s3.eu-west-1.amazonaws.com/tee-white-front.png,520,38,26,3,6109,PT,,Cotton fleece,,,,,clothing,TRUE,EXT-0092,,L,WHIJOG092-L,8930000000922,FALSE,TRUE,544,38,26,3,6109,PT,,Cotton fleece,45.0,54,Size,L,https://medusa-public-images.s3.eu-west-1.amazonaws.com/tee-white-front.png,https://medusa-public-images.s3.eu-west-1.amazonaws.com/tee-white-back.png
,white-joggers-092,White Joggers,White / Cotton fleece,Relaxed joggers with elastic waistband and cuffs. Color: White. Made from cotton fleece. Designed for modern everyday outfits.,published,https://medusa-public-images.s3.eu-west-1.amazonaws.com/tee-white-front.png,520,38,26,3,6109,PT,,Cotton fleece,,,,,clothing,TRUE,EXT-0092,,XL,WHIJOG092-XL,8930000000923,FALSE,TRUE,556,38,26,3,6109,PT,,Cotton fleece,46.5,56,Size,XL,https://medusa-public-images.s3.eu-west-1.amazonaws.com/tee-white-front.png,https://medusa-public-images.s3.eu-west-1.amazonaws.com/tee-white-back.png
,navy-sweatpants-093,Navy Sweatpants,Navy / Cotton fleece,Classic sweatpants with a soft brushed interior. Color: Navy. Made from cotton fleece. Designed for modern everyday outfits.,published,https://medusa-public-images.s3.eu-west-1.amazonaws.com/sweatshirt-vintage-front.png,540,39,27,4,6109,TR,,Cotton fleece,,,,,clothing,TRUE,EXT-0093,,S,NAVSWE093-S,8930000000930,FALSE,TRUE,540,39,27,4,6109,TR,,Cotton fleece,40.0,48,Size,S,https://medusa-public-images.s3.eu-west-1.amazonaws.com/sweatshirt-vintage-front.png,https://medusa-public-images.s3.eu-west-1.amazonaws.com/sweatshirt-vintage-back.png
,navy-sweatpants-093,Navy Sweatpants,Navy / Cotton fleece,Classic sweatpants with a soft brushed interior. Color: Navy. Made from cotton fleece. Designed for modern everyday outfits.,published,https://medusa-public-images.s3.eu-west-1.amazonaws.com/sweatshirt-vintage-front.png,540,39,27,4,6109,TR,,Cotton fleece,,,,,clothing,TRUE,EXT-0093,,M,NAVSWE093-M,8930000000931,FALSE,TRUE,552,39,27,4,6109,TR,,Cotton fleece,41.5,50,Size,M,https://medusa-public-images.s3.eu-west-1.amazonaws.com/sweatshirt-vintage-front.png,https://medusa-public-images.s3.eu-west-1.amazonaws.com/sweatshirt-vintage-back.png
,navy-sweatpants-093,Navy Sweatpants,Navy / Cotton fleece,Classic sweatpants with a soft brushed interior. Color: Navy. Made from cotton fleece. Designed for modern everyday outfits.,published,https://medusa-public-images.s3.eu-west-1.amazonaws.com/sweatshirt-vintage-front.png,540,39,27,4,6109,TR,,Cotton fleece,,,,,clothing,TRUE,EXT-0093,,L,NAVSWE093-L,8930000000932,FALSE,TRUE,564,39,27,4,6109,TR,,Cotton fleece,43.0,52,Size,L,https://medusa-public-images.s3.eu-west-1.amazonaws.com/sweatshirt-vintage-front.png,https://medusa-public-images.s3.eu-west-1.amazonaws.com/sweatshirt-vintage-back.png
,navy-sweatpants-093,Navy Sweatpants,Navy / Cotton fleece,Classic sweatpants with a soft brushed interior. Color: Navy. Made from cotton fleece. Designed for modern everyday outfits.,published,https://medusa-public-images.s3.eu-west-1.amazonaws.com/sweatshirt-vintage-front.png,540,39,27,4,6109,TR,,Cotton fleece,,,,,clothing,TRUE,EXT-0093,,XL,NAVSWE093-XL,8930000000933,FALSE,TRUE,576,39,27,4,6109,TR,,Cotton fleece,44.5,54,Size,XL,https://medusa-public-images.s3.eu-west-1.amazonaws.com/sweatshirt-vintage-front.png,https://medusa-public-images.s3.eu-west-1.amazonaws.com/sweatshirt-vintage-back.png
,gray-relaxed-pants-094,Gray Relaxed Pants,Gray / Cotton twill,Tapered cotton pants for everyday styling. Color: Gray. Made from cotton twill. Designed for modern everyday outfits.,published,https://medusa-public-images.s3.eu-west-1.amazonaws.com/sweatpants-gray-front.png,500,40,28,5,6109,IT,,Cotton twill,,,,,clothing,TRUE,EXT-0094,,S,GRARELPAN094-S,8930000000940,FALSE,TRUE,500,40,28,5,6109,IT,,Cotton twill,49.0,58,Size,S,https://medusa-public-images.s3.eu-west-1.amazonaws.com/sweatpants-gray-front.png,https://medusa-public-images.s3.eu-west-1.amazonaws.com/sweatpants-gray-back.png
,gray-relaxed-pants-094,Gray Relaxed Pants,Gray / Cotton twill,Tapered cotton pants for everyday styling. Color: Gray. Made from cotton twill. Designed for modern everyday outfits.,published,https://medusa-public-images.s3.eu-west-1.amazonaws.com/sweatpants-gray-front.png,500,40,28,5,6109,IT,,Cotton twill,,,,,clothing,TRUE,EXT-0094,,M,GRARELPAN094-M,8930000000941,FALSE,TRUE,512,40,28,5,6109,IT,,Cotton twill,50.5,60,Size,M,https://medusa-public-images.s3.eu-west-1.amazonaws.com/sweatpants-gray-front.png,https://medusa-public-images.s3.eu-west-1.amazonaws.com/sweatpants-gray-back.png
,gray-relaxed-pants-094,Gray Relaxed Pants,Gray / Cotton twill,Tapered cotton pants for everyday styling. Color: Gray. Made from cotton twill. Designed for modern everyday outfits.,published,https://medusa-public-images.s3.eu-west-1.amazonaws.com/sweatpants-gray-front.png,500,40,28,5,6109,IT,,Cotton twill,,,,,clothing,TRUE,EXT-0094,,L,GRARELPAN094-L,8930000000942,FALSE,TRUE,524,40,28,5,6109,IT,,Cotton twill,52.0,62,Size,L,https://medusa-public-images.s3.eu-west-1.amazonaws.com/sweatpants-gray-front.png,https://medusa-public-images.s3.eu-west-1.amazonaws.com/sweatpants-gray-back.png
,gray-relaxed-pants-094,Gray Relaxed Pants,Gray / Cotton twill,Tapered cotton pants for everyday styling. Color: Gray. Made from cotton twill. Designed for modern everyday outfits.,published,https://medusa-public-images.s3.eu-west-1.amazonaws.com/sweatpants-gray-front.png,500,40,28,5,6109,IT,,Cotton twill,,,,,clothing,TRUE,EXT-0094,,XL,GRARELPAN094-XL,8930000000943,FALSE,TRUE,536,40,28,5,6109,IT,,Cotton twill,53.5,64,Size,XL,https://medusa-public-images.s3.eu-west-1.amazonaws.com/sweatpants-gray-front.png,https://medusa-public-images.s3.eu-west-1.amazonaws.com/sweatpants-gray-back.png
,olive-lounge-pants-095,Olive Lounge Pants,Olive / Cotton blend,Soft lounge pants made for comfort at home or travel. Color: Olive. Made from cotton blend. Designed for modern everyday outfits.,published,https://medusa-public-images.s3.eu-west-1.amazonaws.com/shorts-vintage-front.png,470,41,29,6,6109,DK,,Cotton blend,,,,,clothing,TRUE,EXT-0095,,S,OLILOUPAN095-S,8930000000950,FALSE,TRUE,470,41,29,6,6109,DK,,Cotton blend,38.0,46,Size,S,https://medusa-public-images.s3.eu-west-1.amazonaws.com/shorts-vintage-front.png,https://medusa-public-images.s3.eu-west-1.amazonaws.com/shorts-vintage-back.png
,olive-lounge-pants-095,Olive Lounge Pants,Olive / Cotton blend,Soft lounge pants made for comfort at home or travel. Color: Olive. Made from cotton blend. Designed for modern everyday outfits.,published,https://medusa-public-images.s3.eu-west-1.amazonaws.com/shorts-vintage-front.png,470,41,29,6,6109,DK,,Cotton blend,,,,,clothing,TRUE,EXT-0095,,M,OLILOUPAN095-M,8930000000951,FALSE,TRUE,482,41,29,6,6109,DK,,Cotton blend,39.5,48,Size,M,https://medusa-public-images.s3.eu-west-1.amazonaws.com/shorts-vintage-front.png,https://medusa-public-images.s3.eu-west-1.amazonaws.com/shorts-vintage-back.png
,olive-lounge-pants-095,Olive Lounge Pants,Olive / Cotton blend,Soft lounge pants made for comfort at home or travel. Color: Olive. Made from cotton blend. Designed for modern everyday outfits.,published,https://medusa-public-images.s3.eu-west-1.amazonaws.com/shorts-vintage-front.png,470,41,29,6,6109,DK,,Cotton blend,,,,,clothing,TRUE,EXT-0095,,L,OLILOUPAN095-L,8930000000952,FALSE,TRUE,494,41,29,6,6109,DK,,Cotton blend,41.0,50,Size,L,https://medusa-public-images.s3.eu-west-1.amazonaws.com/shorts-vintage-front.png,https://medusa-public-images.s3.eu-west-1.amazonaws.com/shorts-vintage-back.png
,olive-lounge-pants-095,Olive Lounge Pants,Olive / Cotton blend,Soft lounge pants made for comfort at home or travel. Color: Olive. Made from cotton blend. Designed for modern everyday outfits.,published,https://medusa-public-images.s3.eu-west-1.amazonaws.com/shorts-vintage-front.png,470,41,29,6,6109,DK,,Cotton blend,,,,,clothing,TRUE,EXT-0095,,XL,OLILOUPAN095-XL,8930000000953,FALSE,TRUE,506,41,29,6,6109,DK,,Cotton blend,42.5,52,Size,XL,https://medusa-public-images.s3.eu-west-1.amazonaws.com/shorts-vintage-front.png,https://medusa-public-images.s3.eu-west-1.amazonaws.com/shorts-vintage-back.png
,stone-training-shorts-096,Stone Training Shorts,Stone / Cotton blend,Lightweight shorts with an easy elastic waist. Color: Stone. Made from cotton blend. Designed for modern everyday outfits.,published,https://medusa-public-images.s3.eu-west-1.amazonaws.com/tee-black-front.png,280,30,30,3,6109,VN,,Cotton blend,,,,,clothing,TRUE,EXT-0096,,S,STOTRASHO096-S,8930000000960,FALSE,TRUE,280,30,30,3,6109,VN,,Cotton blend,24.0,30,Size,S,https://medusa-public-images.s3.eu-west-1.amazonaws.com/tee-black-front.png,https://medusa-public-images.s3.eu-west-1.amazonaws.com/tee-black-back.png
,stone-training-shorts-096,Stone Training Shorts,Stone / Cotton blend,Lightweight shorts with an easy elastic waist. Color: Stone. Made from cotton blend. Designed for modern everyday outfits.,published,https://medusa-public-images.s3.eu-west-1.amazonaws.com/tee-black-front.png,280,30,30,3,6109,VN,,Cotton blend,,,,,clothing,TRUE,EXT-0096,,M,STOTRASHO096-M,8930000000961,FALSE,TRUE,292,30,30,3,6109,VN,,Cotton blend,25.5,32,Size,M,https://medusa-public-images.s3.eu-west-1.amazonaws.com/tee-black-front.png,https://medusa-public-images.s3.eu-west-1.amazonaws.com/tee-black-back.png
,stone-training-shorts-096,Stone Training Shorts,Stone / Cotton blend,Lightweight shorts with an easy elastic waist. Color: Stone. Made from cotton blend. Designed for modern everyday outfits.,published,https://medusa-public-images.s3.eu-west-1.amazonaws.com/tee-black-front.png,280,30,30,3,6109,VN,,Cotton blend,,,,,clothing,TRUE,EXT-0096,,L,STOTRASHO096-L,8930000000962,FALSE,TRUE,304,30,30,3,6109,VN,,Cotton blend,27.0,34,Size,L,https://medusa-public-images.s3.eu-west-1.amazonaws.com/tee-black-front.png,https://medusa-public-images.s3.eu-west-1.amazonaws.com/tee-black-back.png
,stone-training-shorts-096,Stone Training Shorts,Stone / Cotton blend,Lightweight shorts with an easy elastic waist. Color: Stone. Made from cotton blend. Designed for modern everyday outfits.,published,https://medusa-public-images.s3.eu-west-1.amazonaws.com/tee-black-front.png,280,30,30,3,6109,VN,,Cotton blend,,,,,clothing,TRUE,EXT-0096,,XL,STOTRASHO096-XL,8930000000963,FALSE,TRUE,316,30,30,3,6109,VN,,Cotton blend,28.5,36,Size,XL,https://medusa-public-images.s3.eu-west-1.amazonaws.com/tee-black-front.png,https://medusa-public-images.s3.eu-west-1.amazonaws.com/tee-black-back.png
,burgundy-lounge-shorts-097,Burgundy Lounge Shorts,Burgundy / Cotton,Casual pull-on shorts for weekends and warm days. Color: Burgundy. Made from cotton. Designed for modern everyday outfits.,published,https://medusa-public-images.s3.eu-west-1.amazonaws.com/tee-white-front.png,260,31,31,4,6109,PT,,Cotton,,,,,clothing,TRUE,EXT-0097,,S,BURLOUSHO097-S,8930000000970,FALSE,TRUE,260,31,31,4,6109,PT,,Cotton,22.0,28,Size,S,https://medusa-public-images.s3.eu-west-1.amazonaws.com/tee-white-front.png,https://medusa-public-images.s3.eu-west-1.amazonaws.com/tee-white-back.png
,burgundy-lounge-shorts-097,Burgundy Lounge Shorts,Burgundy / Cotton,Casual pull-on shorts for weekends and warm days. Color: Burgundy. Made from cotton. Designed for modern everyday outfits.,published,https://medusa-public-images.s3.eu-west-1.amazonaws.com/tee-white-front.png,260,31,31,4,6109,PT,,Cotton,,,,,clothing,TRUE,EXT-0097,,M,BURLOUSHO097-M,8930000000971,FALSE,TRUE,272,31,31,4,6109,PT,,Cotton,23.5,30,Size,M,https://medusa-public-images.s3.eu-west-1.amazonaws.com/tee-white-front.png,https://medusa-public-images.s3.eu-west-1.amazonaws.com/tee-white-back.png
,burgundy-lounge-shorts-097,Burgundy Lounge Shorts,Burgundy / Cotton,Casual pull-on shorts for weekends and warm days. Color: Burgundy. Made from cotton. Designed for modern everyday outfits.,published,https://medusa-public-images.s3.eu-west-1.amazonaws.com/tee-white-front.png,260,31,31,4,6109,PT,,Cotton,,,,,clothing,TRUE,EXT-0097,,L,BURLOUSHO097-L,8930000000972,FALSE,TRUE,284,31,31,4,6109,PT,,Cotton,25.0,32,Size,L,https://medusa-public-images.s3.eu-west-1.amazonaws.com/tee-white-front.png,https://medusa-public-images.s3.eu-west-1.amazonaws.com/tee-white-back.png
,burgundy-lounge-shorts-097,Burgundy Lounge Shorts,Burgundy / Cotton,Casual pull-on shorts for weekends and warm days. Color: Burgundy. Made from cotton. Designed for modern everyday outfits.,published,https://medusa-public-images.s3.eu-west-1.amazonaws.com/tee-white-front.png,260,31,31,4,6109,PT,,Cotton,,,,,clothing,TRUE,EXT-0097,,XL,BURLOUSHO097-XL,8930000000973,FALSE,TRUE,296,31,31,4,6109,PT,,Cotton,26.5,34,Size,XL,https://medusa-public-images.s3.eu-west-1.amazonaws.com/tee-white-front.png,https://medusa-public-images.s3.eu-west-1.amazonaws.com/tee-white-back.png
,forest-chino-shorts-098,Forest Chino Shorts,Forest / Cotton twill,Clean cotton shorts with a simple tailored shape. Color: Forest. Made from cotton twill. Designed for modern everyday outfits.,published,https://medusa-public-images.s3.eu-west-1.amazonaws.com/sweatshirt-vintage-front.png,300,32,32,5,6109,TR,,Cotton twill,,,,,clothing,TRUE,EXT-0098,,S,FORCHISHO098-S,8930000000980,FALSE,TRUE,300,32,32,5,6109,TR,,Cotton twill,32.0,38,Size,S,https://medusa-public-images.s3.eu-west-1.amazonaws.com/sweatshirt-vintage-front.png,https://medusa-public-images.s3.eu-west-1.amazonaws.com/sweatshirt-vintage-back.png
,forest-chino-shorts-098,Forest Chino Shorts,Forest / Cotton twill,Clean cotton shorts with a simple tailored shape. Color: Forest. Made from cotton twill. Designed for modern everyday outfits.,published,https://medusa-public-images.s3.eu-west-1.amazonaws.com/sweatshirt-vintage-front.png,300,32,32,5,6109,TR,,Cotton twill,,,,,clothing,TRUE,EXT-0098,,M,FORCHISHO098-M,8930000000981,FALSE,TRUE,312,32,32,5,6109,TR,,Cotton twill,33.5,40,Size,M,https://medusa-public-images.s3.eu-west-1.amazonaws.com/sweatshirt-vintage-front.png,https://medusa-public-images.s3.eu-west-1.amazonaws.com/sweatshirt-vintage-back.png
,forest-chino-shorts-098,Forest Chino Shorts,Forest / Cotton twill,Clean cotton shorts with a simple tailored shape. Color: Forest. Made from cotton twill. Designed for modern everyday outfits.,published,https://medusa-public-images.s3.eu-west-1.amazonaws.com/sweatshirt-vintage-front.png,300,32,32,5,6109,TR,,Cotton twill,,,,,clothing,TRUE,EXT-0098,,L,FORCHISHO098-L,8930000000982,FALSE,TRUE,324,32,32,5,6109,TR,,Cotton twill,35.0,42,Size,L,https://medusa-public-images.s3.eu-west-1.amazonaws.com/sweatshirt-vintage-front.png,https://medusa-public-images.s3.eu-west-1.amazonaws.com/sweatshirt-vintage-back.png
,forest-chino-shorts-098,Forest Chino Shorts,Forest / Cotton twill,Clean cotton shorts with a simple tailored shape. Color: Forest. Made from cotton twill. Designed for modern everyday outfits.,published,https://medusa-public-images.s3.eu-west-1.amazonaws.com/sweatshirt-vintage-front.png,300,32,32,5,6109,TR,,Cotton twill,,,,,clothing,TRUE,EXT-0098,,XL,FORCHISHO098-XL,8930000000983,FALSE,TRUE,336,32,32,5,6109,TR,,Cotton twill,36.5,44,Size,XL,https://medusa-public-images.s3.eu-west-1.amazonaws.com/sweatshirt-vintage-front.png,https://medusa-public-images.s3.eu-west-1.amazonaws.com/sweatshirt-vintage-back.png
,charcoal-rib-tank-099,Charcoal Rib Tank,Charcoal / Rib cotton,Sleeveless rib tank for warm weather layering. Color: Charcoal. Made from rib cotton. Designed for modern everyday outfits.,published,https://medusa-public-images.s3.eu-west-1.amazonaws.com/sweatpants-gray-front.png,220,33,33,6,6109,IT,,Rib cotton,,,,,clothing,TRUE,EXT-0099,,S,CHARIBTAN099-S,8930000000990,FALSE,TRUE,220,33,33,6,6109,IT,,Rib cotton,18.0,24,Size,S,https://medusa-public-images.s3.eu-west-1.amazonaws.com/sweatpants-gray-front.png,https://medusa-public-images.s3.eu-west-1.amazonaws.com/sweatpants-gray-back.png
,charcoal-rib-tank-099,Charcoal Rib Tank,Charcoal / Rib cotton,Sleeveless rib tank for warm weather layering. Color: Charcoal. Made from rib cotton. Designed for modern everyday outfits.,published,https://medusa-public-images.s3.eu-west-1.amazonaws.com/sweatpants-gray-front.png,220,33,33,6,6109,IT,,Rib cotton,,,,,clothing,TRUE,EXT-0099,,M,CHARIBTAN099-M,8930000000991,FALSE,TRUE,232,33,33,6,6109,IT,,Rib cotton,19.5,26,Size,M,https://medusa-public-images.s3.eu-west-1.amazonaws.com/sweatpants-gray-front.png,https://medusa-public-images.s3.eu-west-1.amazonaws.com/sweatpants-gray-back.png
,charcoal-rib-tank-099,Charcoal Rib Tank,Charcoal / Rib cotton,Sleeveless rib tank for warm weather layering. Color: Charcoal. Made from rib cotton. Designed for modern everyday outfits.,published,https://medusa-public-images.s3.eu-west-1.amazonaws.com/sweatpants-gray-front.png,220,33,33,6,6109,IT,,Rib cotton,,,,,clothing,TRUE,EXT-0099,,L,CHARIBTAN099-L,8930000000992,FALSE,TRUE,244,33,33,6,6109,IT,,Rib cotton,21.0,28,Size,L,https://medusa-public-images.s3.eu-west-1.amazonaws.com/sweatpants-gray-front.png,https://medusa-public-images.s3.eu-west-1.amazonaws.com/sweatpants-gray-back.png
,charcoal-rib-tank-099,Charcoal Rib Tank,Charcoal / Rib cotton,Sleeveless rib tank for warm weather layering. Color: Charcoal. Made from rib cotton. Designed for modern everyday outfits.,published,https://medusa-public-images.s3.eu-west-1.amazonaws.com/sweatpants-gray-front.png,220,33,33,6,6109,IT,,Rib cotton,,,,,clothing,TRUE,EXT-0099,,XL,CHARIBTAN099-XL,8930000000993,FALSE,TRUE,256,33,33,6,6109,IT,,Rib cotton,22.5,30,Size,XL,https://medusa-public-images.s3.eu-west-1.amazonaws.com/sweatpants-gray-front.png,https://medusa-public-images.s3.eu-west-1.amazonaws.com/sweatpants-gray-back.png
,cream-polo-shirt-100,Cream Polo Shirt,Cream / Pique cotton,Soft polo shirt with a structured collar. Color: Cream. Made from pique cotton. Designed for modern everyday outfits.,published,https://medusa-public-images.s3.eu-west-1.amazonaws.com/shorts-vintage-front.png,360,34,24,3,6109,DK,,Pique cotton,,,,,clothing,TRUE,EXT-0100,,S,CREPOLSHI100-S,8930000001000,FALSE,TRUE,360,34,24,3,6109,DK,,Pique cotton,35.0,42,Size,S,https://medusa-public-images.s3.eu-west-1.amazonaws.com/shorts-vintage-front.png,https://medusa-public-images.s3.eu-west-1.amazonaws.com/shorts-vintage-back.png
,cream-polo-shirt-100,Cream Polo Shirt,Cream / Pique cotton,Soft polo shirt with a structured collar. Color: Cream. Made from pique cotton. Designed for modern everyday outfits.,published,https://medusa-public-images.s3.eu-west-1.amazonaws.com/shorts-vintage-front.png,360,34,24,3,6109,DK,,Pique cotton,,,,,clothing,TRUE,EXT-0100,,M,CREPOLSHI100-M,8930000001001,FALSE,TRUE,372,34,24,3,6109,DK,,Pique cotton,36.5,44,Size,M,https://medusa-public-images.s3.eu-west-1.amazonaws.com/shorts-vintage-front.png,https://medusa-public-images.s3.eu-west-1.amazonaws.com/shorts-vintage-back.png
,cream-polo-shirt-100,Cream Polo Shirt,Cream / Pique cotton,Soft polo shirt with a structured collar. Color: Cream. Made from pique cotton. Designed for modern everyday outfits.,published,https://medusa-public-images.s3.eu-west-1.amazonaws.com/shorts-vintage-front.png,360,34,24,3,6109,DK,,Pique cotton,,,,,clothing,TRUE,EXT-0100,,L,CREPOLSHI100-L,8930000001002,FALSE,TRUE,384,34,24,3,6109,DK,,Pique cotton,38.0,46,Size,L,https://medusa-public-images.s3.eu-west-1.amazonaws.com/shorts-vintage-front.png,https://medusa-public-images.s3.eu-west-1.amazonaws.com/shorts-vintage-back.png
,cream-polo-shirt-100,Cream Polo Shirt,Cream / Pique cotton,Soft polo shirt with a structured collar. Color: Cream. Made from pique cotton. Designed for modern everyday outfits.,published,https://medusa-public-images.s3.eu-west-1.amazonaws.com/shorts-vintage-front.png,360,34,24,3,6109,DK,,Pique cotton,,,,,clothing,TRUE,EXT-0100,,XL,CREPOLSHI100-XL,8930000001003,FALSE,TRUE,396,34,24,3,6109,DK,,Pique cotton,39.5,48,Size,XL,https://medusa-public-images.s3.eu-west-1.amazonaws.com/shorts-vintage-front.png,https://medusa-public-images.s3.eu-west-1.amazonaws.com/shorts-vintage-back.png
